Data,Ora,price,date,datetime
01/01/2018,1,45.73,2018-01-01,2018-01-01T01:00:00.000000+0100
01/01/2018,2,44.16,2018-01-01,2018-01-01T02:00:00.000000+0100
01/01/2018,3,42.24,2018-01-01,2018-01-01T03:00:00.000000+0100
01/01/2018,4,39.29,2018-01-01,2018-01-01T04:00:00.000000+0100
01/01/2018,5,36.0,2018-01-01,2018-01-01T05:00:00.000000+0100
01/01/2018,6,41.99,2018-01-01,2018-01-01T06:00:00.000000+0100
01/01/2018,7,42.25,2018-01-01,2018-01-01T07:00:00.000000+0100
01/01/2018,8,44.97,2018-01-01,2018-01-01T08:00:00.000000+0100
01/01/2018,9,45.0,2018-01-01,2018-01-01T09:00:00.000000+0100
01/01/2018,10,44.94,2018-01-01,2018-01-01T10:00:00.000000+0100
01/01/2018,11,45.04,2018-01-01,2018-01-01T11:00:00.000000+0100
01/01/2018,12,46.67,2018-01-01,2018-01-01T12:00:00.000000+0100
01/01/2018,13,46.99,2018-01-01,2018-01-01T13:00:00.000000+0100
01/01/2018,14,44.16,2018-01-01,2018-01-01T14:00:00.000000+0100
01/01/2018,15,45.26,2018-01-01,2018-01-01T15:00:00.000000+0100
01/01/2018,16,47.84,2018-01-01,2018-01-01T16:00:00.000000+0100
01/01/2018,17,49.7,2018-01-01,2018-01-01T17:00:00.000000+0100
01/01/2018,18,54.3,2018-01-01,2018-01-01T18:00:00.000000+0100
01/01/2018,19,51.91,2018-01-01,2018-01-01T19:00:00.000000+0100
01/01/2018,20,51.38,2018-01-01,2018-01-01T20:00:00.000000+0100
01/01/2018,21,49.2,2018-01-01,2018-01-01T21:00:00.000000+0100
01/01/2018,22,45.73,2018-01-01,2018-01-01T22:00:00.000000+0100
01/01/2018,23,44.84,2018-01-01,2018-01-01T23:00:00.000000+0100
01/01/2018,24,38.11,2018-01-01,2018-01-02T00:00:00.000000+0100
02/01/2018,1,19.19,2018-01-02,2018-01-02T01:00:00.000000+0100
02/01/2018,2,14.99,2018-01-02,2018-01-02T02:00:00.000000+0100
02/01/2018,3,11.0,2018-01-02,2018-01-02T03:00:00.000000+0100
02/01/2018,4,10.0,2018-01-02,2018-01-02T04:00:00.000000+0100
02/01/2018,5,11.83,2018-01-02,2018-01-02T05:00:00.000000+0100
02/01/2018,6,14.99,2018-01-02,2018-01-02T06:00:00.000000+0100
02/01/2018,7,40.6,2018-01-02,2018-01-02T07:00:00.000000+0100
02/01/2018,8,46.99,2018-01-02,2018-01-02T08:00:00.000000+0100
02/01/2018,9,47.95,2018-01-02,2018-01-02T09:00:00.000000+0100
02/01/2018,10,49.9,2018-01-02,2018-01-02T10:00:00.000000+0100
02/01/2018,11,50.0,2018-01-02,2018-01-02T11:00:00.000000+0100
02/01/2018,12,49.7,2018-01-02,2018-01-02T12:00:00.000000+0100
02/01/2018,13,48.16,2018-01-02,2018-01-02T13:00:00.000000+0100
02/01/2018,14,47.24,2018-01-02,2018-01-02T14:00:00.000000+0100
02/01/2018,15,46.1,2018-01-02,2018-01-02T15:00:00.000000+0100
02/01/2018,16,47.6,2018-01-02,2018-01-02T16:00:00.000000+0100
02/01/2018,17,50.45,2018-01-02,2018-01-02T17:00:00.000000+0100
02/01/2018,18,54.9,2018-01-02,2018-01-02T18:00:00.000000+0100
02/01/2018,19,57.18,2018-01-02,2018-01-02T19:00:00.000000+0100
02/01/2018,20,54.9,2018-01-02,2018-01-02T20:00:00.000000+0100
02/01/2018,21,51.2,2018-01-02,2018-01-02T21:00:00.000000+0100
02/01/2018,22,48.82,2018-01-02,2018-01-02T22:00:00.000000+0100
02/01/2018,23,45.14,2018-01-02,2018-01-02T23:00:00.000000+0100
02/01/2018,24,40.09,2018-01-02,2018-01-03T00:00:00.000000+0100
03/01/2018,1,42.75,2018-01-03,2018-01-03T01:00:00.000000+0100
03/01/2018,2,35.02,2018-01-03,2018-01-03T02:00:00.000000+0100
03/01/2018,3,28.85,2018-01-03,2018-01-03T03:00:00.000000+0100
03/01/2018,4,28.0,2018-01-03,2018-01-03T04:00:00.000000+0100
03/01/2018,5,35.02,2018-01-03,2018-01-03T05:00:00.000000+0100
03/01/2018,6,44.49,2018-01-03,2018-01-03T06:00:00.000000+0100
03/01/2018,7,50.65,2018-01-03,2018-01-03T07:00:00.000000+0100
03/01/2018,8,67.0,2018-01-03,2018-01-03T08:00:00.000000+0100
03/01/2018,9,70.0,2018-01-03,2018-01-03T09:00:00.000000+0100
03/01/2018,10,68.0,2018-01-03,2018-01-03T10:00:00.000000+0100
03/01/2018,11,55.7,2018-01-03,2018-01-03T11:00:00.000000+0100
03/01/2018,12,53.3,2018-01-03,2018-01-03T12:00:00.000000+0100
03/01/2018,13,51.7,2018-01-03,2018-01-03T13:00:00.000000+0100
03/01/2018,14,49.7,2018-01-03,2018-01-03T14:00:00.000000+0100
03/01/2018,15,51.7,2018-01-03,2018-01-03T15:00:00.000000+0100
03/01/2018,16,53.71,2018-01-03,2018-01-03T16:00:00.000000+0100
03/01/2018,17,59.0,2018-01-03,2018-01-03T17:00:00.000000+0100
03/01/2018,18,70.0,2018-01-03,2018-01-03T18:00:00.000000+0100
03/01/2018,19,67.18,2018-01-03,2018-01-03T19:00:00.000000+0100
03/01/2018,20,62.6,2018-01-03,2018-01-03T20:00:00.000000+0100
03/01/2018,21,57.71,2018-01-03,2018-01-03T21:00:00.000000+0100
03/01/2018,22,53.3,2018-01-03,2018-01-03T22:00:00.000000+0100
03/01/2018,23,49.7,2018-01-03,2018-01-03T23:00:00.000000+0100
03/01/2018,24,44.15,2018-01-03,2018-01-04T00:00:00.000000+0100
04/01/2018,1,32.5,2018-01-04,2018-01-04T01:00:00.000000+0100
04/01/2018,2,23.23,2018-01-04,2018-01-04T02:00:00.000000+0100
04/01/2018,3,18.22,2018-01-04,2018-01-04T03:00:00.000000+0100
04/01/2018,4,17.3,2018-01-04,2018-01-04T04:00:00.000000+0100
04/01/2018,5,18.39,2018-01-04,2018-01-04T05:00:00.000000+0100
04/01/2018,6,33.67,2018-01-04,2018-01-04T06:00:00.000000+0100
04/01/2018,7,44.39,2018-01-04,2018-01-04T07:00:00.000000+0100
04/01/2018,8,49.78,2018-01-04,2018-01-04T08:00:00.000000+0100
04/01/2018,9,50.25,2018-01-04,2018-01-04T09:00:00.000000+0100
04/01/2018,10,50.8,2018-01-04,2018-01-04T10:00:00.000000+0100
04/01/2018,11,50.0,2018-01-04,2018-01-04T11:00:00.000000+0100
04/01/2018,12,49.78,2018-01-04,2018-01-04T12:00:00.000000+0100
04/01/2018,13,46.85,2018-01-04,2018-01-04T13:00:00.000000+0100
04/01/2018,14,46.5,2018-01-04,2018-01-04T14:00:00.000000+0100
04/01/2018,15,48.42,2018-01-04,2018-01-04T15:00:00.000000+0100
04/01/2018,16,50.57,2018-01-04,2018-01-04T16:00:00.000000+0100
04/01/2018,17,51.25,2018-01-04,2018-01-04T17:00:00.000000+0100
04/01/2018,18,55.0,2018-01-04,2018-01-04T18:00:00.000000+0100
04/01/2018,19,55.0,2018-01-04,2018-01-04T19:00:00.000000+0100
04/01/2018,20,54.1,2018-01-04,2018-01-04T20:00:00.000000+0100
04/01/2018,21,51.97,2018-01-04,2018-01-04T21:00:00.000000+0100
04/01/2018,22,47.97,2018-01-04,2018-01-04T22:00:00.000000+0100
04/01/2018,23,44.89,2018-01-04,2018-01-04T23:00:00.000000+0100
04/01/2018,24,37.1,2018-01-04,2018-01-05T00:00:00.000000+0100
05/01/2018,1,44.15,2018-01-05,2018-01-05T01:00:00.000000+0100
05/01/2018,2,39.8,2018-01-05,2018-01-05T02:00:00.000000+0100
05/01/2018,3,31.98,2018-01-05,2018-01-05T03:00:00.000000+0100
05/01/2018,4,30.12,2018-01-05,2018-01-05T04:00:00.000000+0100
05/01/2018,5,34.5,2018-01-05,2018-01-05T05:00:00.000000+0100
05/01/2018,6,40.7,2018-01-05,2018-01-05T06:00:00.000000+0100
05/01/2018,7,48.99,2018-01-05,2018-01-05T07:00:00.000000+0100
05/01/2018,8,55.35,2018-01-05,2018-01-05T08:00:00.000000+0100
05/01/2018,9,60.6,2018-01-05,2018-01-05T09:00:00.000000+0100
05/01/2018,10,57.5,2018-01-05,2018-01-05T10:00:00.000000+0100
05/01/2018,11,55.35,2018-01-05,2018-01-05T11:00:00.000000+0100
05/01/2018,12,51.54,2018-01-05,2018-01-05T12:00:00.000000+0100
05/01/2018,13,51.53,2018-01-05,2018-01-05T13:00:00.000000+0100
05/01/2018,14,50.21,2018-01-05,2018-01-05T14:00:00.000000+0100
05/01/2018,15,52.09,2018-01-05,2018-01-05T15:00:00.000000+0100
05/01/2018,16,55.35,2018-01-05,2018-01-05T16:00:00.000000+0100
05/01/2018,17,56.7,2018-01-05,2018-01-05T17:00:00.000000+0100
05/01/2018,18,72.2,2018-01-05,2018-01-05T18:00:00.000000+0100
05/01/2018,19,72.2,2018-01-05,2018-01-05T19:00:00.000000+0100
05/01/2018,20,69.41,2018-01-05,2018-01-05T20:00:00.000000+0100
05/01/2018,21,55.35,2018-01-05,2018-01-05T21:00:00.000000+0100
05/01/2018,22,51.55,2018-01-05,2018-01-05T22:00:00.000000+0100
05/01/2018,23,49.78,2018-01-05,2018-01-05T23:00:00.000000+0100
05/01/2018,24,46.07,2018-01-05,2018-01-06T00:00:00.000000+0100
06/01/2018,1,46.99,2018-01-06,2018-01-06T01:00:00.000000+0100
06/01/2018,2,46.01,2018-01-06,2018-01-06T02:00:00.000000+0100
06/01/2018,3,44.72,2018-01-06,2018-01-06T03:00:00.000000+0100
06/01/2018,4,44.08,2018-01-06,2018-01-06T04:00:00.000000+0100
06/01/2018,5,42.67,2018-01-06,2018-01-06T05:00:00.000000+0100
06/01/2018,6,30.0,2018-01-06,2018-01-06T06:00:00.000000+0100
06/01/2018,7,38.7,2018-01-06,2018-01-06T07:00:00.000000+0100
06/01/2018,8,45.0,2018-01-06,2018-01-06T08:00:00.000000+0100
06/01/2018,9,44.72,2018-01-06,2018-01-06T09:00:00.000000+0100
06/01/2018,10,46.8,2018-01-06,2018-01-06T10:00:00.000000+0100
06/01/2018,11,50.0,2018-01-06,2018-01-06T11:00:00.000000+0100
06/01/2018,12,50.22,2018-01-06,2018-01-06T12:00:00.000000+0100
06/01/2018,13,50.22,2018-01-06,2018-01-06T13:00:00.000000+0100
06/01/2018,14,49.41,2018-01-06,2018-01-06T14:00:00.000000+0100
06/01/2018,15,49.41,2018-01-06,2018-01-06T15:00:00.000000+0100
06/01/2018,16,49.78,2018-01-06,2018-01-06T16:00:00.000000+0100
06/01/2018,17,50.44,2018-01-06,2018-01-06T17:00:00.000000+0100
06/01/2018,18,56.85,2018-01-06,2018-01-06T18:00:00.000000+0100
06/01/2018,19,56.0,2018-01-06,2018-01-06T19:00:00.000000+0100
06/01/2018,20,53.48,2018-01-06,2018-01-06T20:00:00.000000+0100
06/01/2018,21,50.44,2018-01-06,2018-01-06T21:00:00.000000+0100
06/01/2018,22,49.78,2018-01-06,2018-01-06T22:00:00.000000+0100
06/01/2018,23,46.93,2018-01-06,2018-01-06T23:00:00.000000+0100
06/01/2018,24,44.89,2018-01-06,2018-01-07T00:00:00.000000+0100
07/01/2018,1,46.15,2018-01-07,2018-01-07T01:00:00.000000+0100
07/01/2018,2,40.0,2018-01-07,2018-01-07T02:00:00.000000+0100
07/01/2018,3,37.1,2018-01-07,2018-01-07T03:00:00.000000+0100
07/01/2018,4,32.0,2018-01-07,2018-01-07T04:00:00.000000+0100
07/01/2018,5,35.0,2018-01-07,2018-01-07T05:00:00.000000+0100
07/01/2018,6,27.1,2018-01-07,2018-01-07T06:00:00.000000+0100
07/01/2018,7,37.31,2018-01-07,2018-01-07T07:00:00.000000+0100
07/01/2018,8,44.04,2018-01-07,2018-01-07T08:00:00.000000+0100
07/01/2018,9,45.0,2018-01-07,2018-01-07T09:00:00.000000+0100
07/01/2018,10,46.55,2018-01-07,2018-01-07T10:00:00.000000+0100
07/01/2018,11,49.72,2018-01-07,2018-01-07T11:00:00.000000+0100
07/01/2018,12,49.41,2018-01-07,2018-01-07T12:00:00.000000+0100
07/01/2018,13,49.41,2018-01-07,2018-01-07T13:00:00.000000+0100
07/01/2018,14,47.6,2018-01-07,2018-01-07T14:00:00.000000+0100
07/01/2018,15,47.53,2018-01-07,2018-01-07T15:00:00.000000+0100
07/01/2018,16,49.41,2018-01-07,2018-01-07T16:00:00.000000+0100
07/01/2018,17,51.68,2018-01-07,2018-01-07T17:00:00.000000+0100
07/01/2018,18,54.84,2018-01-07,2018-01-07T18:00:00.000000+0100
07/01/2018,19,52.76,2018-01-07,2018-01-07T19:00:00.000000+0100
07/01/2018,20,52.76,2018-01-07,2018-01-07T20:00:00.000000+0100
07/01/2018,21,51.0,2018-01-07,2018-01-07T21:00:00.000000+0100
07/01/2018,22,49.41,2018-01-07,2018-01-07T22:00:00.000000+0100
07/01/2018,23,45.0,2018-01-07,2018-01-07T23:00:00.000000+0100
07/01/2018,24,41.5,2018-01-07,2018-01-08T00:00:00.000000+0100
08/01/2018,1,39.36,2018-01-08,2018-01-08T01:00:00.000000+0100
08/01/2018,2,28.7,2018-01-08,2018-01-08T02:00:00.000000+0100
08/01/2018,3,23.69,2018-01-08,2018-01-08T03:00:00.000000+0100
08/01/2018,4,20.99,2018-01-08,2018-01-08T04:00:00.000000+0100
08/01/2018,5,25.0,2018-01-08,2018-01-08T05:00:00.000000+0100
08/01/2018,6,30.88,2018-01-08,2018-01-08T06:00:00.000000+0100
08/01/2018,7,45.94,2018-01-08,2018-01-08T07:00:00.000000+0100
08/01/2018,8,50.0,2018-01-08,2018-01-08T08:00:00.000000+0100
08/01/2018,9,52.25,2018-01-08,2018-01-08T09:00:00.000000+0100
08/01/2018,10,52.25,2018-01-08,2018-01-08T10:00:00.000000+0100
08/01/2018,11,52.25,2018-01-08,2018-01-08T11:00:00.000000+0100
08/01/2018,12,52.3,2018-01-08,2018-01-08T12:00:00.000000+0100
08/01/2018,13,51.86,2018-01-08,2018-01-08T13:00:00.000000+0100
08/01/2018,14,51.86,2018-01-08,2018-01-08T14:00:00.000000+0100
08/01/2018,15,53.0,2018-01-08,2018-01-08T15:00:00.000000+0100
08/01/2018,16,53.0,2018-01-08,2018-01-08T16:00:00.000000+0100
08/01/2018,17,52.94,2018-01-08,2018-01-08T17:00:00.000000+0100
08/01/2018,18,55.0,2018-01-08,2018-01-08T18:00:00.000000+0100
08/01/2018,19,55.0,2018-01-08,2018-01-08T19:00:00.000000+0100
08/01/2018,20,52.93,2018-01-08,2018-01-08T20:00:00.000000+0100
08/01/2018,21,52.25,2018-01-08,2018-01-08T21:00:00.000000+0100
08/01/2018,22,50.62,2018-01-08,2018-01-08T22:00:00.000000+0100
08/01/2018,23,47.0,2018-01-08,2018-01-08T23:00:00.000000+0100
08/01/2018,24,45.19,2018-01-08,2018-01-09T00:00:00.000000+0100
09/01/2018,1,39.35,2018-01-09,2018-01-09T01:00:00.000000+0100
09/01/2018,2,36.4,2018-01-09,2018-01-09T02:00:00.000000+0100
09/01/2018,3,35.9,2018-01-09,2018-01-09T03:00:00.000000+0100
09/01/2018,4,34.0,2018-01-09,2018-01-09T04:00:00.000000+0100
09/01/2018,5,35.35,2018-01-09,2018-01-09T05:00:00.000000+0100
09/01/2018,6,38.9,2018-01-09,2018-01-09T06:00:00.000000+0100
09/01/2018,7,49.0,2018-01-09,2018-01-09T07:00:00.000000+0100
09/01/2018,8,55.9,2018-01-09,2018-01-09T08:00:00.000000+0100
09/01/2018,9,62.36,2018-01-09,2018-01-09T09:00:00.000000+0100
09/01/2018,10,68.75,2018-01-09,2018-01-09T10:00:00.000000+0100
09/01/2018,11,63.0,2018-01-09,2018-01-09T11:00:00.000000+0100
09/01/2018,12,63.3,2018-01-09,2018-01-09T12:00:00.000000+0100
09/01/2018,13,59.39,2018-01-09,2018-01-09T13:00:00.000000+0100
09/01/2018,14,59.39,2018-01-09,2018-01-09T14:00:00.000000+0100
09/01/2018,15,62.36,2018-01-09,2018-01-09T15:00:00.000000+0100
09/01/2018,16,70.3,2018-01-09,2018-01-09T16:00:00.000000+0100
09/01/2018,17,68.81,2018-01-09,2018-01-09T17:00:00.000000+0100
09/01/2018,18,73.3,2018-01-09,2018-01-09T18:00:00.000000+0100
09/01/2018,19,74.43,2018-01-09,2018-01-09T19:00:00.000000+0100
09/01/2018,20,69.0,2018-01-09,2018-01-09T20:00:00.000000+0100
09/01/2018,21,59.39,2018-01-09,2018-01-09T21:00:00.000000+0100
09/01/2018,22,52.48,2018-01-09,2018-01-09T22:00:00.000000+0100
09/01/2018,23,49.0,2018-01-09,2018-01-09T23:00:00.000000+0100
09/01/2018,24,45.98,2018-01-09,2018-01-10T00:00:00.000000+0100
10/01/2018,1,43.32,2018-01-10,2018-01-10T01:00:00.000000+0100
10/01/2018,2,38.0,2018-01-10,2018-01-10T02:00:00.000000+0100
10/01/2018,3,36.42,2018-01-10,2018-01-10T03:00:00.000000+0100
10/01/2018,4,36.0,2018-01-10,2018-01-10T04:00:00.000000+0100
10/01/2018,5,35.9,2018-01-10,2018-01-10T05:00:00.000000+0100
10/01/2018,6,40.43,2018-01-10,2018-01-10T06:00:00.000000+0100
10/01/2018,7,47.01,2018-01-10,2018-01-10T07:00:00.000000+0100
10/01/2018,8,51.79,2018-01-10,2018-01-10T08:00:00.000000+0100
10/01/2018,9,55.86,2018-01-10,2018-01-10T09:00:00.000000+0100
10/01/2018,10,58.58,2018-01-10,2018-01-10T10:00:00.000000+0100
10/01/2018,11,55.86,2018-01-10,2018-01-10T11:00:00.000000+0100
10/01/2018,12,53.79,2018-01-10,2018-01-10T12:00:00.000000+0100
10/01/2018,13,51.86,2018-01-10,2018-01-10T13:00:00.000000+0100
10/01/2018,14,51.75,2018-01-10,2018-01-10T14:00:00.000000+0100
10/01/2018,15,52.33,2018-01-10,2018-01-10T15:00:00.000000+0100
10/01/2018,16,54.75,2018-01-10,2018-01-10T16:00:00.000000+0100
10/01/2018,17,58.44,2018-01-10,2018-01-10T17:00:00.000000+0100
10/01/2018,18,63.99,2018-01-10,2018-01-10T18:00:00.000000+0100
10/01/2018,19,61.34,2018-01-10,2018-01-10T19:00:00.000000+0100
10/01/2018,20,58.58,2018-01-10,2018-01-10T20:00:00.000000+0100
10/01/2018,21,54.99,2018-01-10,2018-01-10T21:00:00.000000+0100
10/01/2018,22,52.33,2018-01-10,2018-01-10T22:00:00.000000+0100
10/01/2018,23,50.03,2018-01-10,2018-01-10T23:00:00.000000+0100
10/01/2018,24,45.5,2018-01-10,2018-01-11T00:00:00.000000+0100
11/01/2018,1,43.32,2018-01-11,2018-01-11T01:00:00.000000+0100
11/01/2018,2,39.0,2018-01-11,2018-01-11T02:00:00.000000+0100
11/01/2018,3,38.0,2018-01-11,2018-01-11T03:00:00.000000+0100
11/01/2018,4,38.2,2018-01-11,2018-01-11T04:00:00.000000+0100
11/01/2018,5,37.8,2018-01-11,2018-01-11T05:00:00.000000+0100
11/01/2018,6,40.71,2018-01-11,2018-01-11T06:00:00.000000+0100
11/01/2018,7,49.0,2018-01-11,2018-01-11T07:00:00.000000+0100
11/01/2018,8,53.78,2018-01-11,2018-01-11T08:00:00.000000+0100
11/01/2018,9,59.61,2018-01-11,2018-01-11T09:00:00.000000+0100
11/01/2018,10,59.02,2018-01-11,2018-01-11T10:00:00.000000+0100
11/01/2018,11,57.58,2018-01-11,2018-01-11T11:00:00.000000+0100
11/01/2018,12,57.45,2018-01-11,2018-01-11T12:00:00.000000+0100
11/01/2018,13,54.61,2018-01-11,2018-01-11T13:00:00.000000+0100
11/01/2018,14,54.83,2018-01-11,2018-01-11T14:00:00.000000+0100
11/01/2018,15,54.74,2018-01-11,2018-01-11T15:00:00.000000+0100
11/01/2018,16,61.27,2018-01-11,2018-01-11T16:00:00.000000+0100
11/01/2018,17,63.5,2018-01-11,2018-01-11T17:00:00.000000+0100
11/01/2018,18,72.44,2018-01-11,2018-01-11T18:00:00.000000+0100
11/01/2018,19,73.02,2018-01-11,2018-01-11T19:00:00.000000+0100
11/01/2018,20,68.92,2018-01-11,2018-01-11T20:00:00.000000+0100
11/01/2018,21,55.84,2018-01-11,2018-01-11T21:00:00.000000+0100
11/01/2018,22,50.33,2018-01-11,2018-01-11T22:00:00.000000+0100
11/01/2018,23,48.98,2018-01-11,2018-01-11T23:00:00.000000+0100
11/01/2018,24,44.69,2018-01-11,2018-01-12T00:00:00.000000+0100
12/01/2018,1,47.19,2018-01-12,2018-01-12T01:00:00.000000+0100
12/01/2018,2,44.26,2018-01-12,2018-01-12T02:00:00.000000+0100
12/01/2018,3,43.5,2018-01-12,2018-01-12T03:00:00.000000+0100
12/01/2018,4,39.16,2018-01-12,2018-01-12T04:00:00.000000+0100
12/01/2018,5,39.1,2018-01-12,2018-01-12T05:00:00.000000+0100
12/01/2018,6,41.89,2018-01-12,2018-01-12T06:00:00.000000+0100
12/01/2018,7,49.0,2018-01-12,2018-01-12T07:00:00.000000+0100
12/01/2018,8,52.24,2018-01-12,2018-01-12T08:00:00.000000+0100
12/01/2018,9,55.21,2018-01-12,2018-01-12T09:00:00.000000+0100
12/01/2018,10,56.02,2018-01-12,2018-01-12T10:00:00.000000+0100
12/01/2018,11,54.61,2018-01-12,2018-01-12T11:00:00.000000+0100
12/01/2018,12,53.17,2018-01-12,2018-01-12T12:00:00.000000+0100
12/01/2018,13,52.08,2018-01-12,2018-01-12T13:00:00.000000+0100
12/01/2018,14,51.41,2018-01-12,2018-01-12T14:00:00.000000+0100
12/01/2018,15,52.18,2018-01-12,2018-01-12T15:00:00.000000+0100
12/01/2018,16,52.28,2018-01-12,2018-01-12T16:00:00.000000+0100
12/01/2018,17,52.53,2018-01-12,2018-01-12T17:00:00.000000+0100
12/01/2018,18,54.84,2018-01-12,2018-01-12T18:00:00.000000+0100
12/01/2018,19,55.34,2018-01-12,2018-01-12T19:00:00.000000+0100
12/01/2018,20,54.53,2018-01-12,2018-01-12T20:00:00.000000+0100
12/01/2018,21,52.0,2018-01-12,2018-01-12T21:00:00.000000+0100
12/01/2018,22,50.0,2018-01-12,2018-01-12T22:00:00.000000+0100
12/01/2018,23,45.15,2018-01-12,2018-01-12T23:00:00.000000+0100
12/01/2018,24,43.57,2018-01-12,2018-01-13T00:00:00.000000+0100
13/01/2018,1,44.59,2018-01-13,2018-01-13T01:00:00.000000+0100
13/01/2018,2,42.25,2018-01-13,2018-01-13T02:00:00.000000+0100
13/01/2018,3,36.11,2018-01-13,2018-01-13T03:00:00.000000+0100
13/01/2018,4,33.8,2018-01-13,2018-01-13T04:00:00.000000+0100
13/01/2018,5,32.55,2018-01-13,2018-01-13T05:00:00.000000+0100
13/01/2018,6,32.55,2018-01-13,2018-01-13T06:00:00.000000+0100
13/01/2018,7,43.56,2018-01-13,2018-01-13T07:00:00.000000+0100
13/01/2018,8,52.1,2018-01-13,2018-01-13T08:00:00.000000+0100
13/01/2018,9,52.93,2018-01-13,2018-01-13T09:00:00.000000+0100
13/01/2018,10,53.29,2018-01-13,2018-01-13T10:00:00.000000+0100
13/01/2018,11,52.51,2018-01-13,2018-01-13T11:00:00.000000+0100
13/01/2018,12,47.73,2018-01-13,2018-01-13T12:00:00.000000+0100
13/01/2018,13,44.7,2018-01-13,2018-01-13T13:00:00.000000+0100
13/01/2018,14,43.78,2018-01-13,2018-01-13T14:00:00.000000+0100
13/01/2018,15,45.0,2018-01-13,2018-01-13T15:00:00.000000+0100
13/01/2018,16,48.73,2018-01-13,2018-01-13T16:00:00.000000+0100
13/01/2018,17,52.83,2018-01-13,2018-01-13T17:00:00.000000+0100
13/01/2018,18,60.0,2018-01-13,2018-01-13T18:00:00.000000+0100
13/01/2018,19,60.0,2018-01-13,2018-01-13T19:00:00.000000+0100
13/01/2018,20,56.34,2018-01-13,2018-01-13T20:00:00.000000+0100
13/01/2018,21,52.76,2018-01-13,2018-01-13T21:00:00.000000+0100
13/01/2018,22,50.5,2018-01-13,2018-01-13T22:00:00.000000+0100
13/01/2018,23,46.66,2018-01-13,2018-01-13T23:00:00.000000+0100
13/01/2018,24,44.1,2018-01-13,2018-01-14T00:00:00.000000+0100
14/01/2018,1,42.04,2018-01-14,2018-01-14T01:00:00.000000+0100
14/01/2018,2,36.07,2018-01-14,2018-01-14T02:00:00.000000+0100
14/01/2018,3,35.02,2018-01-14,2018-01-14T03:00:00.000000+0100
14/01/2018,4,33.18,2018-01-14,2018-01-14T04:00:00.000000+0100
14/01/2018,5,32.81,2018-01-14,2018-01-14T05:00:00.000000+0100
14/01/2018,6,32.55,2018-01-14,2018-01-14T06:00:00.000000+0100
14/01/2018,7,36.1,2018-01-14,2018-01-14T07:00:00.000000+0100
14/01/2018,8,43.56,2018-01-14,2018-01-14T08:00:00.000000+0100
14/01/2018,9,45.92,2018-01-14,2018-01-14T09:00:00.000000+0100
14/01/2018,10,47.93,2018-01-14,2018-01-14T10:00:00.000000+0100
14/01/2018,11,51.5,2018-01-14,2018-01-14T11:00:00.000000+0100
14/01/2018,12,51.03,2018-01-14,2018-01-14T12:00:00.000000+0100
14/01/2018,13,51.03,2018-01-14,2018-01-14T13:00:00.000000+0100
14/01/2018,14,48.73,2018-01-14,2018-01-14T14:00:00.000000+0100
14/01/2018,15,49.13,2018-01-14,2018-01-14T15:00:00.000000+0100
14/01/2018,16,51.1,2018-01-14,2018-01-14T16:00:00.000000+0100
14/01/2018,17,55.33,2018-01-14,2018-01-14T17:00:00.000000+0100
14/01/2018,18,61.0,2018-01-14,2018-01-14T18:00:00.000000+0100
14/01/2018,19,62.5,2018-01-14,2018-01-14T19:00:00.000000+0100
14/01/2018,20,58.84,2018-01-14,2018-01-14T20:00:00.000000+0100
14/01/2018,21,58.32,2018-01-14,2018-01-14T21:00:00.000000+0100
14/01/2018,22,53.0,2018-01-14,2018-01-14T22:00:00.000000+0100
14/01/2018,23,48.73,2018-01-14,2018-01-14T23:00:00.000000+0100
14/01/2018,24,43.65,2018-01-14,2018-01-15T00:00:00.000000+0100
15/01/2018,1,42.0,2018-01-15,2018-01-15T01:00:00.000000+0100
15/01/2018,2,35.15,2018-01-15,2018-01-15T02:00:00.000000+0100
15/01/2018,3,32.55,2018-01-15,2018-01-15T03:00:00.000000+0100
15/01/2018,4,32.78,2018-01-15,2018-01-15T04:00:00.000000+0100
15/01/2018,5,32.55,2018-01-15,2018-01-15T05:00:00.000000+0100
15/01/2018,6,36.1,2018-01-15,2018-01-15T06:00:00.000000+0100
15/01/2018,7,48.36,2018-01-15,2018-01-15T07:00:00.000000+0100
15/01/2018,8,54.19,2018-01-15,2018-01-15T08:00:00.000000+0100
15/01/2018,9,61.35,2018-01-15,2018-01-15T09:00:00.000000+0100
15/01/2018,10,56.0,2018-01-15,2018-01-15T10:00:00.000000+0100
15/01/2018,11,54.59,2018-01-15,2018-01-15T11:00:00.000000+0100
15/01/2018,12,53.77,2018-01-15,2018-01-15T12:00:00.000000+0100
15/01/2018,13,51.65,2018-01-15,2018-01-15T13:00:00.000000+0100
15/01/2018,14,51.4,2018-01-15,2018-01-15T14:00:00.000000+0100
15/01/2018,15,53.77,2018-01-15,2018-01-15T15:00:00.000000+0100
15/01/2018,16,56.33,2018-01-15,2018-01-15T16:00:00.000000+0100
15/01/2018,17,61.35,2018-01-15,2018-01-15T17:00:00.000000+0100
15/01/2018,18,65.0,2018-01-15,2018-01-15T18:00:00.000000+0100
15/01/2018,19,60.0,2018-01-15,2018-01-15T19:00:00.000000+0100
15/01/2018,20,56.69,2018-01-15,2018-01-15T20:00:00.000000+0100
15/01/2018,21,54.0,2018-01-15,2018-01-15T21:00:00.000000+0100
15/01/2018,22,52.65,2018-01-15,2018-01-15T22:00:00.000000+0100
15/01/2018,23,51.6,2018-01-15,2018-01-15T23:00:00.000000+0100
15/01/2018,24,47.27,2018-01-15,2018-01-16T00:00:00.000000+0100
16/01/2018,1,44.81,2018-01-16,2018-01-16T01:00:00.000000+0100
16/01/2018,2,42.65,2018-01-16,2018-01-16T02:00:00.000000+0100
16/01/2018,3,37.0,2018-01-16,2018-01-16T03:00:00.000000+0100
16/01/2018,4,32.01,2018-01-16,2018-01-16T04:00:00.000000+0100
16/01/2018,5,32.01,2018-01-16,2018-01-16T05:00:00.000000+0100
16/01/2018,6,40.0,2018-01-16,2018-01-16T06:00:00.000000+0100
16/01/2018,7,47.1,2018-01-16,2018-01-16T07:00:00.000000+0100
16/01/2018,8,51.0,2018-01-16,2018-01-16T08:00:00.000000+0100
16/01/2018,9,66.01,2018-01-16,2018-01-16T09:00:00.000000+0100
16/01/2018,10,68.0,2018-01-16,2018-01-16T10:00:00.000000+0100
16/01/2018,11,66.0,2018-01-16,2018-01-16T11:00:00.000000+0100
16/01/2018,12,59.15,2018-01-16,2018-01-16T12:00:00.000000+0100
16/01/2018,13,54.8,2018-01-16,2018-01-16T13:00:00.000000+0100
16/01/2018,14,54.69,2018-01-16,2018-01-16T14:00:00.000000+0100
16/01/2018,15,58.04,2018-01-16,2018-01-16T15:00:00.000000+0100
16/01/2018,16,60.0,2018-01-16,2018-01-16T16:00:00.000000+0100
16/01/2018,17,58.04,2018-01-16,2018-01-16T17:00:00.000000+0100
16/01/2018,18,58.04,2018-01-16,2018-01-16T18:00:00.000000+0100
16/01/2018,19,55.69,2018-01-16,2018-01-16T19:00:00.000000+0100
16/01/2018,20,54.37,2018-01-16,2018-01-16T20:00:00.000000+0100
16/01/2018,21,51.58,2018-01-16,2018-01-16T21:00:00.000000+0100
16/01/2018,22,49.4,2018-01-16,2018-01-16T22:00:00.000000+0100
16/01/2018,23,44.23,2018-01-16,2018-01-16T23:00:00.000000+0100
16/01/2018,24,43.2,2018-01-16,2018-01-17T00:00:00.000000+0100
17/01/2018,1,38.12,2018-01-17,2018-01-17T01:00:00.000000+0100
17/01/2018,2,34.2,2018-01-17,2018-01-17T02:00:00.000000+0100
17/01/2018,3,31.0,2018-01-17,2018-01-17T03:00:00.000000+0100
17/01/2018,4,29.81,2018-01-17,2018-01-17T04:00:00.000000+0100
17/01/2018,5,31.0,2018-01-17,2018-01-17T05:00:00.000000+0100
17/01/2018,6,40.0,2018-01-17,2018-01-17T06:00:00.000000+0100
17/01/2018,7,49.16,2018-01-17,2018-01-17T07:00:00.000000+0100
17/01/2018,8,50.19,2018-01-17,2018-01-17T08:00:00.000000+0100
17/01/2018,9,55.0,2018-01-17,2018-01-17T09:00:00.000000+0100
17/01/2018,10,52.88,2018-01-17,2018-01-17T10:00:00.000000+0100
17/01/2018,11,52.5,2018-01-17,2018-01-17T11:00:00.000000+0100
17/01/2018,12,51.65,2018-01-17,2018-01-17T12:00:00.000000+0100
17/01/2018,13,49.8,2018-01-17,2018-01-17T13:00:00.000000+0100
17/01/2018,14,50.0,2018-01-17,2018-01-17T14:00:00.000000+0100
17/01/2018,15,51.0,2018-01-17,2018-01-17T15:00:00.000000+0100
17/01/2018,16,51.65,2018-01-17,2018-01-17T16:00:00.000000+0100
17/01/2018,17,53.05,2018-01-17,2018-01-17T17:00:00.000000+0100
17/01/2018,18,59.72,2018-01-17,2018-01-17T18:00:00.000000+0100
17/01/2018,19,56.53,2018-01-17,2018-01-17T19:00:00.000000+0100
17/01/2018,20,55.35,2018-01-17,2018-01-17T20:00:00.000000+0100
17/01/2018,21,50.0,2018-01-17,2018-01-17T21:00:00.000000+0100
17/01/2018,22,48.8,2018-01-17,2018-01-17T22:00:00.000000+0100
17/01/2018,23,45.14,2018-01-17,2018-01-17T23:00:00.000000+0100
17/01/2018,24,43.5,2018-01-17,2018-01-18T00:00:00.000000+0100
18/01/2018,1,43.56,2018-01-18,2018-01-18T01:00:00.000000+0100
18/01/2018,2,40.2,2018-01-18,2018-01-18T02:00:00.000000+0100
18/01/2018,3,39.0,2018-01-18,2018-01-18T03:00:00.000000+0100
18/01/2018,4,37.27,2018-01-18,2018-01-18T04:00:00.000000+0100
18/01/2018,5,39.0,2018-01-18,2018-01-18T05:00:00.000000+0100
18/01/2018,6,43.46,2018-01-18,2018-01-18T06:00:00.000000+0100
18/01/2018,7,49.0,2018-01-18,2018-01-18T07:00:00.000000+0100
18/01/2018,8,54.84,2018-01-18,2018-01-18T08:00:00.000000+0100
18/01/2018,9,60.42,2018-01-18,2018-01-18T09:00:00.000000+0100
18/01/2018,10,55.98,2018-01-18,2018-01-18T10:00:00.000000+0100
18/01/2018,11,53.56,2018-01-18,2018-01-18T11:00:00.000000+0100
18/01/2018,12,51.65,2018-01-18,2018-01-18T12:00:00.000000+0100
18/01/2018,13,49.0,2018-01-18,2018-01-18T13:00:00.000000+0100
18/01/2018,14,48.0,2018-01-18,2018-01-18T14:00:00.000000+0100
18/01/2018,15,50.8,2018-01-18,2018-01-18T15:00:00.000000+0100
18/01/2018,16,50.77,2018-01-18,2018-01-18T16:00:00.000000+0100
18/01/2018,17,52.56,2018-01-18,2018-01-18T17:00:00.000000+0100
18/01/2018,18,55.61,2018-01-18,2018-01-18T18:00:00.000000+0100
18/01/2018,19,52.69,2018-01-18,2018-01-18T19:00:00.000000+0100
18/01/2018,20,51.34,2018-01-18,2018-01-18T20:00:00.000000+0100
18/01/2018,21,48.86,2018-01-18,2018-01-18T21:00:00.000000+0100
18/01/2018,22,46.78,2018-01-18,2018-01-18T22:00:00.000000+0100
18/01/2018,23,44.46,2018-01-18,2018-01-18T23:00:00.000000+0100
18/01/2018,24,43.46,2018-01-18,2018-01-19T00:00:00.000000+0100
19/01/2018,1,43.56,2018-01-19,2018-01-19T01:00:00.000000+0100
19/01/2018,2,38.32,2018-01-19,2018-01-19T02:00:00.000000+0100
19/01/2018,3,33.46,2018-01-19,2018-01-19T03:00:00.000000+0100
19/01/2018,4,34.3,2018-01-19,2018-01-19T04:00:00.000000+0100
19/01/2018,5,33.3,2018-01-19,2018-01-19T05:00:00.000000+0100
19/01/2018,6,38.33,2018-01-19,2018-01-19T06:00:00.000000+0100
19/01/2018,7,44.07,2018-01-19,2018-01-19T07:00:00.000000+0100
19/01/2018,8,53.76,2018-01-19,2018-01-19T08:00:00.000000+0100
19/01/2018,9,62.82,2018-01-19,2018-01-19T09:00:00.000000+0100
19/01/2018,10,58.05,2018-01-19,2018-01-19T10:00:00.000000+0100
19/01/2018,11,56.25,2018-01-19,2018-01-19T11:00:00.000000+0100
19/01/2018,12,56.14,2018-01-19,2018-01-19T12:00:00.000000+0100
19/01/2018,13,48.87,2018-01-19,2018-01-19T13:00:00.000000+0100
19/01/2018,14,48.8,2018-01-19,2018-01-19T14:00:00.000000+0100
19/01/2018,15,50.9,2018-01-19,2018-01-19T15:00:00.000000+0100
19/01/2018,16,54.94,2018-01-19,2018-01-19T16:00:00.000000+0100
19/01/2018,17,57.42,2018-01-19,2018-01-19T17:00:00.000000+0100
19/01/2018,18,66.36,2018-01-19,2018-01-19T18:00:00.000000+0100
19/01/2018,19,66.36,2018-01-19,2018-01-19T19:00:00.000000+0100
19/01/2018,20,62.56,2018-01-19,2018-01-19T20:00:00.000000+0100
19/01/2018,21,53.3,2018-01-19,2018-01-19T21:00:00.000000+0100
19/01/2018,22,48.8,2018-01-19,2018-01-19T22:00:00.000000+0100
19/01/2018,23,46.78,2018-01-19,2018-01-19T23:00:00.000000+0100
19/01/2018,24,43.56,2018-01-19,2018-01-20T00:00:00.000000+0100
20/01/2018,1,43.03,2018-01-20,2018-01-20T01:00:00.000000+0100
20/01/2018,2,42.58,2018-01-20,2018-01-20T02:00:00.000000+0100
20/01/2018,3,41.72,2018-01-20,2018-01-20T03:00:00.000000+0100
20/01/2018,4,41.77,2018-01-20,2018-01-20T04:00:00.000000+0100
20/01/2018,5,41.31,2018-01-20,2018-01-20T05:00:00.000000+0100
20/01/2018,6,41.5,2018-01-20,2018-01-20T06:00:00.000000+0100
20/01/2018,7,48.27,2018-01-20,2018-01-20T07:00:00.000000+0100
20/01/2018,8,50.61,2018-01-20,2018-01-20T08:00:00.000000+0100
20/01/2018,9,55.71,2018-01-20,2018-01-20T09:00:00.000000+0100
20/01/2018,10,53.34,2018-01-20,2018-01-20T10:00:00.000000+0100
20/01/2018,11,50.41,2018-01-20,2018-01-20T11:00:00.000000+0100
20/01/2018,12,47.0,2018-01-20,2018-01-20T12:00:00.000000+0100
20/01/2018,13,45.48,2018-01-20,2018-01-20T13:00:00.000000+0100
20/01/2018,14,44.75,2018-01-20,2018-01-20T14:00:00.000000+0100
20/01/2018,15,45.57,2018-01-20,2018-01-20T15:00:00.000000+0100
20/01/2018,16,48.71,2018-01-20,2018-01-20T16:00:00.000000+0100
20/01/2018,17,50.6,2018-01-20,2018-01-20T17:00:00.000000+0100
20/01/2018,18,67.8,2018-01-20,2018-01-20T18:00:00.000000+0100
20/01/2018,19,66.98,2018-01-20,2018-01-20T19:00:00.000000+0100
20/01/2018,20,66.99,2018-01-20,2018-01-20T20:00:00.000000+0100
20/01/2018,21,53.34,2018-01-20,2018-01-20T21:00:00.000000+0100
20/01/2018,22,50.1,2018-01-20,2018-01-20T22:00:00.000000+0100
20/01/2018,23,45.01,2018-01-20,2018-01-20T23:00:00.000000+0100
20/01/2018,24,41.85,2018-01-20,2018-01-21T00:00:00.000000+0100
21/01/2018,1,38.75,2018-01-21,2018-01-21T01:00:00.000000+0100
21/01/2018,2,34.99,2018-01-21,2018-01-21T02:00:00.000000+0100
21/01/2018,3,30.0,2018-01-21,2018-01-21T03:00:00.000000+0100
21/01/2018,4,27.71,2018-01-21,2018-01-21T04:00:00.000000+0100
21/01/2018,5,25.56,2018-01-21,2018-01-21T05:00:00.000000+0100
21/01/2018,6,27.68,2018-01-21,2018-01-21T06:00:00.000000+0100
21/01/2018,7,28.47,2018-01-21,2018-01-21T07:00:00.000000+0100
21/01/2018,8,32.56,2018-01-21,2018-01-21T08:00:00.000000+0100
21/01/2018,9,36.13,2018-01-21,2018-01-21T09:00:00.000000+0100
21/01/2018,10,44.0,2018-01-21,2018-01-21T10:00:00.000000+0100
21/01/2018,11,46.4,2018-01-21,2018-01-21T11:00:00.000000+0100
21/01/2018,12,45.54,2018-01-21,2018-01-21T12:00:00.000000+0100
21/01/2018,13,43.13,2018-01-21,2018-01-21T13:00:00.000000+0100
21/01/2018,14,37.77,2018-01-21,2018-01-21T14:00:00.000000+0100
21/01/2018,15,38.74,2018-01-21,2018-01-21T15:00:00.000000+0100
21/01/2018,16,43.43,2018-01-21,2018-01-21T16:00:00.000000+0100
21/01/2018,17,48.15,2018-01-21,2018-01-21T17:00:00.000000+0100
21/01/2018,18,53.34,2018-01-21,2018-01-21T18:00:00.000000+0100
21/01/2018,19,51.9,2018-01-21,2018-01-21T19:00:00.000000+0100
21/01/2018,20,53.34,2018-01-21,2018-01-21T20:00:00.000000+0100
21/01/2018,21,50.41,2018-01-21,2018-01-21T21:00:00.000000+0100
21/01/2018,22,49.91,2018-01-21,2018-01-21T22:00:00.000000+0100
21/01/2018,23,45.08,2018-01-21,2018-01-21T23:00:00.000000+0100
21/01/2018,24,37.0,2018-01-21,2018-01-22T00:00:00.000000+0100
22/01/2018,1,27.06,2018-01-22,2018-01-22T01:00:00.000000+0100
22/01/2018,2,20.0,2018-01-22,2018-01-22T02:00:00.000000+0100
22/01/2018,3,16.22,2018-01-22,2018-01-22T03:00:00.000000+0100
22/01/2018,4,12.88,2018-01-22,2018-01-22T04:00:00.000000+0100
22/01/2018,5,15.84,2018-01-22,2018-01-22T05:00:00.000000+0100
22/01/2018,6,33.0,2018-01-22,2018-01-22T06:00:00.000000+0100
22/01/2018,7,44.65,2018-01-22,2018-01-22T07:00:00.000000+0100
22/01/2018,8,48.15,2018-01-22,2018-01-22T08:00:00.000000+0100
22/01/2018,9,51.68,2018-01-22,2018-01-22T09:00:00.000000+0100
22/01/2018,10,50.39,2018-01-22,2018-01-22T10:00:00.000000+0100
22/01/2018,11,48.95,2018-01-22,2018-01-22T11:00:00.000000+0100
22/01/2018,12,48.39,2018-01-22,2018-01-22T12:00:00.000000+0100
22/01/2018,13,47.0,2018-01-22,2018-01-22T13:00:00.000000+0100
22/01/2018,14,47.39,2018-01-22,2018-01-22T14:00:00.000000+0100
22/01/2018,15,48.95,2018-01-22,2018-01-22T15:00:00.000000+0100
22/01/2018,16,50.2,2018-01-22,2018-01-22T16:00:00.000000+0100
22/01/2018,17,55.69,2018-01-22,2018-01-22T17:00:00.000000+0100
22/01/2018,18,66.98,2018-01-22,2018-01-22T18:00:00.000000+0100
22/01/2018,19,67.0,2018-01-22,2018-01-22T19:00:00.000000+0100
22/01/2018,20,57.32,2018-01-22,2018-01-22T20:00:00.000000+0100
22/01/2018,21,50.94,2018-01-22,2018-01-22T21:00:00.000000+0100
22/01/2018,22,49.91,2018-01-22,2018-01-22T22:00:00.000000+0100
22/01/2018,23,47.1,2018-01-22,2018-01-22T23:00:00.000000+0100
22/01/2018,24,44.65,2018-01-22,2018-01-23T00:00:00.000000+0100
23/01/2018,1,47.0,2018-01-23,2018-01-23T01:00:00.000000+0100
23/01/2018,2,43.76,2018-01-23,2018-01-23T02:00:00.000000+0100
23/01/2018,3,43.23,2018-01-23,2018-01-23T03:00:00.000000+0100
23/01/2018,4,43.28,2018-01-23,2018-01-23T04:00:00.000000+0100
23/01/2018,5,43.16,2018-01-23,2018-01-23T05:00:00.000000+0100
23/01/2018,6,44.06,2018-01-23,2018-01-23T06:00:00.000000+0100
23/01/2018,7,52.62,2018-01-23,2018-01-23T07:00:00.000000+0100
23/01/2018,8,66.13,2018-01-23,2018-01-23T08:00:00.000000+0100
23/01/2018,9,72.59,2018-01-23,2018-01-23T09:00:00.000000+0100
23/01/2018,10,64.17,2018-01-23,2018-01-23T10:00:00.000000+0100
23/01/2018,11,52.55,2018-01-23,2018-01-23T11:00:00.000000+0100
23/01/2018,12,48.91,2018-01-23,2018-01-23T12:00:00.000000+0100
23/01/2018,13,45.9,2018-01-23,2018-01-23T13:00:00.000000+0100
23/01/2018,14,45.8,2018-01-23,2018-01-23T14:00:00.000000+0100
23/01/2018,15,46.44,2018-01-23,2018-01-23T15:00:00.000000+0100
23/01/2018,16,48.15,2018-01-23,2018-01-23T16:00:00.000000+0100
23/01/2018,17,52.55,2018-01-23,2018-01-23T17:00:00.000000+0100
23/01/2018,18,59.38,2018-01-23,2018-01-23T18:00:00.000000+0100
23/01/2018,19,58.0,2018-01-23,2018-01-23T19:00:00.000000+0100
23/01/2018,20,54.99,2018-01-23,2018-01-23T20:00:00.000000+0100
23/01/2018,21,50.19,2018-01-23,2018-01-23T21:00:00.000000+0100
23/01/2018,22,47.09,2018-01-23,2018-01-23T22:00:00.000000+0100
23/01/2018,23,47.0,2018-01-23,2018-01-23T23:00:00.000000+0100
23/01/2018,24,43.28,2018-01-23,2018-01-24T00:00:00.000000+0100
24/01/2018,1,44.66,2018-01-24,2018-01-24T01:00:00.000000+0100
24/01/2018,2,41.96,2018-01-24,2018-01-24T02:00:00.000000+0100
24/01/2018,3,39.5,2018-01-24,2018-01-24T03:00:00.000000+0100
24/01/2018,4,40.0,2018-01-24,2018-01-24T04:00:00.000000+0100
24/01/2018,5,40.0,2018-01-24,2018-01-24T05:00:00.000000+0100
24/01/2018,6,42.73,2018-01-24,2018-01-24T06:00:00.000000+0100
24/01/2018,7,49.08,2018-01-24,2018-01-24T07:00:00.000000+0100
24/01/2018,8,50.32,2018-01-24,2018-01-24T08:00:00.000000+0100
24/01/2018,9,61.66,2018-01-24,2018-01-24T09:00:00.000000+0100
24/01/2018,10,51.88,2018-01-24,2018-01-24T10:00:00.000000+0100
24/01/2018,11,48.6,2018-01-24,2018-01-24T11:00:00.000000+0100
24/01/2018,12,46.45,2018-01-24,2018-01-24T12:00:00.000000+0100
24/01/2018,13,46.36,2018-01-24,2018-01-24T13:00:00.000000+0100
24/01/2018,14,45.2,2018-01-24,2018-01-24T14:00:00.000000+0100
24/01/2018,15,48.49,2018-01-24,2018-01-24T15:00:00.000000+0100
24/01/2018,16,50.31,2018-01-24,2018-01-24T16:00:00.000000+0100
24/01/2018,17,61.66,2018-01-24,2018-01-24T17:00:00.000000+0100
24/01/2018,18,72.87,2018-01-24,2018-01-24T18:00:00.000000+0100
24/01/2018,19,72.87,2018-01-24,2018-01-24T19:00:00.000000+0100
24/01/2018,20,70.83,2018-01-24,2018-01-24T20:00:00.000000+0100
24/01/2018,21,54.82,2018-01-24,2018-01-24T21:00:00.000000+0100
24/01/2018,22,49.65,2018-01-24,2018-01-24T22:00:00.000000+0100
24/01/2018,23,49.21,2018-01-24,2018-01-24T23:00:00.000000+0100
24/01/2018,24,46.89,2018-01-24,2018-01-25T00:00:00.000000+0100
25/01/2018,1,47.26,2018-01-25,2018-01-25T01:00:00.000000+0100
25/01/2018,2,44.8,2018-01-25,2018-01-25T02:00:00.000000+0100
25/01/2018,3,43.28,2018-01-25,2018-01-25T03:00:00.000000+0100
25/01/2018,4,42.86,2018-01-25,2018-01-25T04:00:00.000000+0100
25/01/2018,5,43.01,2018-01-25,2018-01-25T05:00:00.000000+0100
25/01/2018,6,44.67,2018-01-25,2018-01-25T06:00:00.000000+0100
25/01/2018,7,50.82,2018-01-25,2018-01-25T07:00:00.000000+0100
25/01/2018,8,58.98,2018-01-25,2018-01-25T08:00:00.000000+0100
25/01/2018,9,71.54,2018-01-25,2018-01-25T09:00:00.000000+0100
25/01/2018,10,67.0,2018-01-25,2018-01-25T10:00:00.000000+0100
25/01/2018,11,51.57,2018-01-25,2018-01-25T11:00:00.000000+0100
25/01/2018,12,51.06,2018-01-25,2018-01-25T12:00:00.000000+0100
25/01/2018,13,49.47,2018-01-25,2018-01-25T13:00:00.000000+0100
25/01/2018,14,49.09,2018-01-25,2018-01-25T14:00:00.000000+0100
25/01/2018,15,50.57,2018-01-25,2018-01-25T15:00:00.000000+0100
25/01/2018,16,51.56,2018-01-25,2018-01-25T16:00:00.000000+0100
25/01/2018,17,58.0,2018-01-25,2018-01-25T17:00:00.000000+0100
25/01/2018,18,72.59,2018-01-25,2018-01-25T18:00:00.000000+0100
25/01/2018,19,71.23,2018-01-25,2018-01-25T19:00:00.000000+0100
25/01/2018,20,65.0,2018-01-25,2018-01-25T20:00:00.000000+0100
25/01/2018,21,51.22,2018-01-25,2018-01-25T21:00:00.000000+0100
25/01/2018,22,48.66,2018-01-25,2018-01-25T22:00:00.000000+0100
25/01/2018,23,46.87,2018-01-25,2018-01-25T23:00:00.000000+0100
25/01/2018,24,44.01,2018-01-25,2018-01-26T00:00:00.000000+0100
26/01/2018,1,46.24,2018-01-26,2018-01-26T01:00:00.000000+0100
26/01/2018,2,43.39,2018-01-26,2018-01-26T02:00:00.000000+0100
26/01/2018,3,42.63,2018-01-26,2018-01-26T03:00:00.000000+0100
26/01/2018,4,41.04,2018-01-26,2018-01-26T04:00:00.000000+0100
26/01/2018,5,42.23,2018-01-26,2018-01-26T05:00:00.000000+0100
26/01/2018,6,43.01,2018-01-26,2018-01-26T06:00:00.000000+0100
26/01/2018,7,47.3,2018-01-26,2018-01-26T07:00:00.000000+0100
26/01/2018,8,51.27,2018-01-26,2018-01-26T08:00:00.000000+0100
26/01/2018,9,57.1,2018-01-26,2018-01-26T09:00:00.000000+0100
26/01/2018,10,54.52,2018-01-26,2018-01-26T10:00:00.000000+0100
26/01/2018,11,54.02,2018-01-26,2018-01-26T11:00:00.000000+0100
26/01/2018,12,50.5,2018-01-26,2018-01-26T12:00:00.000000+0100
26/01/2018,13,50.23,2018-01-26,2018-01-26T13:00:00.000000+0100
26/01/2018,14,49.2,2018-01-26,2018-01-26T14:00:00.000000+0100
26/01/2018,15,48.96,2018-01-26,2018-01-26T15:00:00.000000+0100
26/01/2018,16,50.5,2018-01-26,2018-01-26T16:00:00.000000+0100
26/01/2018,17,53.86,2018-01-26,2018-01-26T17:00:00.000000+0100
26/01/2018,18,65.0,2018-01-26,2018-01-26T18:00:00.000000+0100
26/01/2018,19,64.18,2018-01-26,2018-01-26T19:00:00.000000+0100
26/01/2018,20,57.34,2018-01-26,2018-01-26T20:00:00.000000+0100
26/01/2018,21,50.5,2018-01-26,2018-01-26T21:00:00.000000+0100
26/01/2018,22,48.32,2018-01-26,2018-01-26T22:00:00.000000+0100
26/01/2018,23,46.92,2018-01-26,2018-01-26T23:00:00.000000+0100
26/01/2018,24,43.99,2018-01-26,2018-01-27T00:00:00.000000+0100
27/01/2018,1,46.96,2018-01-27,2018-01-27T01:00:00.000000+0100
27/01/2018,2,45.2,2018-01-27,2018-01-27T02:00:00.000000+0100
27/01/2018,3,42.33,2018-01-27,2018-01-27T03:00:00.000000+0100
27/01/2018,4,41.35,2018-01-27,2018-01-27T04:00:00.000000+0100
27/01/2018,5,41.35,2018-01-27,2018-01-27T05:00:00.000000+0100
27/01/2018,6,41.66,2018-01-27,2018-01-27T06:00:00.000000+0100
27/01/2018,7,46.0,2018-01-27,2018-01-27T07:00:00.000000+0100
27/01/2018,8,49.93,2018-01-27,2018-01-27T08:00:00.000000+0100
27/01/2018,9,49.99,2018-01-27,2018-01-27T09:00:00.000000+0100
27/01/2018,10,50.0,2018-01-27,2018-01-27T10:00:00.000000+0100
27/01/2018,11,49.79,2018-01-27,2018-01-27T11:00:00.000000+0100
27/01/2018,12,46.73,2018-01-27,2018-01-27T12:00:00.000000+0100
27/01/2018,13,43.93,2018-01-27,2018-01-27T13:00:00.000000+0100
27/01/2018,14,42.9,2018-01-27,2018-01-27T14:00:00.000000+0100
27/01/2018,15,43.46,2018-01-27,2018-01-27T15:00:00.000000+0100
27/01/2018,16,45.29,2018-01-27,2018-01-27T16:00:00.000000+0100
27/01/2018,17,47.3,2018-01-27,2018-01-27T17:00:00.000000+0100
27/01/2018,18,50.03,2018-01-27,2018-01-27T18:00:00.000000+0100
27/01/2018,19,51.67,2018-01-27,2018-01-27T19:00:00.000000+0100
27/01/2018,20,52.26,2018-01-27,2018-01-27T20:00:00.000000+0100
27/01/2018,21,50.04,2018-01-27,2018-01-27T21:00:00.000000+0100
27/01/2018,22,47.1,2018-01-27,2018-01-27T22:00:00.000000+0100
27/01/2018,23,44.8,2018-01-27,2018-01-27T23:00:00.000000+0100
27/01/2018,24,42.33,2018-01-27,2018-01-28T00:00:00.000000+0100
28/01/2018,1,46.04,2018-01-28,2018-01-28T01:00:00.000000+0100
28/01/2018,2,43.66,2018-01-28,2018-01-28T02:00:00.000000+0100
28/01/2018,3,42.06,2018-01-28,2018-01-28T03:00:00.000000+0100
28/01/2018,4,41.25,2018-01-28,2018-01-28T04:00:00.000000+0100
28/01/2018,5,38.69,2018-01-28,2018-01-28T05:00:00.000000+0100
28/01/2018,6,40.7,2018-01-28,2018-01-28T06:00:00.000000+0100
28/01/2018,7,42.31,2018-01-28,2018-01-28T07:00:00.000000+0100
28/01/2018,8,43.46,2018-01-28,2018-01-28T08:00:00.000000+0100
28/01/2018,9,43.99,2018-01-28,2018-01-28T09:00:00.000000+0100
28/01/2018,10,45.42,2018-01-28,2018-01-28T10:00:00.000000+0100
28/01/2018,11,45.4,2018-01-28,2018-01-28T11:00:00.000000+0100
28/01/2018,12,44.61,2018-01-28,2018-01-28T12:00:00.000000+0100
28/01/2018,13,43.46,2018-01-28,2018-01-28T13:00:00.000000+0100
28/01/2018,14,42.62,2018-01-28,2018-01-28T14:00:00.000000+0100
28/01/2018,15,42.97,2018-01-28,2018-01-28T15:00:00.000000+0100
28/01/2018,16,43.55,2018-01-28,2018-01-28T16:00:00.000000+0100
28/01/2018,17,46.64,2018-01-28,2018-01-28T17:00:00.000000+0100
28/01/2018,18,47.78,2018-01-28,2018-01-28T18:00:00.000000+0100
28/01/2018,19,53.14,2018-01-28,2018-01-28T19:00:00.000000+0100
28/01/2018,20,57.06,2018-01-28,2018-01-28T20:00:00.000000+0100
28/01/2018,21,51.7,2018-01-28,2018-01-28T21:00:00.000000+0100
28/01/2018,22,49.93,2018-01-28,2018-01-28T22:00:00.000000+0100
28/01/2018,23,47.45,2018-01-28,2018-01-28T23:00:00.000000+0100
28/01/2018,24,43.46,2018-01-28,2018-01-29T00:00:00.000000+0100
29/01/2018,1,40.4,2018-01-29,2018-01-29T01:00:00.000000+0100
29/01/2018,2,37.39,2018-01-29,2018-01-29T02:00:00.000000+0100
29/01/2018,3,36.6,2018-01-29,2018-01-29T03:00:00.000000+0100
29/01/2018,4,35.0,2018-01-29,2018-01-29T04:00:00.000000+0100
29/01/2018,5,36.6,2018-01-29,2018-01-29T05:00:00.000000+0100
29/01/2018,6,41.29,2018-01-29,2018-01-29T06:00:00.000000+0100
29/01/2018,7,49.69,2018-01-29,2018-01-29T07:00:00.000000+0100
29/01/2018,8,55.74,2018-01-29,2018-01-29T08:00:00.000000+0100
29/01/2018,9,56.55,2018-01-29,2018-01-29T09:00:00.000000+0100
29/01/2018,10,55.0,2018-01-29,2018-01-29T10:00:00.000000+0100
29/01/2018,11,51.6,2018-01-29,2018-01-29T11:00:00.000000+0100
29/01/2018,12,49.71,2018-01-29,2018-01-29T12:00:00.000000+0100
29/01/2018,13,47.46,2018-01-29,2018-01-29T13:00:00.000000+0100
29/01/2018,14,48.0,2018-01-29,2018-01-29T14:00:00.000000+0100
29/01/2018,15,49.24,2018-01-29,2018-01-29T15:00:00.000000+0100
29/01/2018,16,51.8,2018-01-29,2018-01-29T16:00:00.000000+0100
29/01/2018,17,55.78,2018-01-29,2018-01-29T17:00:00.000000+0100
29/01/2018,18,60.14,2018-01-29,2018-01-29T18:00:00.000000+0100
29/01/2018,19,62.7,2018-01-29,2018-01-29T19:00:00.000000+0100
29/01/2018,20,55.79,2018-01-29,2018-01-29T20:00:00.000000+0100
29/01/2018,21,52.18,2018-01-29,2018-01-29T21:00:00.000000+0100
29/01/2018,22,49.24,2018-01-29,2018-01-29T22:00:00.000000+0100
29/01/2018,23,49.0,2018-01-29,2018-01-29T23:00:00.000000+0100
29/01/2018,24,45.5,2018-01-29,2018-01-30T00:00:00.000000+0100
30/01/2018,1,43.43,2018-01-30,2018-01-30T01:00:00.000000+0100
30/01/2018,2,40.06,2018-01-30,2018-01-30T02:00:00.000000+0100
30/01/2018,3,37.7,2018-01-30,2018-01-30T03:00:00.000000+0100
30/01/2018,4,36.07,2018-01-30,2018-01-30T04:00:00.000000+0100
30/01/2018,5,36.07,2018-01-30,2018-01-30T05:00:00.000000+0100
30/01/2018,6,39.3,2018-01-30,2018-01-30T06:00:00.000000+0100
30/01/2018,7,45.96,2018-01-30,2018-01-30T07:00:00.000000+0100
30/01/2018,8,49.0,2018-01-30,2018-01-30T08:00:00.000000+0100
30/01/2018,9,51.98,2018-01-30,2018-01-30T09:00:00.000000+0100
30/01/2018,10,52.7,2018-01-30,2018-01-30T10:00:00.000000+0100
30/01/2018,11,49.5,2018-01-30,2018-01-30T11:00:00.000000+0100
30/01/2018,12,48.79,2018-01-30,2018-01-30T12:00:00.000000+0100
30/01/2018,13,46.57,2018-01-30,2018-01-30T13:00:00.000000+0100
30/01/2018,14,46.75,2018-01-30,2018-01-30T14:00:00.000000+0100
30/01/2018,15,48.26,2018-01-30,2018-01-30T15:00:00.000000+0100
30/01/2018,16,48.9,2018-01-30,2018-01-30T16:00:00.000000+0100
30/01/2018,17,52.88,2018-01-30,2018-01-30T17:00:00.000000+0100
30/01/2018,18,55.62,2018-01-30,2018-01-30T18:00:00.000000+0100
30/01/2018,19,57.97,2018-01-30,2018-01-30T19:00:00.000000+0100
30/01/2018,20,53.78,2018-01-30,2018-01-30T20:00:00.000000+0100
30/01/2018,21,48.8,2018-01-30,2018-01-30T21:00:00.000000+0100
30/01/2018,22,46.75,2018-01-30,2018-01-30T22:00:00.000000+0100
30/01/2018,23,45.0,2018-01-30,2018-01-30T23:00:00.000000+0100
30/01/2018,24,44.0,2018-01-30,2018-01-31T00:00:00.000000+0100
31/01/2018,1,45.15,2018-01-31,2018-01-31T01:00:00.000000+0100
31/01/2018,2,42.9,2018-01-31,2018-01-31T02:00:00.000000+0100
31/01/2018,3,43.94,2018-01-31,2018-01-31T03:00:00.000000+0100
31/01/2018,4,43.94,2018-01-31,2018-01-31T04:00:00.000000+0100
31/01/2018,5,45.15,2018-01-31,2018-01-31T05:00:00.000000+0100
31/01/2018,6,45.6,2018-01-31,2018-01-31T06:00:00.000000+0100
31/01/2018,7,48.53,2018-01-31,2018-01-31T07:00:00.000000+0100
31/01/2018,8,55.39,2018-01-31,2018-01-31T08:00:00.000000+0100
31/01/2018,9,60.86,2018-01-31,2018-01-31T09:00:00.000000+0100
31/01/2018,10,60.86,2018-01-31,2018-01-31T10:00:00.000000+0100
31/01/2018,11,54.69,2018-01-31,2018-01-31T11:00:00.000000+0100
31/01/2018,12,50.88,2018-01-31,2018-01-31T12:00:00.000000+0100
31/01/2018,13,48.0,2018-01-31,2018-01-31T13:00:00.000000+0100
31/01/2018,14,48.0,2018-01-31,2018-01-31T14:00:00.000000+0100
31/01/2018,15,48.95,2018-01-31,2018-01-31T15:00:00.000000+0100
31/01/2018,16,49.28,2018-01-31,2018-01-31T16:00:00.000000+0100
31/01/2018,17,57.0,2018-01-31,2018-01-31T17:00:00.000000+0100
31/01/2018,18,61.56,2018-01-31,2018-01-31T18:00:00.000000+0100
31/01/2018,19,60.0,2018-01-31,2018-01-31T19:00:00.000000+0100
31/01/2018,20,54.0,2018-01-31,2018-01-31T20:00:00.000000+0100
31/01/2018,21,49.5,2018-01-31,2018-01-31T21:00:00.000000+0100
31/01/2018,22,47.8,2018-01-31,2018-01-31T22:00:00.000000+0100
31/01/2018,23,45.45,2018-01-31,2018-01-31T23:00:00.000000+0100
31/01/2018,24,43.88,2018-01-31,2018-02-01T00:00:00.000000+0100
01/02/2018,1,43.05,2018-02-01,2018-02-01T01:00:00.000000+0100
01/02/2018,2,39.85,2018-02-01,2018-02-01T02:00:00.000000+0100
01/02/2018,3,37.33,2018-02-01,2018-02-01T03:00:00.000000+0100
01/02/2018,4,37.5,2018-02-01,2018-02-01T04:00:00.000000+0100
01/02/2018,5,37.9,2018-02-01,2018-02-01T05:00:00.000000+0100
01/02/2018,6,40.16,2018-02-01,2018-02-01T06:00:00.000000+0100
01/02/2018,7,46.45,2018-02-01,2018-02-01T07:00:00.000000+0100
01/02/2018,8,51.0,2018-02-01,2018-02-01T08:00:00.000000+0100
01/02/2018,9,52.23,2018-02-01,2018-02-01T09:00:00.000000+0100
01/02/2018,10,50.05,2018-02-01,2018-02-01T10:00:00.000000+0100
01/02/2018,11,50.61,2018-02-01,2018-02-01T11:00:00.000000+0100
01/02/2018,12,49.7,2018-02-01,2018-02-01T12:00:00.000000+0100
01/02/2018,13,47.18,2018-02-01,2018-02-01T13:00:00.000000+0100
01/02/2018,14,43.99,2018-02-01,2018-02-01T14:00:00.000000+0100
01/02/2018,15,49.58,2018-02-01,2018-02-01T15:00:00.000000+0100
01/02/2018,16,49.71,2018-02-01,2018-02-01T16:00:00.000000+0100
01/02/2018,17,50.23,2018-02-01,2018-02-01T17:00:00.000000+0100
01/02/2018,18,52.94,2018-02-01,2018-02-01T18:00:00.000000+0100
01/02/2018,19,53.89,2018-02-01,2018-02-01T19:00:00.000000+0100
01/02/2018,20,52.46,2018-02-01,2018-02-01T20:00:00.000000+0100
01/02/2018,21,49.11,2018-02-01,2018-02-01T21:00:00.000000+0100
01/02/2018,22,47.05,2018-02-01,2018-02-01T22:00:00.000000+0100
01/02/2018,23,44.77,2018-02-01,2018-02-01T23:00:00.000000+0100
01/02/2018,24,43.05,2018-02-01,2018-02-02T00:00:00.000000+0100
02/02/2018,1,41.04,2018-02-02,2018-02-02T01:00:00.000000+0100
02/02/2018,2,38.89,2018-02-02,2018-02-02T02:00:00.000000+0100
02/02/2018,3,37.6,2018-02-02,2018-02-02T03:00:00.000000+0100
02/02/2018,4,33.35,2018-02-02,2018-02-02T04:00:00.000000+0100
02/02/2018,5,37.6,2018-02-02,2018-02-02T05:00:00.000000+0100
02/02/2018,6,40.49,2018-02-02,2018-02-02T06:00:00.000000+0100
02/02/2018,7,44.64,2018-02-02,2018-02-02T07:00:00.000000+0100
02/02/2018,8,53.0,2018-02-02,2018-02-02T08:00:00.000000+0100
02/02/2018,9,56.61,2018-02-02,2018-02-02T09:00:00.000000+0100
02/02/2018,10,58.45,2018-02-02,2018-02-02T10:00:00.000000+0100
02/02/2018,11,58.23,2018-02-02,2018-02-02T11:00:00.000000+0100
02/02/2018,12,58.23,2018-02-02,2018-02-02T12:00:00.000000+0100
02/02/2018,13,52.4,2018-02-02,2018-02-02T13:00:00.000000+0100
02/02/2018,14,51.76,2018-02-02,2018-02-02T14:00:00.000000+0100
02/02/2018,15,54.0,2018-02-02,2018-02-02T15:00:00.000000+0100
02/02/2018,16,53.15,2018-02-02,2018-02-02T16:00:00.000000+0100
02/02/2018,17,52.78,2018-02-02,2018-02-02T17:00:00.000000+0100
02/02/2018,18,55.56,2018-02-02,2018-02-02T18:00:00.000000+0100
02/02/2018,19,56.69,2018-02-02,2018-02-02T19:00:00.000000+0100
02/02/2018,20,55.56,2018-02-02,2018-02-02T20:00:00.000000+0100
02/02/2018,21,51.25,2018-02-02,2018-02-02T21:00:00.000000+0100
02/02/2018,22,46.36,2018-02-02,2018-02-02T22:00:00.000000+0100
02/02/2018,23,44.47,2018-02-02,2018-02-02T23:00:00.000000+0100
02/02/2018,24,42.44,2018-02-02,2018-02-03T00:00:00.000000+0100
03/02/2018,1,42.7,2018-02-03,2018-02-03T01:00:00.000000+0100
03/02/2018,2,40.54,2018-02-03,2018-02-03T02:00:00.000000+0100
03/02/2018,3,36.54,2018-02-03,2018-02-03T03:00:00.000000+0100
03/02/2018,4,35.02,2018-02-03,2018-02-03T04:00:00.000000+0100
03/02/2018,5,33.73,2018-02-03,2018-02-03T05:00:00.000000+0100
03/02/2018,6,34.31,2018-02-03,2018-02-03T06:00:00.000000+0100
03/02/2018,7,42.01,2018-02-03,2018-02-03T07:00:00.000000+0100
03/02/2018,8,47.46,2018-02-03,2018-02-03T08:00:00.000000+0100
03/02/2018,9,48.9,2018-02-03,2018-02-03T09:00:00.000000+0100
03/02/2018,10,49.82,2018-02-03,2018-02-03T10:00:00.000000+0100
03/02/2018,11,49.83,2018-02-03,2018-02-03T11:00:00.000000+0100
03/02/2018,12,48.5,2018-02-03,2018-02-03T12:00:00.000000+0100
03/02/2018,13,46.31,2018-02-03,2018-02-03T13:00:00.000000+0100
03/02/2018,14,43.72,2018-02-03,2018-02-03T14:00:00.000000+0100
03/02/2018,15,43.1,2018-02-03,2018-02-03T15:00:00.000000+0100
03/02/2018,16,44.1,2018-02-03,2018-02-03T16:00:00.000000+0100
03/02/2018,17,46.94,2018-02-03,2018-02-03T17:00:00.000000+0100
03/02/2018,18,49.33,2018-02-03,2018-02-03T18:00:00.000000+0100
03/02/2018,19,50.54,2018-02-03,2018-02-03T19:00:00.000000+0100
03/02/2018,20,52.06,2018-02-03,2018-02-03T20:00:00.000000+0100
03/02/2018,21,49.0,2018-02-03,2018-02-03T21:00:00.000000+0100
03/02/2018,22,46.35,2018-02-03,2018-02-03T22:00:00.000000+0100
03/02/2018,23,43.75,2018-02-03,2018-02-03T23:00:00.000000+0100
03/02/2018,24,41.4,2018-02-03,2018-02-04T00:00:00.000000+0100
04/02/2018,1,41.45,2018-02-04,2018-02-04T01:00:00.000000+0100
04/02/2018,2,37.1,2018-02-04,2018-02-04T02:00:00.000000+0100
04/02/2018,3,35.99,2018-02-04,2018-02-04T03:00:00.000000+0100
04/02/2018,4,31.87,2018-02-04,2018-02-04T04:00:00.000000+0100
04/02/2018,5,31.81,2018-02-04,2018-02-04T05:00:00.000000+0100
04/02/2018,6,31.81,2018-02-04,2018-02-04T06:00:00.000000+0100
04/02/2018,7,34.52,2018-02-04,2018-02-04T07:00:00.000000+0100
04/02/2018,8,38.57,2018-02-04,2018-02-04T08:00:00.000000+0100
04/02/2018,9,41.0,2018-02-04,2018-02-04T09:00:00.000000+0100
04/02/2018,10,43.31,2018-02-04,2018-02-04T10:00:00.000000+0100
04/02/2018,11,43.9,2018-02-04,2018-02-04T11:00:00.000000+0100
04/02/2018,12,43.84,2018-02-04,2018-02-04T12:00:00.000000+0100
04/02/2018,13,43.46,2018-02-04,2018-02-04T13:00:00.000000+0100
04/02/2018,14,42.33,2018-02-04,2018-02-04T14:00:00.000000+0100
04/02/2018,15,43.46,2018-02-04,2018-02-04T15:00:00.000000+0100
04/02/2018,16,45.83,2018-02-04,2018-02-04T16:00:00.000000+0100
04/02/2018,17,50.23,2018-02-04,2018-02-04T17:00:00.000000+0100
04/02/2018,18,55.31,2018-02-04,2018-02-04T18:00:00.000000+0100
04/02/2018,19,56.76,2018-02-04,2018-02-04T19:00:00.000000+0100
04/02/2018,20,63.0,2018-02-04,2018-02-04T20:00:00.000000+0100
04/02/2018,21,56.76,2018-02-04,2018-02-04T21:00:00.000000+0100
04/02/2018,22,55.31,2018-02-04,2018-02-04T22:00:00.000000+0100
04/02/2018,23,49.6,2018-02-04,2018-02-04T23:00:00.000000+0100
04/02/2018,24,45.0,2018-02-04,2018-02-05T00:00:00.000000+0100
05/02/2018,1,42.94,2018-02-05,2018-02-05T01:00:00.000000+0100
05/02/2018,2,40.88,2018-02-05,2018-02-05T02:00:00.000000+0100
05/02/2018,3,37.98,2018-02-05,2018-02-05T03:00:00.000000+0100
05/02/2018,4,38.94,2018-02-05,2018-02-05T04:00:00.000000+0100
05/02/2018,5,39.77,2018-02-05,2018-02-05T05:00:00.000000+0100
05/02/2018,6,42.43,2018-02-05,2018-02-05T06:00:00.000000+0100
05/02/2018,7,49.0,2018-02-05,2018-02-05T07:00:00.000000+0100
05/02/2018,8,54.46,2018-02-05,2018-02-05T08:00:00.000000+0100
05/02/2018,9,58.06,2018-02-05,2018-02-05T09:00:00.000000+0100
05/02/2018,10,57.12,2018-02-05,2018-02-05T10:00:00.000000+0100
05/02/2018,11,54.04,2018-02-05,2018-02-05T11:00:00.000000+0100
05/02/2018,12,51.99,2018-02-05,2018-02-05T12:00:00.000000+0100
05/02/2018,13,50.44,2018-02-05,2018-02-05T13:00:00.000000+0100
05/02/2018,14,50.63,2018-02-05,2018-02-05T14:00:00.000000+0100
05/02/2018,15,51.6,2018-02-05,2018-02-05T15:00:00.000000+0100
05/02/2018,16,51.96,2018-02-05,2018-02-05T16:00:00.000000+0100
05/02/2018,17,53.98,2018-02-05,2018-02-05T17:00:00.000000+0100
05/02/2018,18,56.93,2018-02-05,2018-02-05T18:00:00.000000+0100
05/02/2018,19,58.99,2018-02-05,2018-02-05T19:00:00.000000+0100
05/02/2018,20,55.41,2018-02-05,2018-02-05T20:00:00.000000+0100
05/02/2018,21,51.99,2018-02-05,2018-02-05T21:00:00.000000+0100
05/02/2018,22,49.0,2018-02-05,2018-02-05T22:00:00.000000+0100
05/02/2018,23,49.0,2018-02-05,2018-02-05T23:00:00.000000+0100
05/02/2018,24,44.6,2018-02-05,2018-02-06T00:00:00.000000+0100
06/02/2018,1,46.0,2018-02-06,2018-02-06T01:00:00.000000+0100
06/02/2018,2,43.3,2018-02-06,2018-02-06T02:00:00.000000+0100
06/02/2018,3,42.98,2018-02-06,2018-02-06T03:00:00.000000+0100
06/02/2018,4,42.91,2018-02-06,2018-02-06T04:00:00.000000+0100
06/02/2018,5,42.52,2018-02-06,2018-02-06T05:00:00.000000+0100
06/02/2018,6,45.5,2018-02-06,2018-02-06T06:00:00.000000+0100
06/02/2018,7,49.5,2018-02-06,2018-02-06T07:00:00.000000+0100
06/02/2018,8,56.77,2018-02-06,2018-02-06T08:00:00.000000+0100
06/02/2018,9,62.51,2018-02-06,2018-02-06T09:00:00.000000+0100
06/02/2018,10,62.09,2018-02-06,2018-02-06T10:00:00.000000+0100
06/02/2018,11,60.07,2018-02-06,2018-02-06T11:00:00.000000+0100
06/02/2018,12,58.39,2018-02-06,2018-02-06T12:00:00.000000+0100
06/02/2018,13,55.06,2018-02-06,2018-02-06T13:00:00.000000+0100
06/02/2018,14,54.1,2018-02-06,2018-02-06T14:00:00.000000+0100
06/02/2018,15,54.02,2018-02-06,2018-02-06T15:00:00.000000+0100
06/02/2018,16,52.2,2018-02-06,2018-02-06T16:00:00.000000+0100
06/02/2018,17,55.95,2018-02-06,2018-02-06T17:00:00.000000+0100
06/02/2018,18,60.21,2018-02-06,2018-02-06T18:00:00.000000+0100
06/02/2018,19,65.5,2018-02-06,2018-02-06T19:00:00.000000+0100
06/02/2018,20,62.36,2018-02-06,2018-02-06T20:00:00.000000+0100
06/02/2018,21,56.77,2018-02-06,2018-02-06T21:00:00.000000+0100
06/02/2018,22,48.91,2018-02-06,2018-02-06T22:00:00.000000+0100
06/02/2018,23,48.1,2018-02-06,2018-02-06T23:00:00.000000+0100
06/02/2018,24,44.7,2018-02-06,2018-02-07T00:00:00.000000+0100
07/02/2018,1,43.3,2018-02-07,2018-02-07T01:00:00.000000+0100
07/02/2018,2,39.97,2018-02-07,2018-02-07T02:00:00.000000+0100
07/02/2018,3,39.8,2018-02-07,2018-02-07T03:00:00.000000+0100
07/02/2018,4,41.26,2018-02-07,2018-02-07T04:00:00.000000+0100
07/02/2018,5,41.2,2018-02-07,2018-02-07T05:00:00.000000+0100
07/02/2018,6,42.78,2018-02-07,2018-02-07T06:00:00.000000+0100
07/02/2018,7,49.35,2018-02-07,2018-02-07T07:00:00.000000+0100
07/02/2018,8,59.06,2018-02-07,2018-02-07T08:00:00.000000+0100
07/02/2018,9,61.76,2018-02-07,2018-02-07T09:00:00.000000+0100
07/02/2018,10,61.66,2018-02-07,2018-02-07T10:00:00.000000+0100
07/02/2018,11,58.29,2018-02-07,2018-02-07T11:00:00.000000+0100
07/02/2018,12,56.38,2018-02-07,2018-02-07T12:00:00.000000+0100
07/02/2018,13,52.46,2018-02-07,2018-02-07T13:00:00.000000+0100
07/02/2018,14,52.22,2018-02-07,2018-02-07T14:00:00.000000+0100
07/02/2018,15,52.42,2018-02-07,2018-02-07T15:00:00.000000+0100
07/02/2018,16,53.0,2018-02-07,2018-02-07T16:00:00.000000+0100
07/02/2018,17,56.94,2018-02-07,2018-02-07T17:00:00.000000+0100
07/02/2018,18,60.19,2018-02-07,2018-02-07T18:00:00.000000+0100
07/02/2018,19,65.13,2018-02-07,2018-02-07T19:00:00.000000+0100
07/02/2018,20,65.62,2018-02-07,2018-02-07T20:00:00.000000+0100
07/02/2018,21,53.0,2018-02-07,2018-02-07T21:00:00.000000+0100
07/02/2018,22,49.58,2018-02-07,2018-02-07T22:00:00.000000+0100
07/02/2018,23,48.03,2018-02-07,2018-02-07T23:00:00.000000+0100
07/02/2018,24,45.74,2018-02-07,2018-02-08T00:00:00.000000+0100
08/02/2018,1,46.16,2018-02-08,2018-02-08T01:00:00.000000+0100
08/02/2018,2,43.66,2018-02-08,2018-02-08T02:00:00.000000+0100
08/02/2018,3,42.0,2018-02-08,2018-02-08T03:00:00.000000+0100
08/02/2018,4,43.2,2018-02-08,2018-02-08T04:00:00.000000+0100
08/02/2018,5,42.24,2018-02-08,2018-02-08T05:00:00.000000+0100
08/02/2018,6,45.02,2018-02-08,2018-02-08T06:00:00.000000+0100
08/02/2018,7,49.05,2018-02-08,2018-02-08T07:00:00.000000+0100
08/02/2018,8,62.34,2018-02-08,2018-02-08T08:00:00.000000+0100
08/02/2018,9,67.66,2018-02-08,2018-02-08T09:00:00.000000+0100
08/02/2018,10,67.45,2018-02-08,2018-02-08T10:00:00.000000+0100
08/02/2018,11,67.18,2018-02-08,2018-02-08T11:00:00.000000+0100
08/02/2018,12,59.79,2018-02-08,2018-02-08T12:00:00.000000+0100
08/02/2018,13,47.79,2018-02-08,2018-02-08T13:00:00.000000+0100
08/02/2018,14,51.17,2018-02-08,2018-02-08T14:00:00.000000+0100
08/02/2018,15,51.48,2018-02-08,2018-02-08T15:00:00.000000+0100
08/02/2018,16,53.0,2018-02-08,2018-02-08T16:00:00.000000+0100
08/02/2018,17,56.48,2018-02-08,2018-02-08T17:00:00.000000+0100
08/02/2018,18,64.36,2018-02-08,2018-02-08T18:00:00.000000+0100
08/02/2018,19,71.19,2018-02-08,2018-02-08T19:00:00.000000+0100
08/02/2018,20,71.04,2018-02-08,2018-02-08T20:00:00.000000+0100
08/02/2018,21,58.82,2018-02-08,2018-02-08T21:00:00.000000+0100
08/02/2018,22,51.7,2018-02-08,2018-02-08T22:00:00.000000+0100
08/02/2018,23,51.13,2018-02-08,2018-02-08T23:00:00.000000+0100
08/02/2018,24,47.35,2018-02-08,2018-02-09T00:00:00.000000+0100
09/02/2018,1,47.23,2018-02-09,2018-02-09T01:00:00.000000+0100
09/02/2018,2,46.1,2018-02-09,2018-02-09T02:00:00.000000+0100
09/02/2018,3,45.36,2018-02-09,2018-02-09T03:00:00.000000+0100
09/02/2018,4,44.63,2018-02-09,2018-02-09T04:00:00.000000+0100
09/02/2018,5,45.02,2018-02-09,2018-02-09T05:00:00.000000+0100
09/02/2018,6,45.4,2018-02-09,2018-02-09T06:00:00.000000+0100
09/02/2018,7,50.66,2018-02-09,2018-02-09T07:00:00.000000+0100
09/02/2018,8,52.55,2018-02-09,2018-02-09T08:00:00.000000+0100
09/02/2018,9,53.46,2018-02-09,2018-02-09T09:00:00.000000+0100
09/02/2018,10,53.06,2018-02-09,2018-02-09T10:00:00.000000+0100
09/02/2018,11,52.96,2018-02-09,2018-02-09T11:00:00.000000+0100
09/02/2018,12,49.99,2018-02-09,2018-02-09T12:00:00.000000+0100
09/02/2018,13,48.79,2018-02-09,2018-02-09T13:00:00.000000+0100
09/02/2018,14,47.79,2018-02-09,2018-02-09T14:00:00.000000+0100
09/02/2018,15,48.58,2018-02-09,2018-02-09T15:00:00.000000+0100
09/02/2018,16,49.99,2018-02-09,2018-02-09T16:00:00.000000+0100
09/02/2018,17,52.28,2018-02-09,2018-02-09T17:00:00.000000+0100
09/02/2018,18,52.79,2018-02-09,2018-02-09T18:00:00.000000+0100
09/02/2018,19,55.55,2018-02-09,2018-02-09T19:00:00.000000+0100
09/02/2018,20,55.97,2018-02-09,2018-02-09T20:00:00.000000+0100
09/02/2018,21,52.03,2018-02-09,2018-02-09T21:00:00.000000+0100
09/02/2018,22,49.22,2018-02-09,2018-02-09T22:00:00.000000+0100
09/02/2018,23,48.21,2018-02-09,2018-02-09T23:00:00.000000+0100
09/02/2018,24,46.2,2018-02-09,2018-02-10T00:00:00.000000+0100
10/02/2018,1,47.58,2018-02-10,2018-02-10T01:00:00.000000+0100
10/02/2018,2,45.54,2018-02-10,2018-02-10T02:00:00.000000+0100
10/02/2018,3,42.13,2018-02-10,2018-02-10T03:00:00.000000+0100
10/02/2018,4,43.56,2018-02-10,2018-02-10T04:00:00.000000+0100
10/02/2018,5,43.56,2018-02-10,2018-02-10T05:00:00.000000+0100
10/02/2018,6,42.16,2018-02-10,2018-02-10T06:00:00.000000+0100
10/02/2018,7,44.02,2018-02-10,2018-02-10T07:00:00.000000+0100
10/02/2018,8,48.0,2018-02-10,2018-02-10T08:00:00.000000+0100
10/02/2018,9,49.43,2018-02-10,2018-02-10T09:00:00.000000+0100
10/02/2018,10,49.9,2018-02-10,2018-02-10T10:00:00.000000+0100
10/02/2018,11,49.29,2018-02-10,2018-02-10T11:00:00.000000+0100
10/02/2018,12,48.0,2018-02-10,2018-02-10T12:00:00.000000+0100
10/02/2018,13,45.92,2018-02-10,2018-02-10T13:00:00.000000+0100
10/02/2018,14,42.47,2018-02-10,2018-02-10T14:00:00.000000+0100
10/02/2018,15,40.56,2018-02-10,2018-02-10T15:00:00.000000+0100
10/02/2018,16,41.49,2018-02-10,2018-02-10T16:00:00.000000+0100
10/02/2018,17,44.28,2018-02-10,2018-02-10T17:00:00.000000+0100
10/02/2018,18,49.71,2018-02-10,2018-02-10T18:00:00.000000+0100
10/02/2018,19,73.95,2018-02-10,2018-02-10T19:00:00.000000+0100
10/02/2018,20,73.95,2018-02-10,2018-02-10T20:00:00.000000+0100
10/02/2018,21,57.03,2018-02-10,2018-02-10T21:00:00.000000+0100
10/02/2018,22,48.5,2018-02-10,2018-02-10T22:00:00.000000+0100
10/02/2018,23,43.0,2018-02-10,2018-02-10T23:00:00.000000+0100
10/02/2018,24,42.02,2018-02-10,2018-02-11T00:00:00.000000+0100
11/02/2018,1,39.95,2018-02-11,2018-02-11T01:00:00.000000+0100
11/02/2018,2,35.3,2018-02-11,2018-02-11T02:00:00.000000+0100
11/02/2018,3,30.13,2018-02-11,2018-02-11T03:00:00.000000+0100
11/02/2018,4,29.16,2018-02-11,2018-02-11T04:00:00.000000+0100
11/02/2018,5,28.46,2018-02-11,2018-02-11T05:00:00.000000+0100
11/02/2018,6,29.16,2018-02-11,2018-02-11T06:00:00.000000+0100
11/02/2018,7,32.0,2018-02-11,2018-02-11T07:00:00.000000+0100
11/02/2018,8,35.68,2018-02-11,2018-02-11T08:00:00.000000+0100
11/02/2018,9,41.06,2018-02-11,2018-02-11T09:00:00.000000+0100
11/02/2018,10,41.58,2018-02-11,2018-02-11T10:00:00.000000+0100
11/02/2018,11,41.06,2018-02-11,2018-02-11T11:00:00.000000+0100
11/02/2018,12,40.43,2018-02-11,2018-02-11T12:00:00.000000+0100
11/02/2018,13,40.0,2018-02-11,2018-02-11T13:00:00.000000+0100
11/02/2018,14,34.61,2018-02-11,2018-02-11T14:00:00.000000+0100
11/02/2018,15,34.77,2018-02-11,2018-02-11T15:00:00.000000+0100
11/02/2018,16,40.1,2018-02-11,2018-02-11T16:00:00.000000+0100
11/02/2018,17,44.52,2018-02-11,2018-02-11T17:00:00.000000+0100
11/02/2018,18,47.5,2018-02-11,2018-02-11T18:00:00.000000+0100
11/02/2018,19,50.83,2018-02-11,2018-02-11T19:00:00.000000+0100
11/02/2018,20,52.0,2018-02-11,2018-02-11T20:00:00.000000+0100
11/02/2018,21,50.0,2018-02-11,2018-02-11T21:00:00.000000+0100
11/02/2018,22,49.05,2018-02-11,2018-02-11T22:00:00.000000+0100
11/02/2018,23,47.5,2018-02-11,2018-02-11T23:00:00.000000+0100
11/02/2018,24,43.8,2018-02-11,2018-02-12T00:00:00.000000+0100
12/02/2018,1,42.35,2018-02-12,2018-02-12T01:00:00.000000+0100
12/02/2018,2,40.58,2018-02-12,2018-02-12T02:00:00.000000+0100
12/02/2018,3,40.32,2018-02-12,2018-02-12T03:00:00.000000+0100
12/02/2018,4,37.3,2018-02-12,2018-02-12T04:00:00.000000+0100
12/02/2018,5,38.29,2018-02-12,2018-02-12T05:00:00.000000+0100
12/02/2018,6,41.7,2018-02-12,2018-02-12T06:00:00.000000+0100
12/02/2018,7,47.57,2018-02-12,2018-02-12T07:00:00.000000+0100
12/02/2018,8,52.7,2018-02-12,2018-02-12T08:00:00.000000+0100
12/02/2018,9,60.0,2018-02-12,2018-02-12T09:00:00.000000+0100
12/02/2018,10,58.86,2018-02-12,2018-02-12T10:00:00.000000+0100
12/02/2018,11,54.79,2018-02-12,2018-02-12T11:00:00.000000+0100
12/02/2018,12,54.49,2018-02-12,2018-02-12T12:00:00.000000+0100
12/02/2018,13,54.04,2018-02-12,2018-02-12T13:00:00.000000+0100
12/02/2018,14,50.95,2018-02-12,2018-02-12T14:00:00.000000+0100
12/02/2018,15,53.18,2018-02-12,2018-02-12T15:00:00.000000+0100
12/02/2018,16,53.18,2018-02-12,2018-02-12T16:00:00.000000+0100
12/02/2018,17,53.18,2018-02-12,2018-02-12T17:00:00.000000+0100
12/02/2018,18,54.49,2018-02-12,2018-02-12T18:00:00.000000+0100
12/02/2018,19,61.44,2018-02-12,2018-02-12T19:00:00.000000+0100
12/02/2018,20,64.0,2018-02-12,2018-02-12T20:00:00.000000+0100
12/02/2018,21,54.49,2018-02-12,2018-02-12T21:00:00.000000+0100
12/02/2018,22,48.15,2018-02-12,2018-02-12T22:00:00.000000+0100
12/02/2018,23,49.29,2018-02-12,2018-02-12T23:00:00.000000+0100
12/02/2018,24,45.32,2018-02-12,2018-02-13T00:00:00.000000+0100
13/02/2018,1,45.31,2018-02-13,2018-02-13T01:00:00.000000+0100
13/02/2018,2,44.06,2018-02-13,2018-02-13T02:00:00.000000+0100
13/02/2018,3,43.91,2018-02-13,2018-02-13T03:00:00.000000+0100
13/02/2018,4,44.46,2018-02-13,2018-02-13T04:00:00.000000+0100
13/02/2018,5,44.31,2018-02-13,2018-02-13T05:00:00.000000+0100
13/02/2018,6,44.46,2018-02-13,2018-02-13T06:00:00.000000+0100
13/02/2018,7,54.49,2018-02-13,2018-02-13T07:00:00.000000+0100
13/02/2018,8,56.0,2018-02-13,2018-02-13T08:00:00.000000+0100
13/02/2018,9,74.27,2018-02-13,2018-02-13T09:00:00.000000+0100
13/02/2018,10,63.0,2018-02-13,2018-02-13T10:00:00.000000+0100
13/02/2018,11,53.99,2018-02-13,2018-02-13T11:00:00.000000+0100
13/02/2018,12,52.0,2018-02-13,2018-02-13T12:00:00.000000+0100
13/02/2018,13,48.79,2018-02-13,2018-02-13T13:00:00.000000+0100
13/02/2018,14,48.79,2018-02-13,2018-02-13T14:00:00.000000+0100
13/02/2018,15,49.99,2018-02-13,2018-02-13T15:00:00.000000+0100
13/02/2018,16,51.12,2018-02-13,2018-02-13T16:00:00.000000+0100
13/02/2018,17,61.67,2018-02-13,2018-02-13T17:00:00.000000+0100
13/02/2018,18,62.0,2018-02-13,2018-02-13T18:00:00.000000+0100
13/02/2018,19,73.97,2018-02-13,2018-02-13T19:00:00.000000+0100
13/02/2018,20,63.0,2018-02-13,2018-02-13T20:00:00.000000+0100
13/02/2018,21,52.0,2018-02-13,2018-02-13T21:00:00.000000+0100
13/02/2018,22,49.79,2018-02-13,2018-02-13T22:00:00.000000+0100
13/02/2018,23,47.99,2018-02-13,2018-02-13T23:00:00.000000+0100
13/02/2018,24,47.09,2018-02-13,2018-02-14T00:00:00.000000+0100
14/02/2018,1,47.81,2018-02-14,2018-02-14T01:00:00.000000+0100
14/02/2018,2,47.45,2018-02-14,2018-02-14T02:00:00.000000+0100
14/02/2018,3,44.99,2018-02-14,2018-02-14T03:00:00.000000+0100
14/02/2018,4,44.46,2018-02-14,2018-02-14T04:00:00.000000+0100
14/02/2018,5,44.46,2018-02-14,2018-02-14T05:00:00.000000+0100
14/02/2018,6,47.45,2018-02-14,2018-02-14T06:00:00.000000+0100
14/02/2018,7,49.2,2018-02-14,2018-02-14T07:00:00.000000+0100
14/02/2018,8,52.44,2018-02-14,2018-02-14T08:00:00.000000+0100
14/02/2018,9,70.48,2018-02-14,2018-02-14T09:00:00.000000+0100
14/02/2018,10,60.5,2018-02-14,2018-02-14T10:00:00.000000+0100
14/02/2018,11,52.45,2018-02-14,2018-02-14T11:00:00.000000+0100
14/02/2018,12,51.0,2018-02-14,2018-02-14T12:00:00.000000+0100
14/02/2018,13,49.19,2018-02-14,2018-02-14T13:00:00.000000+0100
14/02/2018,14,49.19,2018-02-14,2018-02-14T14:00:00.000000+0100
14/02/2018,15,51.11,2018-02-14,2018-02-14T15:00:00.000000+0100
14/02/2018,16,52.32,2018-02-14,2018-02-14T16:00:00.000000+0100
14/02/2018,17,63.9,2018-02-14,2018-02-14T17:00:00.000000+0100
14/02/2018,18,69.99,2018-02-14,2018-02-14T18:00:00.000000+0100
14/02/2018,19,73.97,2018-02-14,2018-02-14T19:00:00.000000+0100
14/02/2018,20,68.71,2018-02-14,2018-02-14T20:00:00.000000+0100
14/02/2018,21,52.42,2018-02-14,2018-02-14T21:00:00.000000+0100
14/02/2018,22,52.42,2018-02-14,2018-02-14T22:00:00.000000+0100
14/02/2018,23,51.0,2018-02-14,2018-02-14T23:00:00.000000+0100
14/02/2018,24,47.6,2018-02-14,2018-02-15T00:00:00.000000+0100
15/02/2018,1,45.46,2018-02-15,2018-02-15T01:00:00.000000+0100
15/02/2018,2,44.1,2018-02-15,2018-02-15T02:00:00.000000+0100
15/02/2018,3,44.05,2018-02-15,2018-02-15T03:00:00.000000+0100
15/02/2018,4,44.05,2018-02-15,2018-02-15T04:00:00.000000+0100
15/02/2018,5,42.8,2018-02-15,2018-02-15T05:00:00.000000+0100
15/02/2018,6,44.46,2018-02-15,2018-02-15T06:00:00.000000+0100
15/02/2018,7,50.61,2018-02-15,2018-02-15T07:00:00.000000+0100
15/02/2018,8,58.01,2018-02-15,2018-02-15T08:00:00.000000+0100
15/02/2018,9,73.75,2018-02-15,2018-02-15T09:00:00.000000+0100
15/02/2018,10,60.0,2018-02-15,2018-02-15T10:00:00.000000+0100
15/02/2018,11,52.84,2018-02-15,2018-02-15T11:00:00.000000+0100
15/02/2018,12,51.54,2018-02-15,2018-02-15T12:00:00.000000+0100
15/02/2018,13,49.48,2018-02-15,2018-02-15T13:00:00.000000+0100
15/02/2018,14,49.04,2018-02-15,2018-02-15T14:00:00.000000+0100
15/02/2018,15,50.81,2018-02-15,2018-02-15T15:00:00.000000+0100
15/02/2018,16,51.6,2018-02-15,2018-02-15T16:00:00.000000+0100
15/02/2018,17,52.85,2018-02-15,2018-02-15T17:00:00.000000+0100
15/02/2018,18,64.0,2018-02-15,2018-02-15T18:00:00.000000+0100
15/02/2018,19,84.83,2018-02-15,2018-02-15T19:00:00.000000+0100
15/02/2018,20,66.87,2018-02-15,2018-02-15T20:00:00.000000+0100
15/02/2018,21,58.35,2018-02-15,2018-02-15T21:00:00.000000+0100
15/02/2018,22,52.28,2018-02-15,2018-02-15T22:00:00.000000+0100
15/02/2018,23,49.59,2018-02-15,2018-02-15T23:00:00.000000+0100
15/02/2018,24,49.29,2018-02-15,2018-02-16T00:00:00.000000+0100
16/02/2018,1,45.46,2018-02-16,2018-02-16T01:00:00.000000+0100
16/02/2018,2,44.07,2018-02-16,2018-02-16T02:00:00.000000+0100
16/02/2018,3,44.06,2018-02-16,2018-02-16T03:00:00.000000+0100
16/02/2018,4,44.1,2018-02-16,2018-02-16T04:00:00.000000+0100
16/02/2018,5,44.46,2018-02-16,2018-02-16T05:00:00.000000+0100
16/02/2018,6,47.74,2018-02-16,2018-02-16T06:00:00.000000+0100
16/02/2018,7,51.24,2018-02-16,2018-02-16T07:00:00.000000+0100
16/02/2018,8,72.18,2018-02-16,2018-02-16T08:00:00.000000+0100
16/02/2018,9,73.97,2018-02-16,2018-02-16T09:00:00.000000+0100
16/02/2018,10,63.0,2018-02-16,2018-02-16T10:00:00.000000+0100
16/02/2018,11,52.86,2018-02-16,2018-02-16T11:00:00.000000+0100
16/02/2018,12,51.78,2018-02-16,2018-02-16T12:00:00.000000+0100
16/02/2018,13,49.0,2018-02-16,2018-02-16T13:00:00.000000+0100
16/02/2018,14,49.0,2018-02-16,2018-02-16T14:00:00.000000+0100
16/02/2018,15,50.5,2018-02-16,2018-02-16T15:00:00.000000+0100
16/02/2018,16,52.86,2018-02-16,2018-02-16T16:00:00.000000+0100
16/02/2018,17,68.9,2018-02-16,2018-02-16T17:00:00.000000+0100
16/02/2018,18,74.27,2018-02-16,2018-02-16T18:00:00.000000+0100
16/02/2018,19,80.04,2018-02-16,2018-02-16T19:00:00.000000+0100
16/02/2018,20,75.41,2018-02-16,2018-02-16T20:00:00.000000+0100
16/02/2018,21,67.0,2018-02-16,2018-02-16T21:00:00.000000+0100
16/02/2018,22,57.42,2018-02-16,2018-02-16T22:00:00.000000+0100
16/02/2018,23,54.26,2018-02-16,2018-02-16T23:00:00.000000+0100
16/02/2018,24,52.84,2018-02-16,2018-02-17T00:00:00.000000+0100
17/02/2018,1,50.76,2018-02-17,2018-02-17T01:00:00.000000+0100
17/02/2018,2,48.51,2018-02-17,2018-02-17T02:00:00.000000+0100
17/02/2018,3,47.95,2018-02-17,2018-02-17T03:00:00.000000+0100
17/02/2018,4,45.92,2018-02-17,2018-02-17T04:00:00.000000+0100
17/02/2018,5,46.22,2018-02-17,2018-02-17T05:00:00.000000+0100
17/02/2018,6,47.95,2018-02-17,2018-02-17T06:00:00.000000+0100
17/02/2018,7,47.22,2018-02-17,2018-02-17T07:00:00.000000+0100
17/02/2018,8,47.0,2018-02-17,2018-02-17T08:00:00.000000+0100
17/02/2018,9,47.99,2018-02-17,2018-02-17T09:00:00.000000+0100
17/02/2018,10,48.65,2018-02-17,2018-02-17T10:00:00.000000+0100
17/02/2018,11,47.95,2018-02-17,2018-02-17T11:00:00.000000+0100
17/02/2018,12,47.95,2018-02-17,2018-02-17T12:00:00.000000+0100
17/02/2018,13,45.92,2018-02-17,2018-02-17T13:00:00.000000+0100
17/02/2018,14,44.24,2018-02-17,2018-02-17T14:00:00.000000+0100
17/02/2018,15,44.61,2018-02-17,2018-02-17T15:00:00.000000+0100
17/02/2018,16,44.3,2018-02-17,2018-02-17T16:00:00.000000+0100
17/02/2018,17,45.5,2018-02-17,2018-02-17T17:00:00.000000+0100
17/02/2018,18,48.15,2018-02-17,2018-02-17T18:00:00.000000+0100
17/02/2018,19,51.82,2018-02-17,2018-02-17T19:00:00.000000+0100
17/02/2018,20,51.83,2018-02-17,2018-02-17T20:00:00.000000+0100
17/02/2018,21,48.08,2018-02-17,2018-02-17T21:00:00.000000+0100
17/02/2018,22,46.46,2018-02-17,2018-02-17T22:00:00.000000+0100
17/02/2018,23,45.9,2018-02-17,2018-02-17T23:00:00.000000+0100
17/02/2018,24,46.45,2018-02-17,2018-02-18T00:00:00.000000+0100
18/02/2018,1,43.61,2018-02-18,2018-02-18T01:00:00.000000+0100
18/02/2018,2,40.79,2018-02-18,2018-02-18T02:00:00.000000+0100
18/02/2018,3,40.29,2018-02-18,2018-02-18T03:00:00.000000+0100
18/02/2018,4,39.99,2018-02-18,2018-02-18T04:00:00.000000+0100
18/02/2018,5,39.57,2018-02-18,2018-02-18T05:00:00.000000+0100
18/02/2018,6,40.38,2018-02-18,2018-02-18T06:00:00.000000+0100
18/02/2018,7,40.29,2018-02-18,2018-02-18T07:00:00.000000+0100
18/02/2018,8,43.0,2018-02-18,2018-02-18T08:00:00.000000+0100
18/02/2018,9,44.11,2018-02-18,2018-02-18T09:00:00.000000+0100
18/02/2018,10,45.92,2018-02-18,2018-02-18T10:00:00.000000+0100
18/02/2018,11,46.99,2018-02-18,2018-02-18T11:00:00.000000+0100
18/02/2018,12,47.0,2018-02-18,2018-02-18T12:00:00.000000+0100
18/02/2018,13,47.0,2018-02-18,2018-02-18T13:00:00.000000+0100
18/02/2018,14,43.99,2018-02-18,2018-02-18T14:00:00.000000+0100
18/02/2018,15,43.74,2018-02-18,2018-02-18T15:00:00.000000+0100
18/02/2018,16,44.99,2018-02-18,2018-02-18T16:00:00.000000+0100
18/02/2018,17,46.99,2018-02-18,2018-02-18T17:00:00.000000+0100
18/02/2018,18,48.73,2018-02-18,2018-02-18T18:00:00.000000+0100
18/02/2018,19,61.9,2018-02-18,2018-02-18T19:00:00.000000+0100
18/02/2018,20,73.97,2018-02-18,2018-02-18T20:00:00.000000+0100
18/02/2018,21,72.0,2018-02-18,2018-02-18T21:00:00.000000+0100
18/02/2018,22,62.42,2018-02-18,2018-02-18T22:00:00.000000+0100
18/02/2018,23,50.09,2018-02-18,2018-02-18T23:00:00.000000+0100
18/02/2018,24,47.22,2018-02-18,2018-02-19T00:00:00.000000+0100
19/02/2018,1,44.59,2018-02-19,2018-02-19T01:00:00.000000+0100
19/02/2018,2,41.33,2018-02-19,2018-02-19T02:00:00.000000+0100
19/02/2018,3,40.06,2018-02-19,2018-02-19T03:00:00.000000+0100
19/02/2018,4,38.9,2018-02-19,2018-02-19T04:00:00.000000+0100
19/02/2018,5,40.0,2018-02-19,2018-02-19T05:00:00.000000+0100
19/02/2018,6,42.61,2018-02-19,2018-02-19T06:00:00.000000+0100
19/02/2018,7,53.95,2018-02-19,2018-02-19T07:00:00.000000+0100
19/02/2018,8,57.95,2018-02-19,2018-02-19T08:00:00.000000+0100
19/02/2018,9,69.99,2018-02-19,2018-02-19T09:00:00.000000+0100
19/02/2018,10,63.0,2018-02-19,2018-02-19T10:00:00.000000+0100
19/02/2018,11,59.67,2018-02-19,2018-02-19T11:00:00.000000+0100
19/02/2018,12,58.11,2018-02-19,2018-02-19T12:00:00.000000+0100
19/02/2018,13,54.24,2018-02-19,2018-02-19T13:00:00.000000+0100
19/02/2018,14,53.01,2018-02-19,2018-02-19T14:00:00.000000+0100
19/02/2018,15,54.55,2018-02-19,2018-02-19T15:00:00.000000+0100
19/02/2018,16,53.97,2018-02-19,2018-02-19T16:00:00.000000+0100
19/02/2018,17,52.84,2018-02-19,2018-02-19T17:00:00.000000+0100
19/02/2018,18,59.92,2018-02-19,2018-02-19T18:00:00.000000+0100
19/02/2018,19,73.0,2018-02-19,2018-02-19T19:00:00.000000+0100
19/02/2018,20,63.0,2018-02-19,2018-02-19T20:00:00.000000+0100
19/02/2018,21,59.9,2018-02-19,2018-02-19T21:00:00.000000+0100
19/02/2018,22,51.54,2018-02-19,2018-02-19T22:00:00.000000+0100
19/02/2018,23,49.71,2018-02-19,2018-02-19T23:00:00.000000+0100
19/02/2018,24,49.0,2018-02-19,2018-02-20T00:00:00.000000+0100
20/02/2018,1,49.5,2018-02-20,2018-02-20T01:00:00.000000+0100
20/02/2018,2,43.3,2018-02-20,2018-02-20T02:00:00.000000+0100
20/02/2018,3,43.18,2018-02-20,2018-02-20T03:00:00.000000+0100
20/02/2018,4,43.0,2018-02-20,2018-02-20T04:00:00.000000+0100
20/02/2018,5,43.93,2018-02-20,2018-02-20T05:00:00.000000+0100
20/02/2018,6,46.38,2018-02-20,2018-02-20T06:00:00.000000+0100
20/02/2018,7,54.04,2018-02-20,2018-02-20T07:00:00.000000+0100
20/02/2018,8,60.05,2018-02-20,2018-02-20T08:00:00.000000+0100
20/02/2018,9,62.83,2018-02-20,2018-02-20T09:00:00.000000+0100
20/02/2018,10,61.85,2018-02-20,2018-02-20T10:00:00.000000+0100
20/02/2018,11,59.89,2018-02-20,2018-02-20T11:00:00.000000+0100
20/02/2018,12,56.1,2018-02-20,2018-02-20T12:00:00.000000+0100
20/02/2018,13,53.38,2018-02-20,2018-02-20T13:00:00.000000+0100
20/02/2018,14,51.67,2018-02-20,2018-02-20T14:00:00.000000+0100
20/02/2018,15,52.19,2018-02-20,2018-02-20T15:00:00.000000+0100
20/02/2018,16,54.1,2018-02-20,2018-02-20T16:00:00.000000+0100
20/02/2018,17,58.11,2018-02-20,2018-02-20T17:00:00.000000+0100
20/02/2018,18,63.92,2018-02-20,2018-02-20T18:00:00.000000+0100
20/02/2018,19,70.12,2018-02-20,2018-02-20T19:00:00.000000+0100
20/02/2018,20,65.0,2018-02-20,2018-02-20T20:00:00.000000+0100
20/02/2018,21,55.81,2018-02-20,2018-02-20T21:00:00.000000+0100
20/02/2018,22,53.95,2018-02-20,2018-02-20T22:00:00.000000+0100
20/02/2018,23,52.38,2018-02-20,2018-02-20T23:00:00.000000+0100
20/02/2018,24,49.84,2018-02-20,2018-02-21T00:00:00.000000+0100
21/02/2018,1,53.0,2018-02-21,2018-02-21T01:00:00.000000+0100
21/02/2018,2,49.85,2018-02-21,2018-02-21T02:00:00.000000+0100
21/02/2018,3,46.72,2018-02-21,2018-02-21T03:00:00.000000+0100
21/02/2018,4,45.0,2018-02-21,2018-02-21T04:00:00.000000+0100
21/02/2018,5,45.04,2018-02-21,2018-02-21T05:00:00.000000+0100
21/02/2018,6,49.8,2018-02-21,2018-02-21T06:00:00.000000+0100
21/02/2018,7,56.12,2018-02-21,2018-02-21T07:00:00.000000+0100
21/02/2018,8,59.13,2018-02-21,2018-02-21T08:00:00.000000+0100
21/02/2018,9,63.0,2018-02-21,2018-02-21T09:00:00.000000+0100
21/02/2018,10,61.04,2018-02-21,2018-02-21T10:00:00.000000+0100
21/02/2018,11,58.44,2018-02-21,2018-02-21T11:00:00.000000+0100
21/02/2018,12,56.98,2018-02-21,2018-02-21T12:00:00.000000+0100
21/02/2018,13,54.85,2018-02-21,2018-02-21T13:00:00.000000+0100
21/02/2018,14,53.51,2018-02-21,2018-02-21T14:00:00.000000+0100
21/02/2018,15,55.22,2018-02-21,2018-02-21T15:00:00.000000+0100
21/02/2018,16,56.88,2018-02-21,2018-02-21T16:00:00.000000+0100
21/02/2018,17,56.1,2018-02-21,2018-02-21T17:00:00.000000+0100
21/02/2018,18,58.43,2018-02-21,2018-02-21T18:00:00.000000+0100
21/02/2018,19,66.35,2018-02-21,2018-02-21T19:00:00.000000+0100
21/02/2018,20,61.05,2018-02-21,2018-02-21T20:00:00.000000+0100
21/02/2018,21,56.88,2018-02-21,2018-02-21T21:00:00.000000+0100
21/02/2018,22,55.61,2018-02-21,2018-02-21T22:00:00.000000+0100
21/02/2018,23,55.62,2018-02-21,2018-02-21T23:00:00.000000+0100
21/02/2018,24,53.51,2018-02-21,2018-02-22T00:00:00.000000+0100
22/02/2018,1,55.92,2018-02-22,2018-02-22T01:00:00.000000+0100
22/02/2018,2,53.76,2018-02-22,2018-02-22T02:00:00.000000+0100
22/02/2018,3,47.73,2018-02-22,2018-02-22T03:00:00.000000+0100
22/02/2018,4,47.98,2018-02-22,2018-02-22T04:00:00.000000+0100
22/02/2018,5,46.65,2018-02-22,2018-02-22T05:00:00.000000+0100
22/02/2018,6,54.0,2018-02-22,2018-02-22T06:00:00.000000+0100
22/02/2018,7,57.97,2018-02-22,2018-02-22T07:00:00.000000+0100
22/02/2018,8,60.85,2018-02-22,2018-02-22T08:00:00.000000+0100
22/02/2018,9,72.69,2018-02-22,2018-02-22T09:00:00.000000+0100
22/02/2018,10,64.46,2018-02-22,2018-02-22T10:00:00.000000+0100
22/02/2018,11,60.32,2018-02-22,2018-02-22T11:00:00.000000+0100
22/02/2018,12,60.0,2018-02-22,2018-02-22T12:00:00.000000+0100
22/02/2018,13,58.84,2018-02-22,2018-02-22T13:00:00.000000+0100
22/02/2018,14,58.86,2018-02-22,2018-02-22T14:00:00.000000+0100
22/02/2018,15,61.52,2018-02-22,2018-02-22T15:00:00.000000+0100
22/02/2018,16,63.0,2018-02-22,2018-02-22T16:00:00.000000+0100
22/02/2018,17,68.0,2018-02-22,2018-02-22T17:00:00.000000+0100
22/02/2018,18,71.02,2018-02-22,2018-02-22T18:00:00.000000+0100
22/02/2018,19,74.1,2018-02-22,2018-02-22T19:00:00.000000+0100
22/02/2018,20,73.8,2018-02-22,2018-02-22T20:00:00.000000+0100
22/02/2018,21,61.54,2018-02-22,2018-02-22T21:00:00.000000+0100
22/02/2018,22,60.32,2018-02-22,2018-02-22T22:00:00.000000+0100
22/02/2018,23,58.89,2018-02-22,2018-02-22T23:00:00.000000+0100
22/02/2018,24,55.92,2018-02-22,2018-02-23T00:00:00.000000+0100
23/02/2018,1,60.12,2018-02-23,2018-02-23T01:00:00.000000+0100
23/02/2018,2,54.0,2018-02-23,2018-02-23T02:00:00.000000+0100
23/02/2018,3,51.1,2018-02-23,2018-02-23T03:00:00.000000+0100
23/02/2018,4,51.2,2018-02-23,2018-02-23T04:00:00.000000+0100
23/02/2018,5,51.6,2018-02-23,2018-02-23T05:00:00.000000+0100
23/02/2018,6,55.64,2018-02-23,2018-02-23T06:00:00.000000+0100
23/02/2018,7,63.79,2018-02-23,2018-02-23T07:00:00.000000+0100
23/02/2018,8,67.93,2018-02-23,2018-02-23T08:00:00.000000+0100
23/02/2018,9,77.0,2018-02-23,2018-02-23T09:00:00.000000+0100
23/02/2018,10,85.0,2018-02-23,2018-02-23T10:00:00.000000+0100
23/02/2018,11,90.0,2018-02-23,2018-02-23T11:00:00.000000+0100
23/02/2018,12,93.36,2018-02-23,2018-02-23T12:00:00.000000+0100
23/02/2018,13,84.55,2018-02-23,2018-02-23T13:00:00.000000+0100
23/02/2018,14,75.76,2018-02-23,2018-02-23T14:00:00.000000+0100
23/02/2018,15,91.33,2018-02-23,2018-02-23T15:00:00.000000+0100
23/02/2018,16,76.42,2018-02-23,2018-02-23T16:00:00.000000+0100
23/02/2018,17,74.39,2018-02-23,2018-02-23T17:00:00.000000+0100
23/02/2018,18,74.2,2018-02-23,2018-02-23T18:00:00.000000+0100
23/02/2018,19,73.8,2018-02-23,2018-02-23T19:00:00.000000+0100
23/02/2018,20,71.25,2018-02-23,2018-02-23T20:00:00.000000+0100
23/02/2018,21,65.99,2018-02-23,2018-02-23T21:00:00.000000+0100
23/02/2018,22,63.24,2018-02-23,2018-02-23T22:00:00.000000+0100
23/02/2018,23,60.12,2018-02-23,2018-02-23T23:00:00.000000+0100
23/02/2018,24,53.77,2018-02-23,2018-02-24T00:00:00.000000+0100
24/02/2018,1,57.05,2018-02-24,2018-02-24T01:00:00.000000+0100
24/02/2018,2,54.65,2018-02-24,2018-02-24T02:00:00.000000+0100
24/02/2018,3,51.67,2018-02-24,2018-02-24T03:00:00.000000+0100
24/02/2018,4,48.6,2018-02-24,2018-02-24T04:00:00.000000+0100
24/02/2018,5,48.6,2018-02-24,2018-02-24T05:00:00.000000+0100
24/02/2018,6,53.6,2018-02-24,2018-02-24T06:00:00.000000+0100
24/02/2018,7,61.37,2018-02-24,2018-02-24T07:00:00.000000+0100
24/02/2018,8,67.87,2018-02-24,2018-02-24T08:00:00.000000+0100
24/02/2018,9,74.1,2018-02-24,2018-02-24T09:00:00.000000+0100
24/02/2018,10,90.0,2018-02-24,2018-02-24T10:00:00.000000+0100
24/02/2018,11,86.82,2018-02-24,2018-02-24T11:00:00.000000+0100
24/02/2018,12,79.58,2018-02-24,2018-02-24T12:00:00.000000+0100
24/02/2018,13,68.54,2018-02-24,2018-02-24T13:00:00.000000+0100
24/02/2018,14,62.78,2018-02-24,2018-02-24T14:00:00.000000+0100
24/02/2018,15,63.24,2018-02-24,2018-02-24T15:00:00.000000+0100
24/02/2018,16,66.0,2018-02-24,2018-02-24T16:00:00.000000+0100
24/02/2018,17,70.0,2018-02-24,2018-02-24T17:00:00.000000+0100
24/02/2018,18,75.24,2018-02-24,2018-02-24T18:00:00.000000+0100
24/02/2018,19,100.0,2018-02-24,2018-02-24T19:00:00.000000+0100
24/02/2018,20,100.0,2018-02-24,2018-02-24T20:00:00.000000+0100
24/02/2018,21,80.0,2018-02-24,2018-02-24T21:00:00.000000+0100
24/02/2018,22,74.1,2018-02-24,2018-02-24T22:00:00.000000+0100
24/02/2018,23,65.0,2018-02-24,2018-02-24T23:00:00.000000+0100
24/02/2018,24,57.5,2018-02-24,2018-02-25T00:00:00.000000+0100
25/02/2018,1,53.0,2018-02-25,2018-02-25T01:00:00.000000+0100
25/02/2018,2,50.88,2018-02-25,2018-02-25T02:00:00.000000+0100
25/02/2018,3,48.1,2018-02-25,2018-02-25T03:00:00.000000+0100
25/02/2018,4,43.88,2018-02-25,2018-02-25T04:00:00.000000+0100
25/02/2018,5,43.15,2018-02-25,2018-02-25T05:00:00.000000+0100
25/02/2018,6,45.19,2018-02-25,2018-02-25T06:00:00.000000+0100
25/02/2018,7,46.71,2018-02-25,2018-02-25T07:00:00.000000+0100
25/02/2018,8,45.36,2018-02-25,2018-02-25T08:00:00.000000+0100
25/02/2018,9,49.2,2018-02-25,2018-02-25T09:00:00.000000+0100
25/02/2018,10,52.5,2018-02-25,2018-02-25T10:00:00.000000+0100
25/02/2018,11,52.5,2018-02-25,2018-02-25T11:00:00.000000+0100
25/02/2018,12,54.86,2018-02-25,2018-02-25T12:00:00.000000+0100
25/02/2018,13,55.35,2018-02-25,2018-02-25T13:00:00.000000+0100
25/02/2018,14,51.11,2018-02-25,2018-02-25T14:00:00.000000+0100
25/02/2018,15,50.35,2018-02-25,2018-02-25T15:00:00.000000+0100
25/02/2018,16,50.11,2018-02-25,2018-02-25T16:00:00.000000+0100
25/02/2018,17,51.35,2018-02-25,2018-02-25T17:00:00.000000+0100
25/02/2018,18,55.36,2018-02-25,2018-02-25T18:00:00.000000+0100
25/02/2018,19,63.3,2018-02-25,2018-02-25T19:00:00.000000+0100
25/02/2018,20,63.3,2018-02-25,2018-02-25T20:00:00.000000+0100
25/02/2018,21,62.5,2018-02-25,2018-02-25T21:00:00.000000+0100
25/02/2018,22,57.5,2018-02-25,2018-02-25T22:00:00.000000+0100
25/02/2018,23,55.5,2018-02-25,2018-02-25T23:00:00.000000+0100
25/02/2018,24,52.39,2018-02-25,2018-02-26T00:00:00.000000+0100
26/02/2018,1,50.64,2018-02-26,2018-02-26T01:00:00.000000+0100
26/02/2018,2,47.0,2018-02-26,2018-02-26T02:00:00.000000+0100
26/02/2018,3,46.27,2018-02-26,2018-02-26T03:00:00.000000+0100
26/02/2018,4,44.07,2018-02-26,2018-02-26T04:00:00.000000+0100
26/02/2018,5,44.61,2018-02-26,2018-02-26T05:00:00.000000+0100
26/02/2018,6,46.71,2018-02-26,2018-02-26T06:00:00.000000+0100
26/02/2018,7,75.11,2018-02-26,2018-02-26T07:00:00.000000+0100
26/02/2018,8,89.99,2018-02-26,2018-02-26T08:00:00.000000+0100
26/02/2018,9,107.75,2018-02-26,2018-02-26T09:00:00.000000+0100
26/02/2018,10,114.99,2018-02-26,2018-02-26T10:00:00.000000+0100
26/02/2018,11,105.19,2018-02-26,2018-02-26T11:00:00.000000+0100
26/02/2018,12,103.7,2018-02-26,2018-02-26T12:00:00.000000+0100
26/02/2018,13,89.99,2018-02-26,2018-02-26T13:00:00.000000+0100
26/02/2018,14,92.85,2018-02-26,2018-02-26T14:00:00.000000+0100
26/02/2018,15,105.0,2018-02-26,2018-02-26T15:00:00.000000+0100
26/02/2018,16,108.18,2018-02-26,2018-02-26T16:00:00.000000+0100
26/02/2018,17,120.72,2018-02-26,2018-02-26T17:00:00.000000+0100
26/02/2018,18,117.11,2018-02-26,2018-02-26T18:00:00.000000+0100
26/02/2018,19,120.0,2018-02-26,2018-02-26T19:00:00.000000+0100
26/02/2018,20,114.41,2018-02-26,2018-02-26T20:00:00.000000+0100
26/02/2018,21,107.74,2018-02-26,2018-02-26T21:00:00.000000+0100
26/02/2018,22,105.0,2018-02-26,2018-02-26T22:00:00.000000+0100
26/02/2018,23,101.01,2018-02-26,2018-02-26T23:00:00.000000+0100
26/02/2018,24,89.99,2018-02-26,2018-02-27T00:00:00.000000+0100
27/02/2018,1,76.26,2018-02-27,2018-02-27T01:00:00.000000+0100
27/02/2018,2,75.11,2018-02-27,2018-02-27T02:00:00.000000+0100
27/02/2018,3,61.2,2018-02-27,2018-02-27T03:00:00.000000+0100
27/02/2018,4,74.8,2018-02-27,2018-02-27T04:00:00.000000+0100
27/02/2018,5,75.11,2018-02-27,2018-02-27T05:00:00.000000+0100
27/02/2018,6,76.66,2018-02-27,2018-02-27T06:00:00.000000+0100
27/02/2018,7,104.27,2018-02-27,2018-02-27T07:00:00.000000+0100
27/02/2018,8,109.5,2018-02-27,2018-02-27T08:00:00.000000+0100
27/02/2018,9,130.0,2018-02-27,2018-02-27T09:00:00.000000+0100
27/02/2018,10,130.0,2018-02-27,2018-02-27T10:00:00.000000+0100
27/02/2018,11,115.18,2018-02-27,2018-02-27T11:00:00.000000+0100
27/02/2018,12,113.55,2018-02-27,2018-02-27T12:00:00.000000+0100
27/02/2018,13,112.79,2018-02-27,2018-02-27T13:00:00.000000+0100
27/02/2018,14,100.27,2018-02-27,2018-02-27T14:00:00.000000+0100
27/02/2018,15,114.45,2018-02-27,2018-02-27T15:00:00.000000+0100
27/02/2018,16,118.46,2018-02-27,2018-02-27T16:00:00.000000+0100
27/02/2018,17,125.57,2018-02-27,2018-02-27T17:00:00.000000+0100
27/02/2018,18,139.6,2018-02-27,2018-02-27T18:00:00.000000+0100
27/02/2018,19,151.42,2018-02-27,2018-02-27T19:00:00.000000+0100
27/02/2018,20,159.4,2018-02-27,2018-02-27T20:00:00.000000+0100
27/02/2018,21,129.5,2018-02-27,2018-02-27T21:00:00.000000+0100
27/02/2018,22,103.54,2018-02-27,2018-02-27T22:00:00.000000+0100
27/02/2018,23,100.0,2018-02-27,2018-02-27T23:00:00.000000+0100
27/02/2018,24,90.0,2018-02-27,2018-02-28T00:00:00.000000+0100
28/02/2018,1,76.66,2018-02-28,2018-02-28T01:00:00.000000+0100
28/02/2018,2,75.11,2018-02-28,2018-02-28T02:00:00.000000+0100
28/02/2018,3,71.96,2018-02-28,2018-02-28T03:00:00.000000+0100
28/02/2018,4,68.99,2018-02-28,2018-02-28T04:00:00.000000+0100
28/02/2018,5,65.38,2018-02-28,2018-02-28T05:00:00.000000+0100
28/02/2018,6,68.63,2018-02-28,2018-02-28T06:00:00.000000+0100
28/02/2018,7,82.0,2018-02-28,2018-02-28T07:00:00.000000+0100
28/02/2018,8,95.42,2018-02-28,2018-02-28T08:00:00.000000+0100
28/02/2018,9,120.1,2018-02-28,2018-02-28T09:00:00.000000+0100
28/02/2018,10,114.41,2018-02-28,2018-02-28T10:00:00.000000+0100
28/02/2018,11,97.0,2018-02-28,2018-02-28T11:00:00.000000+0100
28/02/2018,12,88.45,2018-02-28,2018-02-28T12:00:00.000000+0100
28/02/2018,13,79.23,2018-02-28,2018-02-28T13:00:00.000000+0100
28/02/2018,14,79.59,2018-02-28,2018-02-28T14:00:00.000000+0100
28/02/2018,15,80.54,2018-02-28,2018-02-28T15:00:00.000000+0100
28/02/2018,16,81.81,2018-02-28,2018-02-28T16:00:00.000000+0100
28/02/2018,17,86.21,2018-02-28,2018-02-28T17:00:00.000000+0100
28/02/2018,18,85.27,2018-02-28,2018-02-28T18:00:00.000000+0100
28/02/2018,19,92.79,2018-02-28,2018-02-28T19:00:00.000000+0100
28/02/2018,20,105.54,2018-02-28,2018-02-28T20:00:00.000000+0100
28/02/2018,21,83.84,2018-02-28,2018-02-28T21:00:00.000000+0100
28/02/2018,22,80.32,2018-02-28,2018-02-28T22:00:00.000000+0100
28/02/2018,23,79.14,2018-02-28,2018-02-28T23:00:00.000000+0100
28/02/2018,24,75.11,2018-02-28,2018-03-01T00:00:00.000000+0100
01/03/2018,1,80.79,2018-03-01,2018-03-01T01:00:00.000000+0100
01/03/2018,2,76.66,2018-03-01,2018-03-01T02:00:00.000000+0100
01/03/2018,3,75.11,2018-03-01,2018-03-01T03:00:00.000000+0100
01/03/2018,4,69.0,2018-03-01,2018-03-01T04:00:00.000000+0100
01/03/2018,5,60.4,2018-03-01,2018-03-01T05:00:00.000000+0100
01/03/2018,6,68.01,2018-03-01,2018-03-01T06:00:00.000000+0100
01/03/2018,7,92.1,2018-03-01,2018-03-01T07:00:00.000000+0100
01/03/2018,8,94.1,2018-03-01,2018-03-01T08:00:00.000000+0100
01/03/2018,9,104.26,2018-03-01,2018-03-01T09:00:00.000000+0100
01/03/2018,10,115.41,2018-03-01,2018-03-01T10:00:00.000000+0100
01/03/2018,11,112.02,2018-03-01,2018-03-01T11:00:00.000000+0100
01/03/2018,12,113.55,2018-03-01,2018-03-01T12:00:00.000000+0100
01/03/2018,13,99.5,2018-03-01,2018-03-01T13:00:00.000000+0100
01/03/2018,14,99.5,2018-03-01,2018-03-01T14:00:00.000000+0100
01/03/2018,15,101.01,2018-03-01,2018-03-01T15:00:00.000000+0100
01/03/2018,16,114.41,2018-03-01,2018-03-01T16:00:00.000000+0100
01/03/2018,17,100.0,2018-03-01,2018-03-01T17:00:00.000000+0100
01/03/2018,18,99.55,2018-03-01,2018-03-01T18:00:00.000000+0100
01/03/2018,19,99.95,2018-03-01,2018-03-01T19:00:00.000000+0100
01/03/2018,20,106.15,2018-03-01,2018-03-01T20:00:00.000000+0100
01/03/2018,21,99.99,2018-03-01,2018-03-01T21:00:00.000000+0100
01/03/2018,22,91.69,2018-03-01,2018-03-01T22:00:00.000000+0100
01/03/2018,23,85.0,2018-03-01,2018-03-01T23:00:00.000000+0100
01/03/2018,24,76.26,2018-03-01,2018-03-02T00:00:00.000000+0100
02/03/2018,1,77.7,2018-03-02,2018-03-02T01:00:00.000000+0100
02/03/2018,2,74.8,2018-03-02,2018-03-02T02:00:00.000000+0100
02/03/2018,3,74.8,2018-03-02,2018-03-02T03:00:00.000000+0100
02/03/2018,4,74.8,2018-03-02,2018-03-02T04:00:00.000000+0100
02/03/2018,5,75.11,2018-03-02,2018-03-02T05:00:00.000000+0100
02/03/2018,6,76.26,2018-03-02,2018-03-02T06:00:00.000000+0100
02/03/2018,7,95.82,2018-03-02,2018-03-02T07:00:00.000000+0100
02/03/2018,8,113.67,2018-03-02,2018-03-02T08:00:00.000000+0100
02/03/2018,9,118.2,2018-03-02,2018-03-02T09:00:00.000000+0100
02/03/2018,10,125.86,2018-03-02,2018-03-02T10:00:00.000000+0100
02/03/2018,11,121.0,2018-03-02,2018-03-02T11:00:00.000000+0100
02/03/2018,12,121.5,2018-03-02,2018-03-02T12:00:00.000000+0100
02/03/2018,13,110.86,2018-03-02,2018-03-02T13:00:00.000000+0100
02/03/2018,14,108.64,2018-03-02,2018-03-02T14:00:00.000000+0100
02/03/2018,15,110.55,2018-03-02,2018-03-02T15:00:00.000000+0100
02/03/2018,16,116.96,2018-03-02,2018-03-02T16:00:00.000000+0100
02/03/2018,17,108.5,2018-03-02,2018-03-02T17:00:00.000000+0100
02/03/2018,18,107.27,2018-03-02,2018-03-02T18:00:00.000000+0100
02/03/2018,19,114.41,2018-03-02,2018-03-02T19:00:00.000000+0100
02/03/2018,20,133.39,2018-03-02,2018-03-02T20:00:00.000000+0100
02/03/2018,21,107.89,2018-03-02,2018-03-02T21:00:00.000000+0100
02/03/2018,22,97.26,2018-03-02,2018-03-02T22:00:00.000000+0100
02/03/2018,23,82.37,2018-03-02,2018-03-02T23:00:00.000000+0100
02/03/2018,24,75.0,2018-03-02,2018-03-03T00:00:00.000000+0100
03/03/2018,1,74.8,2018-03-03,2018-03-03T01:00:00.000000+0100
03/03/2018,2,59.03,2018-03-03,2018-03-03T02:00:00.000000+0100
03/03/2018,3,51.4,2018-03-03,2018-03-03T03:00:00.000000+0100
03/03/2018,4,51.4,2018-03-03,2018-03-03T04:00:00.000000+0100
03/03/2018,5,51.62,2018-03-03,2018-03-03T05:00:00.000000+0100
03/03/2018,6,59.34,2018-03-03,2018-03-03T06:00:00.000000+0100
03/03/2018,7,74.8,2018-03-03,2018-03-03T07:00:00.000000+0100
03/03/2018,8,74.8,2018-03-03,2018-03-03T08:00:00.000000+0100
03/03/2018,9,75.68,2018-03-03,2018-03-03T09:00:00.000000+0100
03/03/2018,10,74.8,2018-03-03,2018-03-03T10:00:00.000000+0100
03/03/2018,11,72.46,2018-03-03,2018-03-03T11:00:00.000000+0100
03/03/2018,12,72.38,2018-03-03,2018-03-03T12:00:00.000000+0100
03/03/2018,13,69.93,2018-03-03,2018-03-03T13:00:00.000000+0100
03/03/2018,14,65.0,2018-03-03,2018-03-03T14:00:00.000000+0100
03/03/2018,15,63.09,2018-03-03,2018-03-03T15:00:00.000000+0100
03/03/2018,16,65.26,2018-03-03,2018-03-03T16:00:00.000000+0100
03/03/2018,17,65.34,2018-03-03,2018-03-03T17:00:00.000000+0100
03/03/2018,18,70.93,2018-03-03,2018-03-03T18:00:00.000000+0100
03/03/2018,19,76.38,2018-03-03,2018-03-03T19:00:00.000000+0100
03/03/2018,20,76.66,2018-03-03,2018-03-03T20:00:00.000000+0100
03/03/2018,21,76.26,2018-03-03,2018-03-03T21:00:00.000000+0100
03/03/2018,22,70.92,2018-03-03,2018-03-03T22:00:00.000000+0100
03/03/2018,23,65.0,2018-03-03,2018-03-03T23:00:00.000000+0100
03/03/2018,24,51.4,2018-03-03,2018-03-04T00:00:00.000000+0100
04/03/2018,1,50.0,2018-03-04,2018-03-04T01:00:00.000000+0100
04/03/2018,2,45.94,2018-03-04,2018-03-04T02:00:00.000000+0100
04/03/2018,3,44.4,2018-03-04,2018-03-04T03:00:00.000000+0100
04/03/2018,4,45.1,2018-03-04,2018-03-04T04:00:00.000000+0100
04/03/2018,5,46.41,2018-03-04,2018-03-04T05:00:00.000000+0100
04/03/2018,6,47.31,2018-03-04,2018-03-04T06:00:00.000000+0100
04/03/2018,7,49.52,2018-03-04,2018-03-04T07:00:00.000000+0100
04/03/2018,8,49.9,2018-03-04,2018-03-04T08:00:00.000000+0100
04/03/2018,9,50.6,2018-03-04,2018-03-04T09:00:00.000000+0100
04/03/2018,10,51.8,2018-03-04,2018-03-04T10:00:00.000000+0100
04/03/2018,11,51.53,2018-03-04,2018-03-04T11:00:00.000000+0100
04/03/2018,12,51.19,2018-03-04,2018-03-04T12:00:00.000000+0100
04/03/2018,13,50.88,2018-03-04,2018-03-04T13:00:00.000000+0100
04/03/2018,14,49.29,2018-03-04,2018-03-04T14:00:00.000000+0100
04/03/2018,15,43.91,2018-03-04,2018-03-04T15:00:00.000000+0100
04/03/2018,16,49.4,2018-03-04,2018-03-04T16:00:00.000000+0100
04/03/2018,17,52.53,2018-03-04,2018-03-04T17:00:00.000000+0100
04/03/2018,18,54.88,2018-03-04,2018-03-04T18:00:00.000000+0100
04/03/2018,19,70.0,2018-03-04,2018-03-04T19:00:00.000000+0100
04/03/2018,20,75.11,2018-03-04,2018-03-04T20:00:00.000000+0100
04/03/2018,21,74.8,2018-03-04,2018-03-04T21:00:00.000000+0100
04/03/2018,22,65.0,2018-03-04,2018-03-04T22:00:00.000000+0100
04/03/2018,23,56.6,2018-03-04,2018-03-04T23:00:00.000000+0100
04/03/2018,24,53.12,2018-03-04,2018-03-05T00:00:00.000000+0100
05/03/2018,1,46.82,2018-03-05,2018-03-05T01:00:00.000000+0100
05/03/2018,2,43.75,2018-03-05,2018-03-05T02:00:00.000000+0100
05/03/2018,3,42.97,2018-03-05,2018-03-05T03:00:00.000000+0100
05/03/2018,4,42.93,2018-03-05,2018-03-05T04:00:00.000000+0100
05/03/2018,5,43.75,2018-03-05,2018-03-05T05:00:00.000000+0100
05/03/2018,6,46.82,2018-03-05,2018-03-05T06:00:00.000000+0100
05/03/2018,7,67.79,2018-03-05,2018-03-05T07:00:00.000000+0100
05/03/2018,8,74.49,2018-03-05,2018-03-05T08:00:00.000000+0100
05/03/2018,9,95.0,2018-03-05,2018-03-05T09:00:00.000000+0100
05/03/2018,10,95.0,2018-03-05,2018-03-05T10:00:00.000000+0100
05/03/2018,11,91.12,2018-03-05,2018-03-05T11:00:00.000000+0100
05/03/2018,12,88.03,2018-03-05,2018-03-05T12:00:00.000000+0100
05/03/2018,13,78.0,2018-03-05,2018-03-05T13:00:00.000000+0100
05/03/2018,14,78.0,2018-03-05,2018-03-05T14:00:00.000000+0100
05/03/2018,15,79.5,2018-03-05,2018-03-05T15:00:00.000000+0100
05/03/2018,16,83.22,2018-03-05,2018-03-05T16:00:00.000000+0100
05/03/2018,17,90.98,2018-03-05,2018-03-05T17:00:00.000000+0100
05/03/2018,18,81.58,2018-03-05,2018-03-05T18:00:00.000000+0100
05/03/2018,19,95.01,2018-03-05,2018-03-05T19:00:00.000000+0100
05/03/2018,20,89.78,2018-03-05,2018-03-05T20:00:00.000000+0100
05/03/2018,21,76.02,2018-03-05,2018-03-05T21:00:00.000000+0100
05/03/2018,22,74.49,2018-03-05,2018-03-05T22:00:00.000000+0100
05/03/2018,23,72.9,2018-03-05,2018-03-05T23:00:00.000000+0100
05/03/2018,24,66.25,2018-03-05,2018-03-06T00:00:00.000000+0100
06/03/2018,1,47.88,2018-03-06,2018-03-06T01:00:00.000000+0100
06/03/2018,2,44.0,2018-03-06,2018-03-06T02:00:00.000000+0100
06/03/2018,3,43.0,2018-03-06,2018-03-06T03:00:00.000000+0100
06/03/2018,4,42.97,2018-03-06,2018-03-06T04:00:00.000000+0100
06/03/2018,5,42.97,2018-03-06,2018-03-06T05:00:00.000000+0100
06/03/2018,6,46.29,2018-03-06,2018-03-06T06:00:00.000000+0100
06/03/2018,7,53.48,2018-03-06,2018-03-06T07:00:00.000000+0100
06/03/2018,8,61.68,2018-03-06,2018-03-06T08:00:00.000000+0100
06/03/2018,9,73.73,2018-03-06,2018-03-06T09:00:00.000000+0100
06/03/2018,10,73.03,2018-03-06,2018-03-06T10:00:00.000000+0100
06/03/2018,11,69.07,2018-03-06,2018-03-06T11:00:00.000000+0100
06/03/2018,12,66.91,2018-03-06,2018-03-06T12:00:00.000000+0100
06/03/2018,13,58.49,2018-03-06,2018-03-06T13:00:00.000000+0100
06/03/2018,14,52.52,2018-03-06,2018-03-06T14:00:00.000000+0100
06/03/2018,15,66.59,2018-03-06,2018-03-06T15:00:00.000000+0100
06/03/2018,16,66.03,2018-03-06,2018-03-06T16:00:00.000000+0100
06/03/2018,17,68.5,2018-03-06,2018-03-06T17:00:00.000000+0100
06/03/2018,18,67.12,2018-03-06,2018-03-06T18:00:00.000000+0100
06/03/2018,19,74.18,2018-03-06,2018-03-06T19:00:00.000000+0100
06/03/2018,20,74.23,2018-03-06,2018-03-06T20:00:00.000000+0100
06/03/2018,21,68.6,2018-03-06,2018-03-06T21:00:00.000000+0100
06/03/2018,22,54.43,2018-03-06,2018-03-06T22:00:00.000000+0100
06/03/2018,23,53.48,2018-03-06,2018-03-06T23:00:00.000000+0100
06/03/2018,24,50.99,2018-03-06,2018-03-07T00:00:00.000000+0100
07/03/2018,1,43.91,2018-03-07,2018-03-07T01:00:00.000000+0100
07/03/2018,2,39.12,2018-03-07,2018-03-07T02:00:00.000000+0100
07/03/2018,3,39.0,2018-03-07,2018-03-07T03:00:00.000000+0100
07/03/2018,4,39.0,2018-03-07,2018-03-07T04:00:00.000000+0100
07/03/2018,5,39.11,2018-03-07,2018-03-07T05:00:00.000000+0100
07/03/2018,6,42.97,2018-03-07,2018-03-07T06:00:00.000000+0100
07/03/2018,7,49.9,2018-03-07,2018-03-07T07:00:00.000000+0100
07/03/2018,8,56.1,2018-03-07,2018-03-07T08:00:00.000000+0100
07/03/2018,9,61.79,2018-03-07,2018-03-07T09:00:00.000000+0100
07/03/2018,10,59.77,2018-03-07,2018-03-07T10:00:00.000000+0100
07/03/2018,11,49.9,2018-03-07,2018-03-07T11:00:00.000000+0100
07/03/2018,12,56.78,2018-03-07,2018-03-07T12:00:00.000000+0100
07/03/2018,13,49.9,2018-03-07,2018-03-07T13:00:00.000000+0100
07/03/2018,14,49.9,2018-03-07,2018-03-07T14:00:00.000000+0100
07/03/2018,15,49.9,2018-03-07,2018-03-07T15:00:00.000000+0100
07/03/2018,16,49.9,2018-03-07,2018-03-07T16:00:00.000000+0100
07/03/2018,17,56.78,2018-03-07,2018-03-07T17:00:00.000000+0100
07/03/2018,18,57.1,2018-03-07,2018-03-07T18:00:00.000000+0100
07/03/2018,19,71.15,2018-03-07,2018-03-07T19:00:00.000000+0100
07/03/2018,20,72.23,2018-03-07,2018-03-07T20:00:00.000000+0100
07/03/2018,21,58.0,2018-03-07,2018-03-07T21:00:00.000000+0100
07/03/2018,22,53.94,2018-03-07,2018-03-07T22:00:00.000000+0100
07/03/2018,23,50.0,2018-03-07,2018-03-07T23:00:00.000000+0100
07/03/2018,24,46.6,2018-03-07,2018-03-08T00:00:00.000000+0100
08/03/2018,1,43.0,2018-03-08,2018-03-08T01:00:00.000000+0100
08/03/2018,2,41.44,2018-03-08,2018-03-08T02:00:00.000000+0100
08/03/2018,3,38.1,2018-03-08,2018-03-08T03:00:00.000000+0100
08/03/2018,4,38.0,2018-03-08,2018-03-08T04:00:00.000000+0100
08/03/2018,5,37.4,2018-03-08,2018-03-08T05:00:00.000000+0100
08/03/2018,6,42.97,2018-03-08,2018-03-08T06:00:00.000000+0100
08/03/2018,7,50.55,2018-03-08,2018-03-08T07:00:00.000000+0100
08/03/2018,8,54.0,2018-03-08,2018-03-08T08:00:00.000000+0100
08/03/2018,9,55.54,2018-03-08,2018-03-08T09:00:00.000000+0100
08/03/2018,10,55.0,2018-03-08,2018-03-08T10:00:00.000000+0100
08/03/2018,11,53.33,2018-03-08,2018-03-08T11:00:00.000000+0100
08/03/2018,12,51.8,2018-03-08,2018-03-08T12:00:00.000000+0100
08/03/2018,13,49.45,2018-03-08,2018-03-08T13:00:00.000000+0100
08/03/2018,14,50.0,2018-03-08,2018-03-08T14:00:00.000000+0100
08/03/2018,15,53.36,2018-03-08,2018-03-08T15:00:00.000000+0100
08/03/2018,16,57.0,2018-03-08,2018-03-08T16:00:00.000000+0100
08/03/2018,17,55.39,2018-03-08,2018-03-08T17:00:00.000000+0100
08/03/2018,18,62.0,2018-03-08,2018-03-08T18:00:00.000000+0100
08/03/2018,19,75.62,2018-03-08,2018-03-08T19:00:00.000000+0100
08/03/2018,20,75.82,2018-03-08,2018-03-08T20:00:00.000000+0100
08/03/2018,21,61.9,2018-03-08,2018-03-08T21:00:00.000000+0100
08/03/2018,22,55.0,2018-03-08,2018-03-08T22:00:00.000000+0100
08/03/2018,23,51.82,2018-03-08,2018-03-08T23:00:00.000000+0100
08/03/2018,24,49.26,2018-03-08,2018-03-09T00:00:00.000000+0100
09/03/2018,1,46.5,2018-03-09,2018-03-09T01:00:00.000000+0100
09/03/2018,2,43.86,2018-03-09,2018-03-09T02:00:00.000000+0100
09/03/2018,3,42.97,2018-03-09,2018-03-09T03:00:00.000000+0100
09/03/2018,4,42.5,2018-03-09,2018-03-09T04:00:00.000000+0100
09/03/2018,5,42.46,2018-03-09,2018-03-09T05:00:00.000000+0100
09/03/2018,6,44.76,2018-03-09,2018-03-09T06:00:00.000000+0100
09/03/2018,7,52.1,2018-03-09,2018-03-09T07:00:00.000000+0100
09/03/2018,8,54.83,2018-03-09,2018-03-09T08:00:00.000000+0100
09/03/2018,9,55.7,2018-03-09,2018-03-09T09:00:00.000000+0100
09/03/2018,10,54.01,2018-03-09,2018-03-09T10:00:00.000000+0100
09/03/2018,11,52.24,2018-03-09,2018-03-09T11:00:00.000000+0100
09/03/2018,12,50.9,2018-03-09,2018-03-09T12:00:00.000000+0100
09/03/2018,13,48.67,2018-03-09,2018-03-09T13:00:00.000000+0100
09/03/2018,14,49.34,2018-03-09,2018-03-09T14:00:00.000000+0100
09/03/2018,15,51.65,2018-03-09,2018-03-09T15:00:00.000000+0100
09/03/2018,16,53.0,2018-03-09,2018-03-09T16:00:00.000000+0100
09/03/2018,17,54.5,2018-03-09,2018-03-09T17:00:00.000000+0100
09/03/2018,18,56.43,2018-03-09,2018-03-09T18:00:00.000000+0100
09/03/2018,19,74.18,2018-03-09,2018-03-09T19:00:00.000000+0100
09/03/2018,20,74.18,2018-03-09,2018-03-09T20:00:00.000000+0100
09/03/2018,21,54.83,2018-03-09,2018-03-09T21:00:00.000000+0100
09/03/2018,22,53.92,2018-03-09,2018-03-09T22:00:00.000000+0100
09/03/2018,23,50.62,2018-03-09,2018-03-09T23:00:00.000000+0100
09/03/2018,24,49.95,2018-03-09,2018-03-10T00:00:00.000000+0100
10/03/2018,1,49.0,2018-03-10,2018-03-10T01:00:00.000000+0100
10/03/2018,2,45.24,2018-03-10,2018-03-10T02:00:00.000000+0100
10/03/2018,3,43.78,2018-03-10,2018-03-10T03:00:00.000000+0100
10/03/2018,4,43.26,2018-03-10,2018-03-10T04:00:00.000000+0100
10/03/2018,5,42.65,2018-03-10,2018-03-10T05:00:00.000000+0100
10/03/2018,6,43.81,2018-03-10,2018-03-10T06:00:00.000000+0100
10/03/2018,7,45.24,2018-03-10,2018-03-10T07:00:00.000000+0100
10/03/2018,8,47.52,2018-03-10,2018-03-10T08:00:00.000000+0100
10/03/2018,9,50.85,2018-03-10,2018-03-10T09:00:00.000000+0100
10/03/2018,10,54.01,2018-03-10,2018-03-10T10:00:00.000000+0100
10/03/2018,11,49.99,2018-03-10,2018-03-10T11:00:00.000000+0100
10/03/2018,12,44.74,2018-03-10,2018-03-10T12:00:00.000000+0100
10/03/2018,13,46.0,2018-03-10,2018-03-10T13:00:00.000000+0100
10/03/2018,14,45.41,2018-03-10,2018-03-10T14:00:00.000000+0100
10/03/2018,15,43.26,2018-03-10,2018-03-10T15:00:00.000000+0100
10/03/2018,16,45.71,2018-03-10,2018-03-10T16:00:00.000000+0100
10/03/2018,17,48.49,2018-03-10,2018-03-10T17:00:00.000000+0100
10/03/2018,18,49.52,2018-03-10,2018-03-10T18:00:00.000000+0100
10/03/2018,19,54.89,2018-03-10,2018-03-10T19:00:00.000000+0100
10/03/2018,20,63.31,2018-03-10,2018-03-10T20:00:00.000000+0100
10/03/2018,21,52.92,2018-03-10,2018-03-10T21:00:00.000000+0100
10/03/2018,22,49.3,2018-03-10,2018-03-10T22:00:00.000000+0100
10/03/2018,23,46.44,2018-03-10,2018-03-10T23:00:00.000000+0100
10/03/2018,24,43.0,2018-03-10,2018-03-11T00:00:00.000000+0100
11/03/2018,1,41.57,2018-03-11,2018-03-11T01:00:00.000000+0100
11/03/2018,2,40.0,2018-03-11,2018-03-11T02:00:00.000000+0100
11/03/2018,3,34.94,2018-03-11,2018-03-11T03:00:00.000000+0100
11/03/2018,4,31.51,2018-03-11,2018-03-11T04:00:00.000000+0100
11/03/2018,5,35.0,2018-03-11,2018-03-11T05:00:00.000000+0100
11/03/2018,6,40.68,2018-03-11,2018-03-11T06:00:00.000000+0100
11/03/2018,7,39.25,2018-03-11,2018-03-11T07:00:00.000000+0100
11/03/2018,8,40.68,2018-03-11,2018-03-11T08:00:00.000000+0100
11/03/2018,9,46.55,2018-03-11,2018-03-11T09:00:00.000000+0100
11/03/2018,10,46.78,2018-03-11,2018-03-11T10:00:00.000000+0100
11/03/2018,11,46.78,2018-03-11,2018-03-11T11:00:00.000000+0100
11/03/2018,12,46.78,2018-03-11,2018-03-11T12:00:00.000000+0100
11/03/2018,13,46.78,2018-03-11,2018-03-11T13:00:00.000000+0100
11/03/2018,14,10.0,2018-03-11,2018-03-11T14:00:00.000000+0100
11/03/2018,15,19.9,2018-03-11,2018-03-11T15:00:00.000000+0100
11/03/2018,16,46.78,2018-03-11,2018-03-11T16:00:00.000000+0100
11/03/2018,17,47.78,2018-03-11,2018-03-11T17:00:00.000000+0100
11/03/2018,18,54.43,2018-03-11,2018-03-11T18:00:00.000000+0100
11/03/2018,19,74.18,2018-03-11,2018-03-11T19:00:00.000000+0100
11/03/2018,20,74.18,2018-03-11,2018-03-11T20:00:00.000000+0100
11/03/2018,21,55.0,2018-03-11,2018-03-11T21:00:00.000000+0100
11/03/2018,22,50.12,2018-03-11,2018-03-11T22:00:00.000000+0100
11/03/2018,23,45.0,2018-03-11,2018-03-11T23:00:00.000000+0100
11/03/2018,24,40.68,2018-03-11,2018-03-12T00:00:00.000000+0100
12/03/2018,1,32.1,2018-03-12,2018-03-12T01:00:00.000000+0100
12/03/2018,2,28.46,2018-03-12,2018-03-12T02:00:00.000000+0100
12/03/2018,3,19.8,2018-03-12,2018-03-12T03:00:00.000000+0100
12/03/2018,4,12.0,2018-03-12,2018-03-12T04:00:00.000000+0100
12/03/2018,5,19.34,2018-03-12,2018-03-12T05:00:00.000000+0100
12/03/2018,6,30.0,2018-03-12,2018-03-12T06:00:00.000000+0100
12/03/2018,7,44.69,2018-03-12,2018-03-12T07:00:00.000000+0100
12/03/2018,8,50.58,2018-03-12,2018-03-12T08:00:00.000000+0100
12/03/2018,9,52.85,2018-03-12,2018-03-12T09:00:00.000000+0100
12/03/2018,10,49.67,2018-03-12,2018-03-12T10:00:00.000000+0100
12/03/2018,11,49.67,2018-03-12,2018-03-12T11:00:00.000000+0100
12/03/2018,12,50.0,2018-03-12,2018-03-12T12:00:00.000000+0100
12/03/2018,13,45.56,2018-03-12,2018-03-12T13:00:00.000000+0100
12/03/2018,14,46.15,2018-03-12,2018-03-12T14:00:00.000000+0100
12/03/2018,15,49.46,2018-03-12,2018-03-12T15:00:00.000000+0100
12/03/2018,16,49.67,2018-03-12,2018-03-12T16:00:00.000000+0100
12/03/2018,17,49.67,2018-03-12,2018-03-12T17:00:00.000000+0100
12/03/2018,18,51.25,2018-03-12,2018-03-12T18:00:00.000000+0100
12/03/2018,19,56.0,2018-03-12,2018-03-12T19:00:00.000000+0100
12/03/2018,20,62.0,2018-03-12,2018-03-12T20:00:00.000000+0100
12/03/2018,21,55.23,2018-03-12,2018-03-12T21:00:00.000000+0100
12/03/2018,22,50.46,2018-03-12,2018-03-12T22:00:00.000000+0100
12/03/2018,23,45.56,2018-03-12,2018-03-12T23:00:00.000000+0100
12/03/2018,24,40.5,2018-03-12,2018-03-13T00:00:00.000000+0100
13/03/2018,1,40.68,2018-03-13,2018-03-13T01:00:00.000000+0100
13/03/2018,2,32.9,2018-03-13,2018-03-13T02:00:00.000000+0100
13/03/2018,3,28.86,2018-03-13,2018-03-13T03:00:00.000000+0100
13/03/2018,4,27.0,2018-03-13,2018-03-13T04:00:00.000000+0100
13/03/2018,5,29.49,2018-03-13,2018-03-13T05:00:00.000000+0100
13/03/2018,6,40.3,2018-03-13,2018-03-13T06:00:00.000000+0100
13/03/2018,7,49.67,2018-03-13,2018-03-13T07:00:00.000000+0100
13/03/2018,8,59.0,2018-03-13,2018-03-13T08:00:00.000000+0100
13/03/2018,9,65.5,2018-03-13,2018-03-13T09:00:00.000000+0100
13/03/2018,10,55.25,2018-03-13,2018-03-13T10:00:00.000000+0100
13/03/2018,11,49.67,2018-03-13,2018-03-13T11:00:00.000000+0100
13/03/2018,12,55.0,2018-03-13,2018-03-13T12:00:00.000000+0100
13/03/2018,13,49.67,2018-03-13,2018-03-13T13:00:00.000000+0100
13/03/2018,14,53.29,2018-03-13,2018-03-13T14:00:00.000000+0100
13/03/2018,15,55.19,2018-03-13,2018-03-13T15:00:00.000000+0100
13/03/2018,16,49.67,2018-03-13,2018-03-13T16:00:00.000000+0100
13/03/2018,17,59.91,2018-03-13,2018-03-13T17:00:00.000000+0100
13/03/2018,18,66.5,2018-03-13,2018-03-13T18:00:00.000000+0100
13/03/2018,19,79.0,2018-03-13,2018-03-13T19:00:00.000000+0100
13/03/2018,20,95.0,2018-03-13,2018-03-13T20:00:00.000000+0100
13/03/2018,21,74.03,2018-03-13,2018-03-13T21:00:00.000000+0100
13/03/2018,22,66.87,2018-03-13,2018-03-13T22:00:00.000000+0100
13/03/2018,23,61.24,2018-03-13,2018-03-13T23:00:00.000000+0100
13/03/2018,24,51.46,2018-03-13,2018-03-14T00:00:00.000000+0100
14/03/2018,1,43.92,2018-03-14,2018-03-14T01:00:00.000000+0100
14/03/2018,2,40.49,2018-03-14,2018-03-14T02:00:00.000000+0100
14/03/2018,3,37.02,2018-03-14,2018-03-14T03:00:00.000000+0100
14/03/2018,4,35.56,2018-03-14,2018-03-14T04:00:00.000000+0100
14/03/2018,5,35.56,2018-03-14,2018-03-14T05:00:00.000000+0100
14/03/2018,6,41.0,2018-03-14,2018-03-14T06:00:00.000000+0100
14/03/2018,7,49.0,2018-03-14,2018-03-14T07:00:00.000000+0100
14/03/2018,8,63.7,2018-03-14,2018-03-14T08:00:00.000000+0100
14/03/2018,9,62.87,2018-03-14,2018-03-14T09:00:00.000000+0100
14/03/2018,10,52.3,2018-03-14,2018-03-14T10:00:00.000000+0100
14/03/2018,11,47.01,2018-03-14,2018-03-14T11:00:00.000000+0100
14/03/2018,12,42.0,2018-03-14,2018-03-14T12:00:00.000000+0100
14/03/2018,13,41.42,2018-03-14,2018-03-14T13:00:00.000000+0100
14/03/2018,14,41.42,2018-03-14,2018-03-14T14:00:00.000000+0100
14/03/2018,15,46.99,2018-03-14,2018-03-14T15:00:00.000000+0100
14/03/2018,16,50.96,2018-03-14,2018-03-14T16:00:00.000000+0100
14/03/2018,17,56.61,2018-03-14,2018-03-14T17:00:00.000000+0100
14/03/2018,18,65.11,2018-03-14,2018-03-14T18:00:00.000000+0100
14/03/2018,19,74.03,2018-03-14,2018-03-14T19:00:00.000000+0100
14/03/2018,20,75.56,2018-03-14,2018-03-14T20:00:00.000000+0100
14/03/2018,21,72.48,2018-03-14,2018-03-14T21:00:00.000000+0100
14/03/2018,22,62.64,2018-03-14,2018-03-14T22:00:00.000000+0100
14/03/2018,23,55.5,2018-03-14,2018-03-14T23:00:00.000000+0100
14/03/2018,24,47.94,2018-03-14,2018-03-15T00:00:00.000000+0100
15/03/2018,1,47.2,2018-03-15,2018-03-15T01:00:00.000000+0100
15/03/2018,2,44.92,2018-03-15,2018-03-15T02:00:00.000000+0100
15/03/2018,3,43.68,2018-03-15,2018-03-15T03:00:00.000000+0100
15/03/2018,4,42.26,2018-03-15,2018-03-15T04:00:00.000000+0100
15/03/2018,5,41.42,2018-03-15,2018-03-15T05:00:00.000000+0100
15/03/2018,6,45.0,2018-03-15,2018-03-15T06:00:00.000000+0100
15/03/2018,7,59.41,2018-03-15,2018-03-15T07:00:00.000000+0100
15/03/2018,8,66.7,2018-03-15,2018-03-15T08:00:00.000000+0100
15/03/2018,9,73.73,2018-03-15,2018-03-15T09:00:00.000000+0100
15/03/2018,10,57.05,2018-03-15,2018-03-15T10:00:00.000000+0100
15/03/2018,11,53.02,2018-03-15,2018-03-15T11:00:00.000000+0100
15/03/2018,12,54.84,2018-03-15,2018-03-15T12:00:00.000000+0100
15/03/2018,13,41.57,2018-03-15,2018-03-15T13:00:00.000000+0100
15/03/2018,14,41.42,2018-03-15,2018-03-15T14:00:00.000000+0100
15/03/2018,15,55.9,2018-03-15,2018-03-15T15:00:00.000000+0100
15/03/2018,16,62.64,2018-03-15,2018-03-15T16:00:00.000000+0100
15/03/2018,17,63.0,2018-03-15,2018-03-15T17:00:00.000000+0100
15/03/2018,18,66.57,2018-03-15,2018-03-15T18:00:00.000000+0100
15/03/2018,19,74.03,2018-03-15,2018-03-15T19:00:00.000000+0100
15/03/2018,20,75.56,2018-03-15,2018-03-15T20:00:00.000000+0100
15/03/2018,21,66.8,2018-03-15,2018-03-15T21:00:00.000000+0100
15/03/2018,22,56.35,2018-03-15,2018-03-15T22:00:00.000000+0100
15/03/2018,23,52.07,2018-03-15,2018-03-15T23:00:00.000000+0100
15/03/2018,24,45.45,2018-03-15,2018-03-16T00:00:00.000000+0100
16/03/2018,1,45.42,2018-03-16,2018-03-16T01:00:00.000000+0100
16/03/2018,2,40.68,2018-03-16,2018-03-16T02:00:00.000000+0100
16/03/2018,3,35.89,2018-03-16,2018-03-16T03:00:00.000000+0100
16/03/2018,4,36.9,2018-03-16,2018-03-16T04:00:00.000000+0100
16/03/2018,5,39.1,2018-03-16,2018-03-16T05:00:00.000000+0100
16/03/2018,6,43.55,2018-03-16,2018-03-16T06:00:00.000000+0100
16/03/2018,7,52.0,2018-03-16,2018-03-16T07:00:00.000000+0100
16/03/2018,8,55.0,2018-03-16,2018-03-16T08:00:00.000000+0100
16/03/2018,9,58.19,2018-03-16,2018-03-16T09:00:00.000000+0100
16/03/2018,10,55.99,2018-03-16,2018-03-16T10:00:00.000000+0100
16/03/2018,11,52.86,2018-03-16,2018-03-16T11:00:00.000000+0100
16/03/2018,12,53.4,2018-03-16,2018-03-16T12:00:00.000000+0100
16/03/2018,13,52.11,2018-03-16,2018-03-16T13:00:00.000000+0100
16/03/2018,14,50.18,2018-03-16,2018-03-16T14:00:00.000000+0100
16/03/2018,15,52.27,2018-03-16,2018-03-16T15:00:00.000000+0100
16/03/2018,16,52.99,2018-03-16,2018-03-16T16:00:00.000000+0100
16/03/2018,17,56.0,2018-03-16,2018-03-16T17:00:00.000000+0100
16/03/2018,18,60.01,2018-03-16,2018-03-16T18:00:00.000000+0100
16/03/2018,19,74.03,2018-03-16,2018-03-16T19:00:00.000000+0100
16/03/2018,20,75.56,2018-03-16,2018-03-16T20:00:00.000000+0100
16/03/2018,21,73.73,2018-03-16,2018-03-16T21:00:00.000000+0100
16/03/2018,22,56.99,2018-03-16,2018-03-16T22:00:00.000000+0100
16/03/2018,23,54.23,2018-03-16,2018-03-16T23:00:00.000000+0100
16/03/2018,24,51.3,2018-03-16,2018-03-17T00:00:00.000000+0100
17/03/2018,1,57.0,2018-03-17,2018-03-17T01:00:00.000000+0100
17/03/2018,2,51.0,2018-03-17,2018-03-17T02:00:00.000000+0100
17/03/2018,3,49.72,2018-03-17,2018-03-17T03:00:00.000000+0100
17/03/2018,4,47.77,2018-03-17,2018-03-17T04:00:00.000000+0100
17/03/2018,5,46.72,2018-03-17,2018-03-17T05:00:00.000000+0100
17/03/2018,6,48.09,2018-03-17,2018-03-17T06:00:00.000000+0100
17/03/2018,7,52.53,2018-03-17,2018-03-17T07:00:00.000000+0100
17/03/2018,8,56.56,2018-03-17,2018-03-17T08:00:00.000000+0100
17/03/2018,9,60.44,2018-03-17,2018-03-17T09:00:00.000000+0100
17/03/2018,10,66.8,2018-03-17,2018-03-17T10:00:00.000000+0100
17/03/2018,11,68.41,2018-03-17,2018-03-17T11:00:00.000000+0100
17/03/2018,12,52.53,2018-03-17,2018-03-17T12:00:00.000000+0100
17/03/2018,13,45.82,2018-03-17,2018-03-17T13:00:00.000000+0100
17/03/2018,14,45.66,2018-03-17,2018-03-17T14:00:00.000000+0100
17/03/2018,15,45.66,2018-03-17,2018-03-17T15:00:00.000000+0100
17/03/2018,16,45.82,2018-03-17,2018-03-17T16:00:00.000000+0100
17/03/2018,17,51.09,2018-03-17,2018-03-17T17:00:00.000000+0100
17/03/2018,18,52.53,2018-03-17,2018-03-17T18:00:00.000000+0100
17/03/2018,19,62.9,2018-03-17,2018-03-17T19:00:00.000000+0100
17/03/2018,20,73.61,2018-03-17,2018-03-17T20:00:00.000000+0100
17/03/2018,21,63.83,2018-03-17,2018-03-17T21:00:00.000000+0100
17/03/2018,22,57.4,2018-03-17,2018-03-17T22:00:00.000000+0100
17/03/2018,23,57.89,2018-03-17,2018-03-17T23:00:00.000000+0100
17/03/2018,24,52.53,2018-03-17,2018-03-18T00:00:00.000000+0100
18/03/2018,1,46.72,2018-03-18,2018-03-18T01:00:00.000000+0100
18/03/2018,2,43.97,2018-03-18,2018-03-18T02:00:00.000000+0100
18/03/2018,3,40.63,2018-03-18,2018-03-18T03:00:00.000000+0100
18/03/2018,4,38.75,2018-03-18,2018-03-18T04:00:00.000000+0100
18/03/2018,5,37.1,2018-03-18,2018-03-18T05:00:00.000000+0100
18/03/2018,6,37.89,2018-03-18,2018-03-18T06:00:00.000000+0100
18/03/2018,7,37.6,2018-03-18,2018-03-18T07:00:00.000000+0100
18/03/2018,8,36.29,2018-03-18,2018-03-18T08:00:00.000000+0100
18/03/2018,9,37.05,2018-03-18,2018-03-18T09:00:00.000000+0100
18/03/2018,10,41.64,2018-03-18,2018-03-18T10:00:00.000000+0100
18/03/2018,11,47.0,2018-03-18,2018-03-18T11:00:00.000000+0100
18/03/2018,12,45.98,2018-03-18,2018-03-18T12:00:00.000000+0100
18/03/2018,13,47.68,2018-03-18,2018-03-18T13:00:00.000000+0100
18/03/2018,14,44.36,2018-03-18,2018-03-18T14:00:00.000000+0100
18/03/2018,15,37.7,2018-03-18,2018-03-18T15:00:00.000000+0100
18/03/2018,16,38.0,2018-03-18,2018-03-18T16:00:00.000000+0100
18/03/2018,17,45.74,2018-03-18,2018-03-18T17:00:00.000000+0100
18/03/2018,18,49.49,2018-03-18,2018-03-18T18:00:00.000000+0100
18/03/2018,19,60.0,2018-03-18,2018-03-18T19:00:00.000000+0100
18/03/2018,20,66.0,2018-03-18,2018-03-18T20:00:00.000000+0100
18/03/2018,21,64.5,2018-03-18,2018-03-18T21:00:00.000000+0100
18/03/2018,22,59.95,2018-03-18,2018-03-18T22:00:00.000000+0100
18/03/2018,23,54.92,2018-03-18,2018-03-18T23:00:00.000000+0100
18/03/2018,24,48.7,2018-03-18,2018-03-19T00:00:00.000000+0100
19/03/2018,1,45.87,2018-03-19,2018-03-19T01:00:00.000000+0100
19/03/2018,2,41.9,2018-03-19,2018-03-19T02:00:00.000000+0100
19/03/2018,3,40.0,2018-03-19,2018-03-19T03:00:00.000000+0100
19/03/2018,4,37.7,2018-03-19,2018-03-19T04:00:00.000000+0100
19/03/2018,5,38.1,2018-03-19,2018-03-19T05:00:00.000000+0100
19/03/2018,6,43.04,2018-03-19,2018-03-19T06:00:00.000000+0100
19/03/2018,7,57.13,2018-03-19,2018-03-19T07:00:00.000000+0100
19/03/2018,8,65.8,2018-03-19,2018-03-19T08:00:00.000000+0100
19/03/2018,9,70.0,2018-03-19,2018-03-19T09:00:00.000000+0100
19/03/2018,10,71.95,2018-03-19,2018-03-19T10:00:00.000000+0100
19/03/2018,11,69.3,2018-03-19,2018-03-19T11:00:00.000000+0100
19/03/2018,12,69.3,2018-03-19,2018-03-19T12:00:00.000000+0100
19/03/2018,13,60.4,2018-03-19,2018-03-19T13:00:00.000000+0100
19/03/2018,14,59.22,2018-03-19,2018-03-19T14:00:00.000000+0100
19/03/2018,15,62.49,2018-03-19,2018-03-19T15:00:00.000000+0100
19/03/2018,16,64.55,2018-03-19,2018-03-19T16:00:00.000000+0100
19/03/2018,17,71.0,2018-03-19,2018-03-19T17:00:00.000000+0100
19/03/2018,18,67.77,2018-03-19,2018-03-19T18:00:00.000000+0100
19/03/2018,19,73.0,2018-03-19,2018-03-19T19:00:00.000000+0100
19/03/2018,20,98.19,2018-03-19,2018-03-19T20:00:00.000000+0100
19/03/2018,21,67.9,2018-03-19,2018-03-19T21:00:00.000000+0100
19/03/2018,22,61.41,2018-03-19,2018-03-19T22:00:00.000000+0100
19/03/2018,23,59.22,2018-03-19,2018-03-19T23:00:00.000000+0100
19/03/2018,24,51.15,2018-03-19,2018-03-20T00:00:00.000000+0100
20/03/2018,1,46.6,2018-03-20,2018-03-20T01:00:00.000000+0100
20/03/2018,2,46.6,2018-03-20,2018-03-20T02:00:00.000000+0100
20/03/2018,3,44.82,2018-03-20,2018-03-20T03:00:00.000000+0100
20/03/2018,4,46.4,2018-03-20,2018-03-20T04:00:00.000000+0100
20/03/2018,5,46.97,2018-03-20,2018-03-20T05:00:00.000000+0100
20/03/2018,6,48.24,2018-03-20,2018-03-20T06:00:00.000000+0100
20/03/2018,7,58.27,2018-03-20,2018-03-20T07:00:00.000000+0100
20/03/2018,8,70.54,2018-03-20,2018-03-20T08:00:00.000000+0100
20/03/2018,9,74.15,2018-03-20,2018-03-20T09:00:00.000000+0100
20/03/2018,10,71.45,2018-03-20,2018-03-20T10:00:00.000000+0100
20/03/2018,11,68.8,2018-03-20,2018-03-20T11:00:00.000000+0100
20/03/2018,12,64.5,2018-03-20,2018-03-20T12:00:00.000000+0100
20/03/2018,13,58.27,2018-03-20,2018-03-20T13:00:00.000000+0100
20/03/2018,14,58.1,2018-03-20,2018-03-20T14:00:00.000000+0100
20/03/2018,15,65.0,2018-03-20,2018-03-20T15:00:00.000000+0100
20/03/2018,16,71.0,2018-03-20,2018-03-20T16:00:00.000000+0100
20/03/2018,17,71.0,2018-03-20,2018-03-20T17:00:00.000000+0100
20/03/2018,18,73.5,2018-03-20,2018-03-20T18:00:00.000000+0100
20/03/2018,19,75.29,2018-03-20,2018-03-20T19:00:00.000000+0100
20/03/2018,20,75.68,2018-03-20,2018-03-20T20:00:00.000000+0100
20/03/2018,21,71.73,2018-03-20,2018-03-20T21:00:00.000000+0100
20/03/2018,22,60.94,2018-03-20,2018-03-20T22:00:00.000000+0100
20/03/2018,23,56.0,2018-03-20,2018-03-20T23:00:00.000000+0100
20/03/2018,24,52.11,2018-03-20,2018-03-21T00:00:00.000000+0100
21/03/2018,1,48.23,2018-03-21,2018-03-21T01:00:00.000000+0100
21/03/2018,2,44.66,2018-03-21,2018-03-21T02:00:00.000000+0100
21/03/2018,3,44.0,2018-03-21,2018-03-21T03:00:00.000000+0100
21/03/2018,4,44.4,2018-03-21,2018-03-21T04:00:00.000000+0100
21/03/2018,5,44.9,2018-03-21,2018-03-21T05:00:00.000000+0100
21/03/2018,6,46.4,2018-03-21,2018-03-21T06:00:00.000000+0100
21/03/2018,7,57.15,2018-03-21,2018-03-21T07:00:00.000000+0100
21/03/2018,8,71.0,2018-03-21,2018-03-21T08:00:00.000000+0100
21/03/2018,9,78.33,2018-03-21,2018-03-21T09:00:00.000000+0100
21/03/2018,10,70.34,2018-03-21,2018-03-21T10:00:00.000000+0100
21/03/2018,11,61.46,2018-03-21,2018-03-21T11:00:00.000000+0100
21/03/2018,12,57.99,2018-03-21,2018-03-21T12:00:00.000000+0100
21/03/2018,13,55.26,2018-03-21,2018-03-21T13:00:00.000000+0100
21/03/2018,14,55.08,2018-03-21,2018-03-21T14:00:00.000000+0100
21/03/2018,15,56.01,2018-03-21,2018-03-21T15:00:00.000000+0100
21/03/2018,16,57.0,2018-03-21,2018-03-21T16:00:00.000000+0100
21/03/2018,17,58.0,2018-03-21,2018-03-21T17:00:00.000000+0100
21/03/2018,18,59.88,2018-03-21,2018-03-21T18:00:00.000000+0100
21/03/2018,19,70.69,2018-03-21,2018-03-21T19:00:00.000000+0100
21/03/2018,20,78.91,2018-03-21,2018-03-21T20:00:00.000000+0100
21/03/2018,21,65.73,2018-03-21,2018-03-21T21:00:00.000000+0100
21/03/2018,22,57.99,2018-03-21,2018-03-21T22:00:00.000000+0100
21/03/2018,23,55.74,2018-03-21,2018-03-21T23:00:00.000000+0100
21/03/2018,24,49.7,2018-03-21,2018-03-22T00:00:00.000000+0100
22/03/2018,1,58.72,2018-03-22,2018-03-22T01:00:00.000000+0100
22/03/2018,2,51.61,2018-03-22,2018-03-22T02:00:00.000000+0100
22/03/2018,3,54.24,2018-03-22,2018-03-22T03:00:00.000000+0100
22/03/2018,4,48.77,2018-03-22,2018-03-22T04:00:00.000000+0100
22/03/2018,5,48.3,2018-03-22,2018-03-22T05:00:00.000000+0100
22/03/2018,6,51.86,2018-03-22,2018-03-22T06:00:00.000000+0100
22/03/2018,7,58.72,2018-03-22,2018-03-22T07:00:00.000000+0100
22/03/2018,8,73.0,2018-03-22,2018-03-22T08:00:00.000000+0100
22/03/2018,9,75.0,2018-03-22,2018-03-22T09:00:00.000000+0100
22/03/2018,10,75.0,2018-03-22,2018-03-22T10:00:00.000000+0100
22/03/2018,11,71.0,2018-03-22,2018-03-22T11:00:00.000000+0100
22/03/2018,12,63.88,2018-03-22,2018-03-22T12:00:00.000000+0100
22/03/2018,13,58.72,2018-03-22,2018-03-22T13:00:00.000000+0100
22/03/2018,14,58.72,2018-03-22,2018-03-22T14:00:00.000000+0100
22/03/2018,15,62.01,2018-03-22,2018-03-22T15:00:00.000000+0100
22/03/2018,16,70.01,2018-03-22,2018-03-22T16:00:00.000000+0100
22/03/2018,17,75.0,2018-03-22,2018-03-22T17:00:00.000000+0100
22/03/2018,18,82.56,2018-03-22,2018-03-22T18:00:00.000000+0100
22/03/2018,19,96.0,2018-03-22,2018-03-22T19:00:00.000000+0100
22/03/2018,20,113.16,2018-03-22,2018-03-22T20:00:00.000000+0100
22/03/2018,21,82.64,2018-03-22,2018-03-22T21:00:00.000000+0100
22/03/2018,22,73.0,2018-03-22,2018-03-22T22:00:00.000000+0100
22/03/2018,23,64.07,2018-03-22,2018-03-22T23:00:00.000000+0100
22/03/2018,24,58.0,2018-03-22,2018-03-23T00:00:00.000000+0100
23/03/2018,1,44.66,2018-03-23,2018-03-23T01:00:00.000000+0100
23/03/2018,2,43.9,2018-03-23,2018-03-23T02:00:00.000000+0100
23/03/2018,3,41.13,2018-03-23,2018-03-23T03:00:00.000000+0100
23/03/2018,4,40.49,2018-03-23,2018-03-23T04:00:00.000000+0100
23/03/2018,5,40.55,2018-03-23,2018-03-23T05:00:00.000000+0100
23/03/2018,6,44.2,2018-03-23,2018-03-23T06:00:00.000000+0100
23/03/2018,7,50.59,2018-03-23,2018-03-23T07:00:00.000000+0100
23/03/2018,8,64.07,2018-03-23,2018-03-23T08:00:00.000000+0100
23/03/2018,9,70.42,2018-03-23,2018-03-23T09:00:00.000000+0100
23/03/2018,10,65.72,2018-03-23,2018-03-23T10:00:00.000000+0100
23/03/2018,11,55.23,2018-03-23,2018-03-23T11:00:00.000000+0100
23/03/2018,12,54.4,2018-03-23,2018-03-23T12:00:00.000000+0100
23/03/2018,13,48.32,2018-03-23,2018-03-23T13:00:00.000000+0100
23/03/2018,14,50.35,2018-03-23,2018-03-23T14:00:00.000000+0100
23/03/2018,15,49.72,2018-03-23,2018-03-23T15:00:00.000000+0100
23/03/2018,16,52.05,2018-03-23,2018-03-23T16:00:00.000000+0100
23/03/2018,17,55.0,2018-03-23,2018-03-23T17:00:00.000000+0100
23/03/2018,18,57.99,2018-03-23,2018-03-23T18:00:00.000000+0100
23/03/2018,19,69.19,2018-03-23,2018-03-23T19:00:00.000000+0100
23/03/2018,20,77.81,2018-03-23,2018-03-23T20:00:00.000000+0100
23/03/2018,21,70.0,2018-03-23,2018-03-23T21:00:00.000000+0100
23/03/2018,22,57.15,2018-03-23,2018-03-23T22:00:00.000000+0100
23/03/2018,23,54.94,2018-03-23,2018-03-23T23:00:00.000000+0100
23/03/2018,24,49.37,2018-03-23,2018-03-24T00:00:00.000000+0100
24/03/2018,1,47.39,2018-03-24,2018-03-24T01:00:00.000000+0100
24/03/2018,2,46.08,2018-03-24,2018-03-24T02:00:00.000000+0100
24/03/2018,3,45.68,2018-03-24,2018-03-24T03:00:00.000000+0100
24/03/2018,4,44.93,2018-03-24,2018-03-24T04:00:00.000000+0100
24/03/2018,5,45.26,2018-03-24,2018-03-24T05:00:00.000000+0100
24/03/2018,6,45.29,2018-03-24,2018-03-24T06:00:00.000000+0100
24/03/2018,7,45.6,2018-03-24,2018-03-24T07:00:00.000000+0100
24/03/2018,8,47.39,2018-03-24,2018-03-24T08:00:00.000000+0100
24/03/2018,9,49.99,2018-03-24,2018-03-24T09:00:00.000000+0100
24/03/2018,10,52.73,2018-03-24,2018-03-24T10:00:00.000000+0100
24/03/2018,11,48.76,2018-03-24,2018-03-24T11:00:00.000000+0100
24/03/2018,12,47.64,2018-03-24,2018-03-24T12:00:00.000000+0100
24/03/2018,13,46.08,2018-03-24,2018-03-24T13:00:00.000000+0100
24/03/2018,14,45.0,2018-03-24,2018-03-24T14:00:00.000000+0100
24/03/2018,15,43.77,2018-03-24,2018-03-24T15:00:00.000000+0100
24/03/2018,16,45.5,2018-03-24,2018-03-24T16:00:00.000000+0100
24/03/2018,17,47.1,2018-03-24,2018-03-24T17:00:00.000000+0100
24/03/2018,18,51.5,2018-03-24,2018-03-24T18:00:00.000000+0100
24/03/2018,19,72.01,2018-03-24,2018-03-24T19:00:00.000000+0100
24/03/2018,20,80.0,2018-03-24,2018-03-24T20:00:00.000000+0100
24/03/2018,21,66.45,2018-03-24,2018-03-24T21:00:00.000000+0100
24/03/2018,22,52.14,2018-03-24,2018-03-24T22:00:00.000000+0100
24/03/2018,23,47.68,2018-03-24,2018-03-24T23:00:00.000000+0100
24/03/2018,24,46.08,2018-03-24,2018-03-25T00:00:00.000000+0100
25/03/2018,1,46.74,2018-03-25,2018-03-25T01:00:00.000000+0100
25/03/2018,2,46.0,2018-03-25,2018-03-25T03:00:00.000000+0200
25/03/2018,3,37.85,2018-03-25,2018-03-25T04:00:00.000000+0200
25/03/2018,4,37.43,2018-03-25,2018-03-25T05:00:00.000000+0200
25/03/2018,5,43.0,2018-03-25,2018-03-25T06:00:00.000000+0200
25/03/2018,6,42.24,2018-03-25,2018-03-25T07:00:00.000000+0200
25/03/2018,7,43.67,2018-03-25,2018-03-25T08:00:00.000000+0200
25/03/2018,8,46.08,2018-03-25,2018-03-25T09:00:00.000000+0200
25/03/2018,9,46.08,2018-03-25,2018-03-25T10:00:00.000000+0200
25/03/2018,10,46.36,2018-03-25,2018-03-25T11:00:00.000000+0200
25/03/2018,11,46.17,2018-03-25,2018-03-25T12:00:00.000000+0200
25/03/2018,12,45.7,2018-03-25,2018-03-25T13:00:00.000000+0200
25/03/2018,13,42.1,2018-03-25,2018-03-25T14:00:00.000000+0200
25/03/2018,14,37.95,2018-03-25,2018-03-25T15:00:00.000000+0200
25/03/2018,15,35.6,2018-03-25,2018-03-25T16:00:00.000000+0200
25/03/2018,16,39.82,2018-03-25,2018-03-25T17:00:00.000000+0200
25/03/2018,17,45.01,2018-03-25,2018-03-25T18:00:00.000000+0200
25/03/2018,18,51.18,2018-03-25,2018-03-25T19:00:00.000000+0200
25/03/2018,19,70.0,2018-03-25,2018-03-25T20:00:00.000000+0200
25/03/2018,20,70.0,2018-03-25,2018-03-25T21:00:00.000000+0200
25/03/2018,21,60.0,2018-03-25,2018-03-25T22:00:00.000000+0200
25/03/2018,22,54.49,2018-03-25,2018-03-25T23:00:00.000000+0200
25/03/2018,23,49.39,2018-03-25,2018-03-26T00:00:00.000000+0200
26/03/2018,1,44.12,2018-03-26,2018-03-26T01:00:00.000000+0200
26/03/2018,2,39.53,2018-03-26,2018-03-26T02:00:00.000000+0200
26/03/2018,3,38.92,2018-03-26,2018-03-26T03:00:00.000000+0200
26/03/2018,4,38.01,2018-03-26,2018-03-26T04:00:00.000000+0200
26/03/2018,5,37.25,2018-03-26,2018-03-26T05:00:00.000000+0200
26/03/2018,6,40.86,2018-03-26,2018-03-26T06:00:00.000000+0200
26/03/2018,7,52.28,2018-03-26,2018-03-26T07:00:00.000000+0200
26/03/2018,8,63.03,2018-03-26,2018-03-26T08:00:00.000000+0200
26/03/2018,9,79.47,2018-03-26,2018-03-26T09:00:00.000000+0200
26/03/2018,10,76.61,2018-03-26,2018-03-26T10:00:00.000000+0200
26/03/2018,11,51.8,2018-03-26,2018-03-26T11:00:00.000000+0200
26/03/2018,12,50.0,2018-03-26,2018-03-26T12:00:00.000000+0200
26/03/2018,13,49.3,2018-03-26,2018-03-26T13:00:00.000000+0200
26/03/2018,14,51.29,2018-03-26,2018-03-26T14:00:00.000000+0200
26/03/2018,15,51.29,2018-03-26,2018-03-26T15:00:00.000000+0200
26/03/2018,16,49.29,2018-03-26,2018-03-26T16:00:00.000000+0200
26/03/2018,17,54.01,2018-03-26,2018-03-26T17:00:00.000000+0200
26/03/2018,18,55.58,2018-03-26,2018-03-26T18:00:00.000000+0200
26/03/2018,19,75.92,2018-03-26,2018-03-26T19:00:00.000000+0200
26/03/2018,20,113.79,2018-03-26,2018-03-26T20:00:00.000000+0200
26/03/2018,21,89.07,2018-03-26,2018-03-26T21:00:00.000000+0200
26/03/2018,22,74.0,2018-03-26,2018-03-26T22:00:00.000000+0200
26/03/2018,23,54.91,2018-03-26,2018-03-26T23:00:00.000000+0200
26/03/2018,24,52.38,2018-03-26,2018-03-27T00:00:00.000000+0200
27/03/2018,1,54.01,2018-03-27,2018-03-27T01:00:00.000000+0200
27/03/2018,2,51.8,2018-03-27,2018-03-27T02:00:00.000000+0200
27/03/2018,3,51.51,2018-03-27,2018-03-27T03:00:00.000000+0200
27/03/2018,4,49.19,2018-03-27,2018-03-27T04:00:00.000000+0200
27/03/2018,5,47.67,2018-03-27,2018-03-27T05:00:00.000000+0200
27/03/2018,6,51.51,2018-03-27,2018-03-27T06:00:00.000000+0200
27/03/2018,7,54.4,2018-03-27,2018-03-27T07:00:00.000000+0200
27/03/2018,8,74.39,2018-03-27,2018-03-27T08:00:00.000000+0200
27/03/2018,9,78.0,2018-03-27,2018-03-27T09:00:00.000000+0200
27/03/2018,10,61.01,2018-03-27,2018-03-27T10:00:00.000000+0200
27/03/2018,11,56.32,2018-03-27,2018-03-27T11:00:00.000000+0200
27/03/2018,12,52.73,2018-03-27,2018-03-27T12:00:00.000000+0200
27/03/2018,13,49.52,2018-03-27,2018-03-27T13:00:00.000000+0200
27/03/2018,14,47.4,2018-03-27,2018-03-27T14:00:00.000000+0200
27/03/2018,15,49.7,2018-03-27,2018-03-27T15:00:00.000000+0200
27/03/2018,16,51.29,2018-03-27,2018-03-27T16:00:00.000000+0200
27/03/2018,17,51.42,2018-03-27,2018-03-27T17:00:00.000000+0200
27/03/2018,18,52.73,2018-03-27,2018-03-27T18:00:00.000000+0200
27/03/2018,19,56.32,2018-03-27,2018-03-27T19:00:00.000000+0200
27/03/2018,20,75.92,2018-03-27,2018-03-27T20:00:00.000000+0200
27/03/2018,21,70.0,2018-03-27,2018-03-27T21:00:00.000000+0200
27/03/2018,22,54.4,2018-03-27,2018-03-27T22:00:00.000000+0200
27/03/2018,23,52.16,2018-03-27,2018-03-27T23:00:00.000000+0200
27/03/2018,24,49.24,2018-03-27,2018-03-28T00:00:00.000000+0200
28/03/2018,1,51.6,2018-03-28,2018-03-28T01:00:00.000000+0200
28/03/2018,2,48.0,2018-03-28,2018-03-28T02:00:00.000000+0200
28/03/2018,3,45.01,2018-03-28,2018-03-28T03:00:00.000000+0200
28/03/2018,4,45.16,2018-03-28,2018-03-28T04:00:00.000000+0200
28/03/2018,5,43.96,2018-03-28,2018-03-28T05:00:00.000000+0200
28/03/2018,6,46.88,2018-03-28,2018-03-28T06:00:00.000000+0200
28/03/2018,7,52.99,2018-03-28,2018-03-28T07:00:00.000000+0200
28/03/2018,8,55.12,2018-03-28,2018-03-28T08:00:00.000000+0200
28/03/2018,9,70.0,2018-03-28,2018-03-28T09:00:00.000000+0200
28/03/2018,10,56.8,2018-03-28,2018-03-28T10:00:00.000000+0200
28/03/2018,11,53.02,2018-03-28,2018-03-28T11:00:00.000000+0200
28/03/2018,12,49.3,2018-03-28,2018-03-28T12:00:00.000000+0200
28/03/2018,13,49.3,2018-03-28,2018-03-28T13:00:00.000000+0200
28/03/2018,14,48.99,2018-03-28,2018-03-28T14:00:00.000000+0200
28/03/2018,15,49.3,2018-03-28,2018-03-28T15:00:00.000000+0200
28/03/2018,16,49.74,2018-03-28,2018-03-28T16:00:00.000000+0200
28/03/2018,17,49.88,2018-03-28,2018-03-28T17:00:00.000000+0200
28/03/2018,18,51.67,2018-03-28,2018-03-28T18:00:00.000000+0200
28/03/2018,19,55.9,2018-03-28,2018-03-28T19:00:00.000000+0200
28/03/2018,20,74.55,2018-03-28,2018-03-28T20:00:00.000000+0200
28/03/2018,21,70.0,2018-03-28,2018-03-28T21:00:00.000000+0200
28/03/2018,22,54.77,2018-03-28,2018-03-28T22:00:00.000000+0200
28/03/2018,23,51.67,2018-03-28,2018-03-28T23:00:00.000000+0200
28/03/2018,24,50.0,2018-03-28,2018-03-29T00:00:00.000000+0200
29/03/2018,1,47.66,2018-03-29,2018-03-29T01:00:00.000000+0200
29/03/2018,2,45.0,2018-03-29,2018-03-29T02:00:00.000000+0200
29/03/2018,3,42.67,2018-03-29,2018-03-29T03:00:00.000000+0200
29/03/2018,4,41.0,2018-03-29,2018-03-29T04:00:00.000000+0200
29/03/2018,5,40.5,2018-03-29,2018-03-29T05:00:00.000000+0200
29/03/2018,6,45.43,2018-03-29,2018-03-29T06:00:00.000000+0200
29/03/2018,7,49.3,2018-03-29,2018-03-29T07:00:00.000000+0200
29/03/2018,8,57.57,2018-03-29,2018-03-29T08:00:00.000000+0200
29/03/2018,9,71.35,2018-03-29,2018-03-29T09:00:00.000000+0200
29/03/2018,10,67.97,2018-03-29,2018-03-29T10:00:00.000000+0200
29/03/2018,11,54.35,2018-03-29,2018-03-29T11:00:00.000000+0200
29/03/2018,12,49.68,2018-03-29,2018-03-29T12:00:00.000000+0200
29/03/2018,13,49.56,2018-03-29,2018-03-29T13:00:00.000000+0200
29/03/2018,14,40.0,2018-03-29,2018-03-29T14:00:00.000000+0200
29/03/2018,15,49.68,2018-03-29,2018-03-29T15:00:00.000000+0200
29/03/2018,16,47.67,2018-03-29,2018-03-29T16:00:00.000000+0200
29/03/2018,17,49.68,2018-03-29,2018-03-29T17:00:00.000000+0200
29/03/2018,18,49.85,2018-03-29,2018-03-29T18:00:00.000000+0200
29/03/2018,19,54.77,2018-03-29,2018-03-29T19:00:00.000000+0200
29/03/2018,20,70.0,2018-03-29,2018-03-29T20:00:00.000000+0200
29/03/2018,21,62.69,2018-03-29,2018-03-29T21:00:00.000000+0200
29/03/2018,22,52.78,2018-03-29,2018-03-29T22:00:00.000000+0200
29/03/2018,23,50.0,2018-03-29,2018-03-29T23:00:00.000000+0200
29/03/2018,24,48.5,2018-03-29,2018-03-30T00:00:00.000000+0200
30/03/2018,1,46.6,2018-03-30,2018-03-30T01:00:00.000000+0200
30/03/2018,2,43.29,2018-03-30,2018-03-30T02:00:00.000000+0200
30/03/2018,3,41.63,2018-03-30,2018-03-30T03:00:00.000000+0200
30/03/2018,4,40.0,2018-03-30,2018-03-30T04:00:00.000000+0200
30/03/2018,5,40.0,2018-03-30,2018-03-30T05:00:00.000000+0200
30/03/2018,6,45.24,2018-03-30,2018-03-30T06:00:00.000000+0200
30/03/2018,7,49.56,2018-03-30,2018-03-30T07:00:00.000000+0200
30/03/2018,8,61.18,2018-03-30,2018-03-30T08:00:00.000000+0200
30/03/2018,9,78.0,2018-03-30,2018-03-30T09:00:00.000000+0200
30/03/2018,10,80.0,2018-03-30,2018-03-30T10:00:00.000000+0200
30/03/2018,11,49.56,2018-03-30,2018-03-30T11:00:00.000000+0200
30/03/2018,12,48.3,2018-03-30,2018-03-30T12:00:00.000000+0200
30/03/2018,13,48.3,2018-03-30,2018-03-30T13:00:00.000000+0200
30/03/2018,14,48.01,2018-03-30,2018-03-30T14:00:00.000000+0200
30/03/2018,15,49.56,2018-03-30,2018-03-30T15:00:00.000000+0200
30/03/2018,16,49.56,2018-03-30,2018-03-30T16:00:00.000000+0200
30/03/2018,17,52.64,2018-03-30,2018-03-30T17:00:00.000000+0200
30/03/2018,18,52.63,2018-03-30,2018-03-30T18:00:00.000000+0200
30/03/2018,19,55.61,2018-03-30,2018-03-30T19:00:00.000000+0200
30/03/2018,20,75.53,2018-03-30,2018-03-30T20:00:00.000000+0200
30/03/2018,21,68.0,2018-03-30,2018-03-30T21:00:00.000000+0200
30/03/2018,22,54.76,2018-03-30,2018-03-30T22:00:00.000000+0200
30/03/2018,23,51.53,2018-03-30,2018-03-30T23:00:00.000000+0200
30/03/2018,24,48.01,2018-03-30,2018-03-31T00:00:00.000000+0200
31/03/2018,1,46.23,2018-03-31,2018-03-31T01:00:00.000000+0200
31/03/2018,2,35.95,2018-03-31,2018-03-31T02:00:00.000000+0200
31/03/2018,3,31.0,2018-03-31,2018-03-31T03:00:00.000000+0200
31/03/2018,4,29.04,2018-03-31,2018-03-31T04:00:00.000000+0200
31/03/2018,5,26.67,2018-03-31,2018-03-31T05:00:00.000000+0200
31/03/2018,6,28.18,2018-03-31,2018-03-31T06:00:00.000000+0200
31/03/2018,7,27.84,2018-03-31,2018-03-31T07:00:00.000000+0200
31/03/2018,8,44.13,2018-03-31,2018-03-31T08:00:00.000000+0200
31/03/2018,9,46.21,2018-03-31,2018-03-31T09:00:00.000000+0200
31/03/2018,10,47.3,2018-03-31,2018-03-31T10:00:00.000000+0200
31/03/2018,11,49.95,2018-03-31,2018-03-31T11:00:00.000000+0200
31/03/2018,12,46.91,2018-03-31,2018-03-31T12:00:00.000000+0200
31/03/2018,13,43.28,2018-03-31,2018-03-31T13:00:00.000000+0200
31/03/2018,14,39.35,2018-03-31,2018-03-31T14:00:00.000000+0200
31/03/2018,15,38.99,2018-03-31,2018-03-31T15:00:00.000000+0200
31/03/2018,16,40.17,2018-03-31,2018-03-31T16:00:00.000000+0200
31/03/2018,17,41.56,2018-03-31,2018-03-31T17:00:00.000000+0200
31/03/2018,18,46.3,2018-03-31,2018-03-31T18:00:00.000000+0200
31/03/2018,19,52.73,2018-03-31,2018-03-31T19:00:00.000000+0200
31/03/2018,20,55.0,2018-03-31,2018-03-31T20:00:00.000000+0200
31/03/2018,21,50.99,2018-03-31,2018-03-31T21:00:00.000000+0200
31/03/2018,22,48.4,2018-03-31,2018-03-31T22:00:00.000000+0200
31/03/2018,23,45.06,2018-03-31,2018-03-31T23:00:00.000000+0200
31/03/2018,24,41.03,2018-03-31,2018-04-01T00:00:00.000000+0200
01/04/2018,1,40.43,2018-04-01,2018-04-01T01:00:00.000000+0200
01/04/2018,2,43.67,2018-04-01,2018-04-01T02:00:00.000000+0200
01/04/2018,3,35.0,2018-04-01,2018-04-01T03:00:00.000000+0200
01/04/2018,4,27.31,2018-04-01,2018-04-01T04:00:00.000000+0200
01/04/2018,5,25.08,2018-04-01,2018-04-01T05:00:00.000000+0200
01/04/2018,6,9.9,2018-04-01,2018-04-01T06:00:00.000000+0200
01/04/2018,7,27.39,2018-04-01,2018-04-01T07:00:00.000000+0200
01/04/2018,8,10.0,2018-04-01,2018-04-01T08:00:00.000000+0200
01/04/2018,9,32.07,2018-04-01,2018-04-01T09:00:00.000000+0200
01/04/2018,10,34.44,2018-04-01,2018-04-01T10:00:00.000000+0200
01/04/2018,11,8.0,2018-04-01,2018-04-01T11:00:00.000000+0200
01/04/2018,12,5.0,2018-04-01,2018-04-01T12:00:00.000000+0200
01/04/2018,13,1.01,2018-04-01,2018-04-01T13:00:00.000000+0200
01/04/2018,14,0.0,2018-04-01,2018-04-01T14:00:00.000000+0200
01/04/2018,15,0.0,2018-04-01,2018-04-01T15:00:00.000000+0200
01/04/2018,16,0.0,2018-04-01,2018-04-01T16:00:00.000000+0200
01/04/2018,17,5.0,2018-04-01,2018-04-01T17:00:00.000000+0200
01/04/2018,18,35.56,2018-04-01,2018-04-01T18:00:00.000000+0200
01/04/2018,19,48.15,2018-04-01,2018-04-01T19:00:00.000000+0200
01/04/2018,20,56.63,2018-04-01,2018-04-01T20:00:00.000000+0200
01/04/2018,21,75.53,2018-04-01,2018-04-01T21:00:00.000000+0200
01/04/2018,22,74.39,2018-04-01,2018-04-01T22:00:00.000000+0200
01/04/2018,23,59.99,2018-04-01,2018-04-01T23:00:00.000000+0200
01/04/2018,24,54.59,2018-04-01,2018-04-02T00:00:00.000000+0200
02/04/2018,1,54.47,2018-04-02,2018-04-02T01:00:00.000000+0200
02/04/2018,2,49.95,2018-04-02,2018-04-02T02:00:00.000000+0200
02/04/2018,3,46.97,2018-04-02,2018-04-02T03:00:00.000000+0200
02/04/2018,4,46.01,2018-04-02,2018-04-02T04:00:00.000000+0200
02/04/2018,5,46.04,2018-04-02,2018-04-02T05:00:00.000000+0200
02/04/2018,6,49.95,2018-04-02,2018-04-02T06:00:00.000000+0200
02/04/2018,7,54.22,2018-04-02,2018-04-02T07:00:00.000000+0200
02/04/2018,8,54.47,2018-04-02,2018-04-02T08:00:00.000000+0200
02/04/2018,9,54.47,2018-04-02,2018-04-02T09:00:00.000000+0200
02/04/2018,10,50.76,2018-04-02,2018-04-02T10:00:00.000000+0200
02/04/2018,11,49.6,2018-04-02,2018-04-02T11:00:00.000000+0200
02/04/2018,12,46.29,2018-04-02,2018-04-02T12:00:00.000000+0200
02/04/2018,13,40.0,2018-04-02,2018-04-02T13:00:00.000000+0200
02/04/2018,14,24.93,2018-04-02,2018-04-02T14:00:00.000000+0200
02/04/2018,15,21.75,2018-04-02,2018-04-02T15:00:00.000000+0200
02/04/2018,16,29.92,2018-04-02,2018-04-02T16:00:00.000000+0200
02/04/2018,17,44.36,2018-04-02,2018-04-02T17:00:00.000000+0200
02/04/2018,18,50.0,2018-04-02,2018-04-02T18:00:00.000000+0200
02/04/2018,19,57.33,2018-04-02,2018-04-02T19:00:00.000000+0200
02/04/2018,20,77.89,2018-04-02,2018-04-02T20:00:00.000000+0200
02/04/2018,21,100.53,2018-04-02,2018-04-02T21:00:00.000000+0200
02/04/2018,22,89.3,2018-04-02,2018-04-02T22:00:00.000000+0200
02/04/2018,23,77.89,2018-04-02,2018-04-02T23:00:00.000000+0200
02/04/2018,24,62.25,2018-04-02,2018-04-03T00:00:00.000000+0200
03/04/2018,1,52.16,2018-04-03,2018-04-03T01:00:00.000000+0200
03/04/2018,2,47.75,2018-04-03,2018-04-03T02:00:00.000000+0200
03/04/2018,3,44.29,2018-04-03,2018-04-03T03:00:00.000000+0200
03/04/2018,4,43.93,2018-04-03,2018-04-03T04:00:00.000000+0200
03/04/2018,5,39.0,2018-04-03,2018-04-03T05:00:00.000000+0200
03/04/2018,6,40.49,2018-04-03,2018-04-03T06:00:00.000000+0200
03/04/2018,7,49.75,2018-04-03,2018-04-03T07:00:00.000000+0200
03/04/2018,8,52.71,2018-04-03,2018-04-03T08:00:00.000000+0200
03/04/2018,9,60.82,2018-04-03,2018-04-03T09:00:00.000000+0200
03/04/2018,10,56.47,2018-04-03,2018-04-03T10:00:00.000000+0200
03/04/2018,11,52.16,2018-04-03,2018-04-03T11:00:00.000000+0200
03/04/2018,12,51.44,2018-04-03,2018-04-03T12:00:00.000000+0200
03/04/2018,13,48.0,2018-04-03,2018-04-03T13:00:00.000000+0200
03/04/2018,14,46.53,2018-04-03,2018-04-03T14:00:00.000000+0200
03/04/2018,15,49.5,2018-04-03,2018-04-03T15:00:00.000000+0200
03/04/2018,16,51.05,2018-04-03,2018-04-03T16:00:00.000000+0200
03/04/2018,17,53.44,2018-04-03,2018-04-03T17:00:00.000000+0200
03/04/2018,18,54.76,2018-04-03,2018-04-03T18:00:00.000000+0200
03/04/2018,19,59.87,2018-04-03,2018-04-03T19:00:00.000000+0200
03/04/2018,20,67.44,2018-04-03,2018-04-03T20:00:00.000000+0200
03/04/2018,21,77.49,2018-04-03,2018-04-03T21:00:00.000000+0200
03/04/2018,22,67.3,2018-04-03,2018-04-03T22:00:00.000000+0200
03/04/2018,23,57.21,2018-04-03,2018-04-03T23:00:00.000000+0200
03/04/2018,24,50.89,2018-04-03,2018-04-04T00:00:00.000000+0200
04/04/2018,1,48.51,2018-04-04,2018-04-04T01:00:00.000000+0200
04/04/2018,2,46.32,2018-04-04,2018-04-04T02:00:00.000000+0200
04/04/2018,3,46.46,2018-04-04,2018-04-04T03:00:00.000000+0200
04/04/2018,4,50.95,2018-04-04,2018-04-04T04:00:00.000000+0200
04/04/2018,5,50.95,2018-04-04,2018-04-04T05:00:00.000000+0200
04/04/2018,6,53.0,2018-04-04,2018-04-04T06:00:00.000000+0200
04/04/2018,7,58.85,2018-04-04,2018-04-04T07:00:00.000000+0200
04/04/2018,8,62.8,2018-04-04,2018-04-04T08:00:00.000000+0200
04/04/2018,9,80.0,2018-04-04,2018-04-04T09:00:00.000000+0200
04/04/2018,10,78.71,2018-04-04,2018-04-04T10:00:00.000000+0200
04/04/2018,11,73.57,2018-04-04,2018-04-04T11:00:00.000000+0200
04/04/2018,12,62.8,2018-04-04,2018-04-04T12:00:00.000000+0200
04/04/2018,13,58.85,2018-04-04,2018-04-04T13:00:00.000000+0200
04/04/2018,14,55.22,2018-04-04,2018-04-04T14:00:00.000000+0200
04/04/2018,15,62.8,2018-04-04,2018-04-04T15:00:00.000000+0200
04/04/2018,16,58.54,2018-04-04,2018-04-04T16:00:00.000000+0200
04/04/2018,17,55.21,2018-04-04,2018-04-04T17:00:00.000000+0200
04/04/2018,18,55.22,2018-04-04,2018-04-04T18:00:00.000000+0200
04/04/2018,19,57.49,2018-04-04,2018-04-04T19:00:00.000000+0200
04/04/2018,20,66.37,2018-04-04,2018-04-04T20:00:00.000000+0200
04/04/2018,21,76.33,2018-04-04,2018-04-04T21:00:00.000000+0200
04/04/2018,22,61.0,2018-04-04,2018-04-04T22:00:00.000000+0200
04/04/2018,23,54.94,2018-04-04,2018-04-04T23:00:00.000000+0200
04/04/2018,24,49.95,2018-04-04,2018-04-05T00:00:00.000000+0200
05/04/2018,1,49.5,2018-04-05,2018-04-05T01:00:00.000000+0200
05/04/2018,2,45.93,2018-04-05,2018-04-05T02:00:00.000000+0200
05/04/2018,3,43.09,2018-04-05,2018-04-05T03:00:00.000000+0200
05/04/2018,4,42.56,2018-04-05,2018-04-05T04:00:00.000000+0200
05/04/2018,5,42.85,2018-04-05,2018-04-05T05:00:00.000000+0200
05/04/2018,6,45.57,2018-04-05,2018-04-05T06:00:00.000000+0200
05/04/2018,7,52.5,2018-04-05,2018-04-05T07:00:00.000000+0200
05/04/2018,8,55.95,2018-04-05,2018-04-05T08:00:00.000000+0200
05/04/2018,9,63.66,2018-04-05,2018-04-05T09:00:00.000000+0200
05/04/2018,10,55.92,2018-04-05,2018-04-05T10:00:00.000000+0200
05/04/2018,11,53.41,2018-04-05,2018-04-05T11:00:00.000000+0200
05/04/2018,12,51.52,2018-04-05,2018-04-05T12:00:00.000000+0200
05/04/2018,13,46.88,2018-04-05,2018-04-05T13:00:00.000000+0200
05/04/2018,14,46.46,2018-04-05,2018-04-05T14:00:00.000000+0200
05/04/2018,15,46.7,2018-04-05,2018-04-05T15:00:00.000000+0200
05/04/2018,16,50.09,2018-04-05,2018-04-05T16:00:00.000000+0200
05/04/2018,17,51.71,2018-04-05,2018-04-05T17:00:00.000000+0200
05/04/2018,18,49.95,2018-04-05,2018-04-05T18:00:00.000000+0200
05/04/2018,19,53.95,2018-04-05,2018-04-05T19:00:00.000000+0200
05/04/2018,20,63.66,2018-04-05,2018-04-05T20:00:00.000000+0200
05/04/2018,21,75.0,2018-04-05,2018-04-05T21:00:00.000000+0200
05/04/2018,22,57.07,2018-04-05,2018-04-05T22:00:00.000000+0200
05/04/2018,23,54.29,2018-04-05,2018-04-05T23:00:00.000000+0200
05/04/2018,24,49.5,2018-04-05,2018-04-06T00:00:00.000000+0200
06/04/2018,1,53.07,2018-04-06,2018-04-06T01:00:00.000000+0200
06/04/2018,2,49.95,2018-04-06,2018-04-06T02:00:00.000000+0200
06/04/2018,3,46.45,2018-04-06,2018-04-06T03:00:00.000000+0200
06/04/2018,4,45.93,2018-04-06,2018-04-06T04:00:00.000000+0200
06/04/2018,5,44.85,2018-04-06,2018-04-06T05:00:00.000000+0200
06/04/2018,6,48.48,2018-04-06,2018-04-06T06:00:00.000000+0200
06/04/2018,7,55.1,2018-04-06,2018-04-06T07:00:00.000000+0200
06/04/2018,8,62.29,2018-04-06,2018-04-06T08:00:00.000000+0200
06/04/2018,9,81.0,2018-04-06,2018-04-06T09:00:00.000000+0200
06/04/2018,10,67.3,2018-04-06,2018-04-06T10:00:00.000000+0200
06/04/2018,11,56.71,2018-04-06,2018-04-06T11:00:00.000000+0200
06/04/2018,12,51.99,2018-04-06,2018-04-06T12:00:00.000000+0200
06/04/2018,13,47.67,2018-04-06,2018-04-06T13:00:00.000000+0200
06/04/2018,14,46.16,2018-04-06,2018-04-06T14:00:00.000000+0200
06/04/2018,15,48.48,2018-04-06,2018-04-06T15:00:00.000000+0200
06/04/2018,16,50.09,2018-04-06,2018-04-06T16:00:00.000000+0200
06/04/2018,17,51.71,2018-04-06,2018-04-06T17:00:00.000000+0200
06/04/2018,18,52.5,2018-04-06,2018-04-06T18:00:00.000000+0200
06/04/2018,19,56.66,2018-04-06,2018-04-06T19:00:00.000000+0200
06/04/2018,20,68.87,2018-04-06,2018-04-06T20:00:00.000000+0200
06/04/2018,21,77.49,2018-04-06,2018-04-06T21:00:00.000000+0200
06/04/2018,22,59.21,2018-04-06,2018-04-06T22:00:00.000000+0200
06/04/2018,23,55.0,2018-04-06,2018-04-06T23:00:00.000000+0200
06/04/2018,24,49.95,2018-04-06,2018-04-07T00:00:00.000000+0200
07/04/2018,1,51.4,2018-04-07,2018-04-07T01:00:00.000000+0200
07/04/2018,2,46.5,2018-04-07,2018-04-07T02:00:00.000000+0200
07/04/2018,3,44.83,2018-04-07,2018-04-07T03:00:00.000000+0200
07/04/2018,4,44.98,2018-04-07,2018-04-07T04:00:00.000000+0200
07/04/2018,5,45.76,2018-04-07,2018-04-07T05:00:00.000000+0200
07/04/2018,6,48.19,2018-04-07,2018-04-07T06:00:00.000000+0200
07/04/2018,7,53.24,2018-04-07,2018-04-07T07:00:00.000000+0200
07/04/2018,8,58.5,2018-04-07,2018-04-07T08:00:00.000000+0200
07/04/2018,9,65.0,2018-04-07,2018-04-07T09:00:00.000000+0200
07/04/2018,10,56.17,2018-04-07,2018-04-07T10:00:00.000000+0200
07/04/2018,11,48.48,2018-04-07,2018-04-07T11:00:00.000000+0200
07/04/2018,12,44.37,2018-04-07,2018-04-07T12:00:00.000000+0200
07/04/2018,13,37.22,2018-04-07,2018-04-07T13:00:00.000000+0200
07/04/2018,14,21.74,2018-04-07,2018-04-07T14:00:00.000000+0200
07/04/2018,15,20.0,2018-04-07,2018-04-07T15:00:00.000000+0200
07/04/2018,16,29.94,2018-04-07,2018-04-07T16:00:00.000000+0200
07/04/2018,17,39.93,2018-04-07,2018-04-07T17:00:00.000000+0200
07/04/2018,18,48.48,2018-04-07,2018-04-07T18:00:00.000000+0200
07/04/2018,19,56.12,2018-04-07,2018-04-07T19:00:00.000000+0200
07/04/2018,20,69.0,2018-04-07,2018-04-07T20:00:00.000000+0200
07/04/2018,21,77.89,2018-04-07,2018-04-07T21:00:00.000000+0200
07/04/2018,22,70.0,2018-04-07,2018-04-07T22:00:00.000000+0200
07/04/2018,23,56.44,2018-04-07,2018-04-07T23:00:00.000000+0200
07/04/2018,24,51.4,2018-04-07,2018-04-08T00:00:00.000000+0200
08/04/2018,1,50.85,2018-04-08,2018-04-08T01:00:00.000000+0200
08/04/2018,2,46.49,2018-04-08,2018-04-08T02:00:00.000000+0200
08/04/2018,3,43.86,2018-04-08,2018-04-08T03:00:00.000000+0200
08/04/2018,4,43.01,2018-04-08,2018-04-08T04:00:00.000000+0200
08/04/2018,5,41.71,2018-04-08,2018-04-08T05:00:00.000000+0200
08/04/2018,6,45.7,2018-04-08,2018-04-08T06:00:00.000000+0200
08/04/2018,7,45.76,2018-04-08,2018-04-08T07:00:00.000000+0200
08/04/2018,8,45.85,2018-04-08,2018-04-08T08:00:00.000000+0200
08/04/2018,9,45.31,2018-04-08,2018-04-08T09:00:00.000000+0200
08/04/2018,10,38.61,2018-04-08,2018-04-08T10:00:00.000000+0200
08/04/2018,11,34.98,2018-04-08,2018-04-08T11:00:00.000000+0200
08/04/2018,12,30.0,2018-04-08,2018-04-08T12:00:00.000000+0200
08/04/2018,13,19.86,2018-04-08,2018-04-08T13:00:00.000000+0200
08/04/2018,14,19.23,2018-04-08,2018-04-08T14:00:00.000000+0200
08/04/2018,15,9.39,2018-04-08,2018-04-08T15:00:00.000000+0200
08/04/2018,16,12.36,2018-04-08,2018-04-08T16:00:00.000000+0200
08/04/2018,17,20.0,2018-04-08,2018-04-08T17:00:00.000000+0200
08/04/2018,18,41.0,2018-04-08,2018-04-08T18:00:00.000000+0200
08/04/2018,19,49.3,2018-04-08,2018-04-08T19:00:00.000000+0200
08/04/2018,20,58.51,2018-04-08,2018-04-08T20:00:00.000000+0200
08/04/2018,21,76.28,2018-04-08,2018-04-08T21:00:00.000000+0200
08/04/2018,22,60.4,2018-04-08,2018-04-08T22:00:00.000000+0200
08/04/2018,23,53.88,2018-04-08,2018-04-08T23:00:00.000000+0200
08/04/2018,24,48.95,2018-04-08,2018-04-09T00:00:00.000000+0200
09/04/2018,1,46.29,2018-04-09,2018-04-09T01:00:00.000000+0200
09/04/2018,2,35.0,2018-04-09,2018-04-09T02:00:00.000000+0200
09/04/2018,3,32.28,2018-04-09,2018-04-09T03:00:00.000000+0200
09/04/2018,4,33.68,2018-04-09,2018-04-09T04:00:00.000000+0200
09/04/2018,5,35.99,2018-04-09,2018-04-09T05:00:00.000000+0200
09/04/2018,6,40.0,2018-04-09,2018-04-09T06:00:00.000000+0200
09/04/2018,7,50.52,2018-04-09,2018-04-09T07:00:00.000000+0200
09/04/2018,8,61.9,2018-04-09,2018-04-09T08:00:00.000000+0200
09/04/2018,9,80.0,2018-04-09,2018-04-09T09:00:00.000000+0200
09/04/2018,10,76.67,2018-04-09,2018-04-09T10:00:00.000000+0200
09/04/2018,11,70.0,2018-04-09,2018-04-09T11:00:00.000000+0200
09/04/2018,12,60.0,2018-04-09,2018-04-09T12:00:00.000000+0200
09/04/2018,13,56.22,2018-04-09,2018-04-09T13:00:00.000000+0200
09/04/2018,14,53.69,2018-04-09,2018-04-09T14:00:00.000000+0200
09/04/2018,15,57.31,2018-04-09,2018-04-09T15:00:00.000000+0200
09/04/2018,16,60.98,2018-04-09,2018-04-09T16:00:00.000000+0200
09/04/2018,17,59.15,2018-04-09,2018-04-09T17:00:00.000000+0200
09/04/2018,18,57.47,2018-04-09,2018-04-09T18:00:00.000000+0200
09/04/2018,19,57.47,2018-04-09,2018-04-09T19:00:00.000000+0200
09/04/2018,20,67.48,2018-04-09,2018-04-09T20:00:00.000000+0200
09/04/2018,21,75.53,2018-04-09,2018-04-09T21:00:00.000000+0200
09/04/2018,22,59.0,2018-04-09,2018-04-09T22:00:00.000000+0200
09/04/2018,23,54.52,2018-04-09,2018-04-09T23:00:00.000000+0200
09/04/2018,24,49.07,2018-04-09,2018-04-10T00:00:00.000000+0200
10/04/2018,1,45.22,2018-04-10,2018-04-10T01:00:00.000000+0200
10/04/2018,2,35.2,2018-04-10,2018-04-10T02:00:00.000000+0200
10/04/2018,3,35.0,2018-04-10,2018-04-10T03:00:00.000000+0200
10/04/2018,4,35.0,2018-04-10,2018-04-10T04:00:00.000000+0200
10/04/2018,5,35.35,2018-04-10,2018-04-10T05:00:00.000000+0200
10/04/2018,6,43.02,2018-04-10,2018-04-10T06:00:00.000000+0200
10/04/2018,7,50.99,2018-04-10,2018-04-10T07:00:00.000000+0200
10/04/2018,8,54.54,2018-04-10,2018-04-10T08:00:00.000000+0200
10/04/2018,9,66.61,2018-04-10,2018-04-10T09:00:00.000000+0200
10/04/2018,10,56.69,2018-04-10,2018-04-10T10:00:00.000000+0200
10/04/2018,11,52.5,2018-04-10,2018-04-10T11:00:00.000000+0200
10/04/2018,12,52.28,2018-04-10,2018-04-10T12:00:00.000000+0200
10/04/2018,13,50.0,2018-04-10,2018-04-10T13:00:00.000000+0200
10/04/2018,14,50.0,2018-04-10,2018-04-10T14:00:00.000000+0200
10/04/2018,15,51.21,2018-04-10,2018-04-10T15:00:00.000000+0200
10/04/2018,16,51.54,2018-04-10,2018-04-10T16:00:00.000000+0200
10/04/2018,17,54.13,2018-04-10,2018-04-10T17:00:00.000000+0200
10/04/2018,18,55.31,2018-04-10,2018-04-10T18:00:00.000000+0200
10/04/2018,19,59.23,2018-04-10,2018-04-10T19:00:00.000000+0200
10/04/2018,20,75.0,2018-04-10,2018-04-10T20:00:00.000000+0200
10/04/2018,21,76.67,2018-04-10,2018-04-10T21:00:00.000000+0200
10/04/2018,22,56.79,2018-04-10,2018-04-10T22:00:00.000000+0200
10/04/2018,23,52.0,2018-04-10,2018-04-10T23:00:00.000000+0200
10/04/2018,24,49.52,2018-04-10,2018-04-11T00:00:00.000000+0200
11/04/2018,1,54.57,2018-04-11,2018-04-11T01:00:00.000000+0200
11/04/2018,2,50.52,2018-04-11,2018-04-11T02:00:00.000000+0200
11/04/2018,3,49.07,2018-04-11,2018-04-11T03:00:00.000000+0200
11/04/2018,4,46.05,2018-04-11,2018-04-11T04:00:00.000000+0200
11/04/2018,5,46.05,2018-04-11,2018-04-11T05:00:00.000000+0200
11/04/2018,6,49.07,2018-04-11,2018-04-11T06:00:00.000000+0200
11/04/2018,7,55.03,2018-04-11,2018-04-11T07:00:00.000000+0200
11/04/2018,8,75.53,2018-04-11,2018-04-11T08:00:00.000000+0200
11/04/2018,9,90.49,2018-04-11,2018-04-11T09:00:00.000000+0200
11/04/2018,10,77.07,2018-04-11,2018-04-11T10:00:00.000000+0200
11/04/2018,11,60.82,2018-04-11,2018-04-11T11:00:00.000000+0200
11/04/2018,12,55.78,2018-04-11,2018-04-11T12:00:00.000000+0200
11/04/2018,13,51.51,2018-04-11,2018-04-11T13:00:00.000000+0200
11/04/2018,14,51.41,2018-04-11,2018-04-11T14:00:00.000000+0200
11/04/2018,15,51.5,2018-04-11,2018-04-11T15:00:00.000000+0200
11/04/2018,16,52.0,2018-04-11,2018-04-11T16:00:00.000000+0200
11/04/2018,17,54.57,2018-04-11,2018-04-11T17:00:00.000000+0200
11/04/2018,18,55.0,2018-04-11,2018-04-11T18:00:00.000000+0200
11/04/2018,19,54.99,2018-04-11,2018-04-11T19:00:00.000000+0200
11/04/2018,20,60.82,2018-04-11,2018-04-11T20:00:00.000000+0200
11/04/2018,21,68.56,2018-04-11,2018-04-11T21:00:00.000000+0200
11/04/2018,22,60.59,2018-04-11,2018-04-11T22:00:00.000000+0200
11/04/2018,23,55.64,2018-04-11,2018-04-11T23:00:00.000000+0200
11/04/2018,24,51.41,2018-04-11,2018-04-12T00:00:00.000000+0200
12/04/2018,1,49.52,2018-04-12,2018-04-12T01:00:00.000000+0200
12/04/2018,2,47.93,2018-04-12,2018-04-12T02:00:00.000000+0200
12/04/2018,3,46.0,2018-04-12,2018-04-12T03:00:00.000000+0200
12/04/2018,4,45.0,2018-04-12,2018-04-12T04:00:00.000000+0200
12/04/2018,5,45.08,2018-04-12,2018-04-12T05:00:00.000000+0200
12/04/2018,6,48.19,2018-04-12,2018-04-12T06:00:00.000000+0200
12/04/2018,7,52.76,2018-04-12,2018-04-12T07:00:00.000000+0200
12/04/2018,8,64.63,2018-04-12,2018-04-12T08:00:00.000000+0200
12/04/2018,9,80.5,2018-04-12,2018-04-12T09:00:00.000000+0200
12/04/2018,10,69.59,2018-04-12,2018-04-12T10:00:00.000000+0200
12/04/2018,11,58.74,2018-04-12,2018-04-12T11:00:00.000000+0200
12/04/2018,12,54.96,2018-04-12,2018-04-12T12:00:00.000000+0200
12/04/2018,13,52.61,2018-04-12,2018-04-12T13:00:00.000000+0200
12/04/2018,14,52.34,2018-04-12,2018-04-12T14:00:00.000000+0200
12/04/2018,15,50.86,2018-04-12,2018-04-12T15:00:00.000000+0200
12/04/2018,16,52.0,2018-04-12,2018-04-12T16:00:00.000000+0200
12/04/2018,17,51.99,2018-04-12,2018-04-12T17:00:00.000000+0200
12/04/2018,18,51.99,2018-04-12,2018-04-12T18:00:00.000000+0200
12/04/2018,19,52.96,2018-04-12,2018-04-12T19:00:00.000000+0200
12/04/2018,20,61.29,2018-04-12,2018-04-12T20:00:00.000000+0200
12/04/2018,21,66.36,2018-04-12,2018-04-12T21:00:00.000000+0200
12/04/2018,22,54.63,2018-04-12,2018-04-12T22:00:00.000000+0200
12/04/2018,23,52.0,2018-04-12,2018-04-12T23:00:00.000000+0200
12/04/2018,24,48.41,2018-04-12,2018-04-13T00:00:00.000000+0200
13/04/2018,1,51.04,2018-04-13,2018-04-13T01:00:00.000000+0200
13/04/2018,2,46.94,2018-04-13,2018-04-13T02:00:00.000000+0200
13/04/2018,3,44.6,2018-04-13,2018-04-13T03:00:00.000000+0200
13/04/2018,4,44.6,2018-04-13,2018-04-13T04:00:00.000000+0200
13/04/2018,5,44.5,2018-04-13,2018-04-13T05:00:00.000000+0200
13/04/2018,6,47.39,2018-04-13,2018-04-13T06:00:00.000000+0200
13/04/2018,7,55.21,2018-04-13,2018-04-13T07:00:00.000000+0200
13/04/2018,8,61.3,2018-04-13,2018-04-13T08:00:00.000000+0200
13/04/2018,9,77.07,2018-04-13,2018-04-13T09:00:00.000000+0200
13/04/2018,10,65.04,2018-04-13,2018-04-13T10:00:00.000000+0200
13/04/2018,11,58.74,2018-04-13,2018-04-13T11:00:00.000000+0200
13/04/2018,12,55.21,2018-04-13,2018-04-13T12:00:00.000000+0200
13/04/2018,13,50.12,2018-04-13,2018-04-13T13:00:00.000000+0200
13/04/2018,14,49.55,2018-04-13,2018-04-13T14:00:00.000000+0200
13/04/2018,15,50.11,2018-04-13,2018-04-13T15:00:00.000000+0200
13/04/2018,16,51.3,2018-04-13,2018-04-13T16:00:00.000000+0200
13/04/2018,17,52.0,2018-04-13,2018-04-13T17:00:00.000000+0200
13/04/2018,18,55.21,2018-04-13,2018-04-13T18:00:00.000000+0200
13/04/2018,19,57.21,2018-04-13,2018-04-13T19:00:00.000000+0200
13/04/2018,20,61.58,2018-04-13,2018-04-13T20:00:00.000000+0200
13/04/2018,21,64.0,2018-04-13,2018-04-13T21:00:00.000000+0200
13/04/2018,22,57.03,2018-04-13,2018-04-13T22:00:00.000000+0200
13/04/2018,23,54.45,2018-04-13,2018-04-13T23:00:00.000000+0200
13/04/2018,24,49.52,2018-04-13,2018-04-14T00:00:00.000000+0200
14/04/2018,1,52.42,2018-04-14,2018-04-14T01:00:00.000000+0200
14/04/2018,2,45.66,2018-04-14,2018-04-14T02:00:00.000000+0200
14/04/2018,3,43.07,2018-04-14,2018-04-14T03:00:00.000000+0200
14/04/2018,4,41.91,2018-04-14,2018-04-14T04:00:00.000000+0200
14/04/2018,5,41.16,2018-04-14,2018-04-14T05:00:00.000000+0200
14/04/2018,6,43.24,2018-04-14,2018-04-14T06:00:00.000000+0200
14/04/2018,7,44.0,2018-04-14,2018-04-14T07:00:00.000000+0200
14/04/2018,8,48.21,2018-04-14,2018-04-14T08:00:00.000000+0200
14/04/2018,9,51.0,2018-04-14,2018-04-14T09:00:00.000000+0200
14/04/2018,10,51.35,2018-04-14,2018-04-14T10:00:00.000000+0200
14/04/2018,11,49.52,2018-04-14,2018-04-14T11:00:00.000000+0200
14/04/2018,12,47.1,2018-04-14,2018-04-14T12:00:00.000000+0200
14/04/2018,13,40.52,2018-04-14,2018-04-14T13:00:00.000000+0200
14/04/2018,14,30.82,2018-04-14,2018-04-14T14:00:00.000000+0200
14/04/2018,15,28.61,2018-04-14,2018-04-14T15:00:00.000000+0200
14/04/2018,16,33.0,2018-04-14,2018-04-14T16:00:00.000000+0200
14/04/2018,17,42.69,2018-04-14,2018-04-14T17:00:00.000000+0200
14/04/2018,18,44.0,2018-04-14,2018-04-14T18:00:00.000000+0200
14/04/2018,19,47.71,2018-04-14,2018-04-14T19:00:00.000000+0200
14/04/2018,20,50.71,2018-04-14,2018-04-14T20:00:00.000000+0200
14/04/2018,21,52.0,2018-04-14,2018-04-14T21:00:00.000000+0200
14/04/2018,22,50.06,2018-04-14,2018-04-14T22:00:00.000000+0200
14/04/2018,23,46.74,2018-04-14,2018-04-14T23:00:00.000000+0200
14/04/2018,24,42.7,2018-04-14,2018-04-15T00:00:00.000000+0200
15/04/2018,1,45.16,2018-04-15,2018-04-15T01:00:00.000000+0200
15/04/2018,2,31.59,2018-04-15,2018-04-15T02:00:00.000000+0200
15/04/2018,3,30.73,2018-04-15,2018-04-15T03:00:00.000000+0200
15/04/2018,4,29.16,2018-04-15,2018-04-15T04:00:00.000000+0200
15/04/2018,5,27.32,2018-04-15,2018-04-15T05:00:00.000000+0200
15/04/2018,6,39.3,2018-04-15,2018-04-15T06:00:00.000000+0200
15/04/2018,7,43.5,2018-04-15,2018-04-15T07:00:00.000000+0200
15/04/2018,8,41.99,2018-04-15,2018-04-15T08:00:00.000000+0200
15/04/2018,9,47.66,2018-04-15,2018-04-15T09:00:00.000000+0200
15/04/2018,10,49.0,2018-04-15,2018-04-15T10:00:00.000000+0200
15/04/2018,11,49.54,2018-04-15,2018-04-15T11:00:00.000000+0200
15/04/2018,12,49.16,2018-04-15,2018-04-15T12:00:00.000000+0200
15/04/2018,13,49.07,2018-04-15,2018-04-15T13:00:00.000000+0200
15/04/2018,14,43.5,2018-04-15,2018-04-15T14:00:00.000000+0200
15/04/2018,15,39.4,2018-04-15,2018-04-15T15:00:00.000000+0200
15/04/2018,16,43.84,2018-04-15,2018-04-15T16:00:00.000000+0200
15/04/2018,17,48.87,2018-04-15,2018-04-15T17:00:00.000000+0200
15/04/2018,18,48.86,2018-04-15,2018-04-15T18:00:00.000000+0200
15/04/2018,19,52.0,2018-04-15,2018-04-15T19:00:00.000000+0200
15/04/2018,20,58.07,2018-04-15,2018-04-15T20:00:00.000000+0200
15/04/2018,21,75.53,2018-04-15,2018-04-15T21:00:00.000000+0200
15/04/2018,22,75.53,2018-04-15,2018-04-15T22:00:00.000000+0200
15/04/2018,23,61.16,2018-04-15,2018-04-15T23:00:00.000000+0200
15/04/2018,24,55.25,2018-04-15,2018-04-16T00:00:00.000000+0200
16/04/2018,1,47.83,2018-04-16,2018-04-16T01:00:00.000000+0200
16/04/2018,2,39.05,2018-04-16,2018-04-16T02:00:00.000000+0200
16/04/2018,3,38.8,2018-04-16,2018-04-16T03:00:00.000000+0200
16/04/2018,4,37.3,2018-04-16,2018-04-16T04:00:00.000000+0200
16/04/2018,5,38.6,2018-04-16,2018-04-16T05:00:00.000000+0200
16/04/2018,6,40.0,2018-04-16,2018-04-16T06:00:00.000000+0200
16/04/2018,7,50.66,2018-04-16,2018-04-16T07:00:00.000000+0200
16/04/2018,8,57.56,2018-04-16,2018-04-16T08:00:00.000000+0200
16/04/2018,9,76.46,2018-04-16,2018-04-16T09:00:00.000000+0200
16/04/2018,10,75.0,2018-04-16,2018-04-16T10:00:00.000000+0200
16/04/2018,11,61.26,2018-04-16,2018-04-16T11:00:00.000000+0200
16/04/2018,12,59.99,2018-04-16,2018-04-16T12:00:00.000000+0200
16/04/2018,13,52.99,2018-04-16,2018-04-16T13:00:00.000000+0200
16/04/2018,14,52.02,2018-04-16,2018-04-16T14:00:00.000000+0200
16/04/2018,15,54.7,2018-04-16,2018-04-16T15:00:00.000000+0200
16/04/2018,16,52.99,2018-04-16,2018-04-16T16:00:00.000000+0200
16/04/2018,17,54.44,2018-04-16,2018-04-16T17:00:00.000000+0200
16/04/2018,18,56.71,2018-04-16,2018-04-16T18:00:00.000000+0200
16/04/2018,19,57.64,2018-04-16,2018-04-16T19:00:00.000000+0200
16/04/2018,20,63.15,2018-04-16,2018-04-16T20:00:00.000000+0200
16/04/2018,21,73.0,2018-04-16,2018-04-16T21:00:00.000000+0200
16/04/2018,22,60.21,2018-04-16,2018-04-16T22:00:00.000000+0200
16/04/2018,23,57.32,2018-04-16,2018-04-16T23:00:00.000000+0200
16/04/2018,24,50.03,2018-04-16,2018-04-17T00:00:00.000000+0200
17/04/2018,1,40.99,2018-04-17,2018-04-17T01:00:00.000000+0200
17/04/2018,2,36.71,2018-04-17,2018-04-17T02:00:00.000000+0200
17/04/2018,3,36.5,2018-04-17,2018-04-17T03:00:00.000000+0200
17/04/2018,4,35.5,2018-04-17,2018-04-17T04:00:00.000000+0200
17/04/2018,5,35.91,2018-04-17,2018-04-17T05:00:00.000000+0200
17/04/2018,6,35.24,2018-04-17,2018-04-17T06:00:00.000000+0200
17/04/2018,7,54.0,2018-04-17,2018-04-17T07:00:00.000000+0200
17/04/2018,8,56.93,2018-04-17,2018-04-17T08:00:00.000000+0200
17/04/2018,9,60.26,2018-04-17,2018-04-17T09:00:00.000000+0200
17/04/2018,10,54.97,2018-04-17,2018-04-17T10:00:00.000000+0200
17/04/2018,11,52.0,2018-04-17,2018-04-17T11:00:00.000000+0200
17/04/2018,12,49.99,2018-04-17,2018-04-17T12:00:00.000000+0200
17/04/2018,13,47.96,2018-04-17,2018-04-17T13:00:00.000000+0200
17/04/2018,14,48.39,2018-04-17,2018-04-17T14:00:00.000000+0200
17/04/2018,15,49.49,2018-04-17,2018-04-17T15:00:00.000000+0200
17/04/2018,16,51.47,2018-04-17,2018-04-17T16:00:00.000000+0200
17/04/2018,17,53.07,2018-04-17,2018-04-17T17:00:00.000000+0200
17/04/2018,18,53.6,2018-04-17,2018-04-17T18:00:00.000000+0200
17/04/2018,19,55.24,2018-04-17,2018-04-17T19:00:00.000000+0200
17/04/2018,20,60.0,2018-04-17,2018-04-17T20:00:00.000000+0200
17/04/2018,21,63.15,2018-04-17,2018-04-17T21:00:00.000000+0200
17/04/2018,22,57.78,2018-04-17,2018-04-17T22:00:00.000000+0200
17/04/2018,23,54.15,2018-04-17,2018-04-17T23:00:00.000000+0200
17/04/2018,24,48.21,2018-04-17,2018-04-18T00:00:00.000000+0200
18/04/2018,1,48.6,2018-04-18,2018-04-18T01:00:00.000000+0200
18/04/2018,2,44.87,2018-04-18,2018-04-18T02:00:00.000000+0200
18/04/2018,3,40.99,2018-04-18,2018-04-18T03:00:00.000000+0200
18/04/2018,4,33.75,2018-04-18,2018-04-18T04:00:00.000000+0200
18/04/2018,5,36.0,2018-04-18,2018-04-18T05:00:00.000000+0200
18/04/2018,6,43.28,2018-04-18,2018-04-18T06:00:00.000000+0200
18/04/2018,7,48.41,2018-04-18,2018-04-18T07:00:00.000000+0200
18/04/2018,8,55.66,2018-04-18,2018-04-18T08:00:00.000000+0200
18/04/2018,9,63.0,2018-04-18,2018-04-18T09:00:00.000000+0200
18/04/2018,10,55.97,2018-04-18,2018-04-18T10:00:00.000000+0200
18/04/2018,11,49.02,2018-04-18,2018-04-18T11:00:00.000000+0200
18/04/2018,12,48.07,2018-04-18,2018-04-18T12:00:00.000000+0200
18/04/2018,13,44.0,2018-04-18,2018-04-18T13:00:00.000000+0200
18/04/2018,14,42.99,2018-04-18,2018-04-18T14:00:00.000000+0200
18/04/2018,15,45.27,2018-04-18,2018-04-18T15:00:00.000000+0200
18/04/2018,16,47.56,2018-04-18,2018-04-18T16:00:00.000000+0200
18/04/2018,17,48.41,2018-04-18,2018-04-18T17:00:00.000000+0200
18/04/2018,18,48.92,2018-04-18,2018-04-18T18:00:00.000000+0200
18/04/2018,19,52.0,2018-04-18,2018-04-18T19:00:00.000000+0200
18/04/2018,20,57.45,2018-04-18,2018-04-18T20:00:00.000000+0200
18/04/2018,21,60.11,2018-04-18,2018-04-18T21:00:00.000000+0200
18/04/2018,22,57.11,2018-04-18,2018-04-18T22:00:00.000000+0200
18/04/2018,23,51.67,2018-04-18,2018-04-18T23:00:00.000000+0200
18/04/2018,24,46.77,2018-04-18,2018-04-19T00:00:00.000000+0200
19/04/2018,1,35.87,2018-04-19,2018-04-19T01:00:00.000000+0200
19/04/2018,2,35.0,2018-04-19,2018-04-19T02:00:00.000000+0200
19/04/2018,3,32.53,2018-04-19,2018-04-19T03:00:00.000000+0200
19/04/2018,4,31.01,2018-04-19,2018-04-19T04:00:00.000000+0200
19/04/2018,5,31.1,2018-04-19,2018-04-19T05:00:00.000000+0200
19/04/2018,6,35.48,2018-04-19,2018-04-19T06:00:00.000000+0200
19/04/2018,7,48.3,2018-04-19,2018-04-19T07:00:00.000000+0200
19/04/2018,8,53.39,2018-04-19,2018-04-19T08:00:00.000000+0200
19/04/2018,9,60.37,2018-04-19,2018-04-19T09:00:00.000000+0200
19/04/2018,10,49.17,2018-04-19,2018-04-19T10:00:00.000000+0200
19/04/2018,11,47.73,2018-04-19,2018-04-19T11:00:00.000000+0200
19/04/2018,12,43.56,2018-04-19,2018-04-19T12:00:00.000000+0200
19/04/2018,13,36.52,2018-04-19,2018-04-19T13:00:00.000000+0200
19/04/2018,14,34.37,2018-04-19,2018-04-19T14:00:00.000000+0200
19/04/2018,15,35.55,2018-04-19,2018-04-19T15:00:00.000000+0200
19/04/2018,16,41.85,2018-04-19,2018-04-19T16:00:00.000000+0200
19/04/2018,17,46.47,2018-04-19,2018-04-19T17:00:00.000000+0200
19/04/2018,18,48.18,2018-04-19,2018-04-19T18:00:00.000000+0200
19/04/2018,19,50.13,2018-04-19,2018-04-19T19:00:00.000000+0200
19/04/2018,20,59.41,2018-04-19,2018-04-19T20:00:00.000000+0200
19/04/2018,21,60.37,2018-04-19,2018-04-19T21:00:00.000000+0200
19/04/2018,22,54.99,2018-04-19,2018-04-19T22:00:00.000000+0200
19/04/2018,23,49.78,2018-04-19,2018-04-19T23:00:00.000000+0200
19/04/2018,24,45.0,2018-04-19,2018-04-20T00:00:00.000000+0200
20/04/2018,1,44.62,2018-04-20,2018-04-20T01:00:00.000000+0200
20/04/2018,2,32.2,2018-04-20,2018-04-20T02:00:00.000000+0200
20/04/2018,3,31.23,2018-04-20,2018-04-20T03:00:00.000000+0200
20/04/2018,4,30.06,2018-04-20,2018-04-20T04:00:00.000000+0200
20/04/2018,5,30.51,2018-04-20,2018-04-20T05:00:00.000000+0200
20/04/2018,6,42.56,2018-04-20,2018-04-20T06:00:00.000000+0200
20/04/2018,7,49.5,2018-04-20,2018-04-20T07:00:00.000000+0200
20/04/2018,8,54.13,2018-04-20,2018-04-20T08:00:00.000000+0200
20/04/2018,9,60.05,2018-04-20,2018-04-20T09:00:00.000000+0200
20/04/2018,10,50.39,2018-04-20,2018-04-20T10:00:00.000000+0200
20/04/2018,11,48.41,2018-04-20,2018-04-20T11:00:00.000000+0200
20/04/2018,12,44.9,2018-04-20,2018-04-20T12:00:00.000000+0200
20/04/2018,13,38.84,2018-04-20,2018-04-20T13:00:00.000000+0200
20/04/2018,14,35.0,2018-04-20,2018-04-20T14:00:00.000000+0200
20/04/2018,15,34.97,2018-04-20,2018-04-20T15:00:00.000000+0200
20/04/2018,16,37.89,2018-04-20,2018-04-20T16:00:00.000000+0200
20/04/2018,17,45.09,2018-04-20,2018-04-20T17:00:00.000000+0200
20/04/2018,18,48.41,2018-04-20,2018-04-20T18:00:00.000000+0200
20/04/2018,19,49.04,2018-04-20,2018-04-20T19:00:00.000000+0200
20/04/2018,20,55.58,2018-04-20,2018-04-20T20:00:00.000000+0200
20/04/2018,21,59.07,2018-04-20,2018-04-20T21:00:00.000000+0200
20/04/2018,22,53.86,2018-04-20,2018-04-20T22:00:00.000000+0200
20/04/2018,23,48.85,2018-04-20,2018-04-20T23:00:00.000000+0200
20/04/2018,24,44.78,2018-04-20,2018-04-21T00:00:00.000000+0200
21/04/2018,1,48.41,2018-04-21,2018-04-21T01:00:00.000000+0200
21/04/2018,2,45.48,2018-04-21,2018-04-21T02:00:00.000000+0200
21/04/2018,3,40.94,2018-04-21,2018-04-21T03:00:00.000000+0200
21/04/2018,4,44.74,2018-04-21,2018-04-21T04:00:00.000000+0200
21/04/2018,5,45.47,2018-04-21,2018-04-21T05:00:00.000000+0200
21/04/2018,6,45.99,2018-04-21,2018-04-21T06:00:00.000000+0200
21/04/2018,7,42.69,2018-04-21,2018-04-21T07:00:00.000000+0200
21/04/2018,8,51.23,2018-04-21,2018-04-21T08:00:00.000000+0200
21/04/2018,9,59.11,2018-04-21,2018-04-21T09:00:00.000000+0200
21/04/2018,10,59.11,2018-04-21,2018-04-21T10:00:00.000000+0200
21/04/2018,11,50.13,2018-04-21,2018-04-21T11:00:00.000000+0200
21/04/2018,12,48.41,2018-04-21,2018-04-21T12:00:00.000000+0200
21/04/2018,13,41.55,2018-04-21,2018-04-21T13:00:00.000000+0200
21/04/2018,14,30.97,2018-04-21,2018-04-21T14:00:00.000000+0200
21/04/2018,15,30.0,2018-04-21,2018-04-21T15:00:00.000000+0200
21/04/2018,16,35.92,2018-04-21,2018-04-21T16:00:00.000000+0200
21/04/2018,17,48.41,2018-04-21,2018-04-21T17:00:00.000000+0200
21/04/2018,18,50.1,2018-04-21,2018-04-21T18:00:00.000000+0200
21/04/2018,19,54.12,2018-04-21,2018-04-21T19:00:00.000000+0200
21/04/2018,20,57.45,2018-04-21,2018-04-21T20:00:00.000000+0200
21/04/2018,21,71.96,2018-04-21,2018-04-21T21:00:00.000000+0200
21/04/2018,22,55.79,2018-04-21,2018-04-21T22:00:00.000000+0200
21/04/2018,23,55.79,2018-04-21,2018-04-21T23:00:00.000000+0200
21/04/2018,24,42.22,2018-04-21,2018-04-22T00:00:00.000000+0200
22/04/2018,1,46.79,2018-04-22,2018-04-22T01:00:00.000000+0200
22/04/2018,2,39.17,2018-04-22,2018-04-22T02:00:00.000000+0200
22/04/2018,3,35.5,2018-04-22,2018-04-22T03:00:00.000000+0200
22/04/2018,4,33.0,2018-04-22,2018-04-22T04:00:00.000000+0200
22/04/2018,5,46.5,2018-04-22,2018-04-22T05:00:00.000000+0200
22/04/2018,6,53.8,2018-04-22,2018-04-22T06:00:00.000000+0200
22/04/2018,7,48.8,2018-04-22,2018-04-22T07:00:00.000000+0200
22/04/2018,8,50.0,2018-04-22,2018-04-22T08:00:00.000000+0200
22/04/2018,9,48.41,2018-04-22,2018-04-22T09:00:00.000000+0200
22/04/2018,10,45.5,2018-04-22,2018-04-22T10:00:00.000000+0200
22/04/2018,11,42.72,2018-04-22,2018-04-22T11:00:00.000000+0200
22/04/2018,12,33.55,2018-04-22,2018-04-22T12:00:00.000000+0200
22/04/2018,13,32.0,2018-04-22,2018-04-22T13:00:00.000000+0200
22/04/2018,14,26.61,2018-04-22,2018-04-22T14:00:00.000000+0200
22/04/2018,15,22.32,2018-04-22,2018-04-22T15:00:00.000000+0200
22/04/2018,16,30.0,2018-04-22,2018-04-22T16:00:00.000000+0200
22/04/2018,17,35.0,2018-04-22,2018-04-22T17:00:00.000000+0200
22/04/2018,18,43.0,2018-04-22,2018-04-22T18:00:00.000000+0200
22/04/2018,19,51.33,2018-04-22,2018-04-22T19:00:00.000000+0200
22/04/2018,20,60.27,2018-04-22,2018-04-22T20:00:00.000000+0200
22/04/2018,21,76.46,2018-04-22,2018-04-22T21:00:00.000000+0200
22/04/2018,22,75.0,2018-04-22,2018-04-22T22:00:00.000000+0200
22/04/2018,23,59.11,2018-04-22,2018-04-22T23:00:00.000000+0200
22/04/2018,24,50.0,2018-04-22,2018-04-23T00:00:00.000000+0200
23/04/2018,1,40.02,2018-04-23,2018-04-23T01:00:00.000000+0200
23/04/2018,2,29.6,2018-04-23,2018-04-23T02:00:00.000000+0200
23/04/2018,3,29.51,2018-04-23,2018-04-23T03:00:00.000000+0200
23/04/2018,4,29.46,2018-04-23,2018-04-23T04:00:00.000000+0200
23/04/2018,5,29.51,2018-04-23,2018-04-23T05:00:00.000000+0200
23/04/2018,6,29.51,2018-04-23,2018-04-23T06:00:00.000000+0200
23/04/2018,7,39.16,2018-04-23,2018-04-23T07:00:00.000000+0200
23/04/2018,8,55.97,2018-04-23,2018-04-23T08:00:00.000000+0200
23/04/2018,9,59.28,2018-04-23,2018-04-23T09:00:00.000000+0200
23/04/2018,10,58.33,2018-04-23,2018-04-23T10:00:00.000000+0200
23/04/2018,11,50.62,2018-04-23,2018-04-23T11:00:00.000000+0200
23/04/2018,12,49.1,2018-04-23,2018-04-23T12:00:00.000000+0200
23/04/2018,13,36.61,2018-04-23,2018-04-23T13:00:00.000000+0200
23/04/2018,14,35.35,2018-04-23,2018-04-23T14:00:00.000000+0200
23/04/2018,15,42.35,2018-04-23,2018-04-23T15:00:00.000000+0200
23/04/2018,16,49.45,2018-04-23,2018-04-23T16:00:00.000000+0200
23/04/2018,17,50.0,2018-04-23,2018-04-23T17:00:00.000000+0200
23/04/2018,18,52.0,2018-04-23,2018-04-23T18:00:00.000000+0200
23/04/2018,19,52.42,2018-04-23,2018-04-23T19:00:00.000000+0200
23/04/2018,20,56.97,2018-04-23,2018-04-23T20:00:00.000000+0200
23/04/2018,21,58.68,2018-04-23,2018-04-23T21:00:00.000000+0200
23/04/2018,22,52.08,2018-04-23,2018-04-23T22:00:00.000000+0200
23/04/2018,23,56.97,2018-04-23,2018-04-23T23:00:00.000000+0200
23/04/2018,24,42.73,2018-04-23,2018-04-24T00:00:00.000000+0200
24/04/2018,1,32.68,2018-04-24,2018-04-24T01:00:00.000000+0200
24/04/2018,2,30.0,2018-04-24,2018-04-24T02:00:00.000000+0200
24/04/2018,3,28.45,2018-04-24,2018-04-24T03:00:00.000000+0200
24/04/2018,4,24.12,2018-04-24,2018-04-24T04:00:00.000000+0200
24/04/2018,5,23.4,2018-04-24,2018-04-24T05:00:00.000000+0200
24/04/2018,6,30.1,2018-04-24,2018-04-24T06:00:00.000000+0200
24/04/2018,7,48.69,2018-04-24,2018-04-24T07:00:00.000000+0200
24/04/2018,8,60.44,2018-04-24,2018-04-24T08:00:00.000000+0200
24/04/2018,9,70.5,2018-04-24,2018-04-24T09:00:00.000000+0200
24/04/2018,10,74.91,2018-04-24,2018-04-24T10:00:00.000000+0200
24/04/2018,11,72.0,2018-04-24,2018-04-24T11:00:00.000000+0200
24/04/2018,12,63.92,2018-04-24,2018-04-24T12:00:00.000000+0200
24/04/2018,13,55.97,2018-04-24,2018-04-24T13:00:00.000000+0200
24/04/2018,14,54.02,2018-04-24,2018-04-24T14:00:00.000000+0200
24/04/2018,15,58.34,2018-04-24,2018-04-24T15:00:00.000000+0200
24/04/2018,16,61.5,2018-04-24,2018-04-24T16:00:00.000000+0200
24/04/2018,17,63.92,2018-04-24,2018-04-24T17:00:00.000000+0200
24/04/2018,18,61.43,2018-04-24,2018-04-24T18:00:00.000000+0200
24/04/2018,19,61.67,2018-04-24,2018-04-24T19:00:00.000000+0200
24/04/2018,20,63.92,2018-04-24,2018-04-24T20:00:00.000000+0200
24/04/2018,21,61.5,2018-04-24,2018-04-24T21:00:00.000000+0200
24/04/2018,22,55.97,2018-04-24,2018-04-24T22:00:00.000000+0200
24/04/2018,23,53.52,2018-04-24,2018-04-24T23:00:00.000000+0200
24/04/2018,24,49.1,2018-04-24,2018-04-25T00:00:00.000000+0200
25/04/2018,1,42.92,2018-04-25,2018-04-25T01:00:00.000000+0200
25/04/2018,2,32.9,2018-04-25,2018-04-25T02:00:00.000000+0200
25/04/2018,3,29.51,2018-04-25,2018-04-25T03:00:00.000000+0200
25/04/2018,4,29.01,2018-04-25,2018-04-25T04:00:00.000000+0200
25/04/2018,5,41.78,2018-04-25,2018-04-25T05:00:00.000000+0200
25/04/2018,6,47.59,2018-04-25,2018-04-25T06:00:00.000000+0200
25/04/2018,7,46.83,2018-04-25,2018-04-25T07:00:00.000000+0200
25/04/2018,8,48.11,2018-04-25,2018-04-25T08:00:00.000000+0200
25/04/2018,9,46.67,2018-04-25,2018-04-25T09:00:00.000000+0200
25/04/2018,10,45.54,2018-04-25,2018-04-25T10:00:00.000000+0200
25/04/2018,11,42.62,2018-04-25,2018-04-25T11:00:00.000000+0200
25/04/2018,12,32.9,2018-04-25,2018-04-25T12:00:00.000000+0200
25/04/2018,13,31.15,2018-04-25,2018-04-25T13:00:00.000000+0200
25/04/2018,14,25.35,2018-04-25,2018-04-25T14:00:00.000000+0200
25/04/2018,15,22.07,2018-04-25,2018-04-25T15:00:00.000000+0200
25/04/2018,16,21.28,2018-04-25,2018-04-25T16:00:00.000000+0200
25/04/2018,17,25.8,2018-04-25,2018-04-25T17:00:00.000000+0200
25/04/2018,18,27.0,2018-04-25,2018-04-25T18:00:00.000000+0200
25/04/2018,19,46.94,2018-04-25,2018-04-25T19:00:00.000000+0200
25/04/2018,20,54.23,2018-04-25,2018-04-25T20:00:00.000000+0200
25/04/2018,21,61.79,2018-04-25,2018-04-25T21:00:00.000000+0200
25/04/2018,22,59.9,2018-04-25,2018-04-25T22:00:00.000000+0200
25/04/2018,23,55.16,2018-04-25,2018-04-25T23:00:00.000000+0200
25/04/2018,24,49.01,2018-04-25,2018-04-26T00:00:00.000000+0200
26/04/2018,1,48.0,2018-04-26,2018-04-26T01:00:00.000000+0200
26/04/2018,2,31.9,2018-04-26,2018-04-26T02:00:00.000000+0200
26/04/2018,3,29.51,2018-04-26,2018-04-26T03:00:00.000000+0200
26/04/2018,4,29.51,2018-04-26,2018-04-26T04:00:00.000000+0200
26/04/2018,5,31.3,2018-04-26,2018-04-26T05:00:00.000000+0200
26/04/2018,6,29.1,2018-04-26,2018-04-26T06:00:00.000000+0200
26/04/2018,7,47.99,2018-04-26,2018-04-26T07:00:00.000000+0200
26/04/2018,8,55.77,2018-04-26,2018-04-26T08:00:00.000000+0200
26/04/2018,9,58.8,2018-04-26,2018-04-26T09:00:00.000000+0200
26/04/2018,10,56.25,2018-04-26,2018-04-26T10:00:00.000000+0200
26/04/2018,11,50.52,2018-04-26,2018-04-26T11:00:00.000000+0200
26/04/2018,12,49.62,2018-04-26,2018-04-26T12:00:00.000000+0200
26/04/2018,13,42.92,2018-04-26,2018-04-26T13:00:00.000000+0200
26/04/2018,14,41.46,2018-04-26,2018-04-26T14:00:00.000000+0200
26/04/2018,15,47.94,2018-04-26,2018-04-26T15:00:00.000000+0200
26/04/2018,16,49.82,2018-04-26,2018-04-26T16:00:00.000000+0200
26/04/2018,17,50.96,2018-04-26,2018-04-26T17:00:00.000000+0200
26/04/2018,18,51.67,2018-04-26,2018-04-26T18:00:00.000000+0200
26/04/2018,19,55.77,2018-04-26,2018-04-26T19:00:00.000000+0200
26/04/2018,20,55.77,2018-04-26,2018-04-26T20:00:00.000000+0200
26/04/2018,21,64.99,2018-04-26,2018-04-26T21:00:00.000000+0200
26/04/2018,22,55.77,2018-04-26,2018-04-26T22:00:00.000000+0200
26/04/2018,23,55.77,2018-04-26,2018-04-26T23:00:00.000000+0200
26/04/2018,24,40.91,2018-04-26,2018-04-27T00:00:00.000000+0200
27/04/2018,1,41.45,2018-04-27,2018-04-27T01:00:00.000000+0200
27/04/2018,2,33.21,2018-04-27,2018-04-27T02:00:00.000000+0200
27/04/2018,3,32.61,2018-04-27,2018-04-27T03:00:00.000000+0200
27/04/2018,4,31.01,2018-04-27,2018-04-27T04:00:00.000000+0200
27/04/2018,5,30.0,2018-04-27,2018-04-27T05:00:00.000000+0200
27/04/2018,6,35.55,2018-04-27,2018-04-27T06:00:00.000000+0200
27/04/2018,7,47.45,2018-04-27,2018-04-27T07:00:00.000000+0200
27/04/2018,8,55.77,2018-04-27,2018-04-27T08:00:00.000000+0200
27/04/2018,9,60.19,2018-04-27,2018-04-27T09:00:00.000000+0200
27/04/2018,10,54.39,2018-04-27,2018-04-27T10:00:00.000000+0200
27/04/2018,11,49.1,2018-04-27,2018-04-27T11:00:00.000000+0200
27/04/2018,12,46.62,2018-04-27,2018-04-27T12:00:00.000000+0200
27/04/2018,13,38.7,2018-04-27,2018-04-27T13:00:00.000000+0200
27/04/2018,14,35.13,2018-04-27,2018-04-27T14:00:00.000000+0200
27/04/2018,15,40.54,2018-04-27,2018-04-27T15:00:00.000000+0200
27/04/2018,16,46.35,2018-04-27,2018-04-27T16:00:00.000000+0200
27/04/2018,17,49.1,2018-04-27,2018-04-27T17:00:00.000000+0200
27/04/2018,18,49.1,2018-04-27,2018-04-27T18:00:00.000000+0200
27/04/2018,19,49.75,2018-04-27,2018-04-27T19:00:00.000000+0200
27/04/2018,20,57.0,2018-04-27,2018-04-27T20:00:00.000000+0200
27/04/2018,21,74.45,2018-04-27,2018-04-27T21:00:00.000000+0200
27/04/2018,22,55.77,2018-04-27,2018-04-27T22:00:00.000000+0200
27/04/2018,23,54.0,2018-04-27,2018-04-27T23:00:00.000000+0200
27/04/2018,24,47.63,2018-04-27,2018-04-28T00:00:00.000000+0200
28/04/2018,1,46.32,2018-04-28,2018-04-28T01:00:00.000000+0200
28/04/2018,2,28.2,2018-04-28,2018-04-28T02:00:00.000000+0200
28/04/2018,3,25.26,2018-04-28,2018-04-28T03:00:00.000000+0200
28/04/2018,4,24.73,2018-04-28,2018-04-28T04:00:00.000000+0200
28/04/2018,5,22.78,2018-04-28,2018-04-28T05:00:00.000000+0200
28/04/2018,6,24.11,2018-04-28,2018-04-28T06:00:00.000000+0200
28/04/2018,7,29.4,2018-04-28,2018-04-28T07:00:00.000000+0200
28/04/2018,8,49.99,2018-04-28,2018-04-28T08:00:00.000000+0200
28/04/2018,9,54.57,2018-04-28,2018-04-28T09:00:00.000000+0200
28/04/2018,10,55.97,2018-04-28,2018-04-28T10:00:00.000000+0200
28/04/2018,11,53.06,2018-04-28,2018-04-28T11:00:00.000000+0200
28/04/2018,12,49.0,2018-04-28,2018-04-28T12:00:00.000000+0200
28/04/2018,13,44.0,2018-04-28,2018-04-28T13:00:00.000000+0200
28/04/2018,14,32.01,2018-04-28,2018-04-28T14:00:00.000000+0200
28/04/2018,15,32.0,2018-04-28,2018-04-28T15:00:00.000000+0200
28/04/2018,16,40.01,2018-04-28,2018-04-28T16:00:00.000000+0200
28/04/2018,17,46.23,2018-04-28,2018-04-28T17:00:00.000000+0200
28/04/2018,18,48.15,2018-04-28,2018-04-28T18:00:00.000000+0200
28/04/2018,19,49.1,2018-04-28,2018-04-28T19:00:00.000000+0200
28/04/2018,20,61.29,2018-04-28,2018-04-28T20:00:00.000000+0200
28/04/2018,21,74.91,2018-04-28,2018-04-28T21:00:00.000000+0200
28/04/2018,22,61.3,2018-04-28,2018-04-28T22:00:00.000000+0200
28/04/2018,23,53.06,2018-04-28,2018-04-28T23:00:00.000000+0200
28/04/2018,24,35.96,2018-04-28,2018-04-29T00:00:00.000000+0200
29/04/2018,1,46.24,2018-04-29,2018-04-29T01:00:00.000000+0200
29/04/2018,2,38.59,2018-04-29,2018-04-29T02:00:00.000000+0200
29/04/2018,3,30.0,2018-04-29,2018-04-29T03:00:00.000000+0200
29/04/2018,4,28.02,2018-04-29,2018-04-29T04:00:00.000000+0200
29/04/2018,5,44.76,2018-04-29,2018-04-29T05:00:00.000000+0200
29/04/2018,6,49.1,2018-04-29,2018-04-29T06:00:00.000000+0200
29/04/2018,7,47.74,2018-04-29,2018-04-29T07:00:00.000000+0200
29/04/2018,8,48.32,2018-04-29,2018-04-29T08:00:00.000000+0200
29/04/2018,9,47.74,2018-04-29,2018-04-29T09:00:00.000000+0200
29/04/2018,10,47.0,2018-04-29,2018-04-29T10:00:00.000000+0200
29/04/2018,11,43.61,2018-04-29,2018-04-29T11:00:00.000000+0200
29/04/2018,12,34.07,2018-04-29,2018-04-29T12:00:00.000000+0200
29/04/2018,13,30.1,2018-04-29,2018-04-29T13:00:00.000000+0200
29/04/2018,14,18.9,2018-04-29,2018-04-29T14:00:00.000000+0200
29/04/2018,15,15.0,2018-04-29,2018-04-29T15:00:00.000000+0200
29/04/2018,16,23.78,2018-04-29,2018-04-29T16:00:00.000000+0200
29/04/2018,17,29.91,2018-04-29,2018-04-29T17:00:00.000000+0200
29/04/2018,18,36.96,2018-04-29,2018-04-29T18:00:00.000000+0200
29/04/2018,19,45.99,2018-04-29,2018-04-29T19:00:00.000000+0200
29/04/2018,20,55.24,2018-04-29,2018-04-29T20:00:00.000000+0200
29/04/2018,21,62.85,2018-04-29,2018-04-29T21:00:00.000000+0200
29/04/2018,22,60.73,2018-04-29,2018-04-29T22:00:00.000000+0200
29/04/2018,23,54.86,2018-04-29,2018-04-29T23:00:00.000000+0200
29/04/2018,24,48.0,2018-04-29,2018-04-30T00:00:00.000000+0200
30/04/2018,1,38.25,2018-04-30,2018-04-30T01:00:00.000000+0200
30/04/2018,2,30.0,2018-04-30,2018-04-30T02:00:00.000000+0200
30/04/2018,3,29.3,2018-04-30,2018-04-30T03:00:00.000000+0200
30/04/2018,4,28.5,2018-04-30,2018-04-30T04:00:00.000000+0200
30/04/2018,5,29.51,2018-04-30,2018-04-30T05:00:00.000000+0200
30/04/2018,6,48.16,2018-04-30,2018-04-30T06:00:00.000000+0200
30/04/2018,7,49.43,2018-04-30,2018-04-30T07:00:00.000000+0200
30/04/2018,8,58.15,2018-04-30,2018-04-30T08:00:00.000000+0200
30/04/2018,9,59.41,2018-04-30,2018-04-30T09:00:00.000000+0200
30/04/2018,10,55.15,2018-04-30,2018-04-30T10:00:00.000000+0200
30/04/2018,11,50.0,2018-04-30,2018-04-30T11:00:00.000000+0200
30/04/2018,12,46.9,2018-04-30,2018-04-30T12:00:00.000000+0200
30/04/2018,13,40.0,2018-04-30,2018-04-30T13:00:00.000000+0200
30/04/2018,14,37.42,2018-04-30,2018-04-30T14:00:00.000000+0200
30/04/2018,15,39.01,2018-04-30,2018-04-30T15:00:00.000000+0200
30/04/2018,16,45.9,2018-04-30,2018-04-30T16:00:00.000000+0200
30/04/2018,17,48.59,2018-04-30,2018-04-30T17:00:00.000000+0200
30/04/2018,18,48.89,2018-04-30,2018-04-30T18:00:00.000000+0200
30/04/2018,19,50.0,2018-04-30,2018-04-30T19:00:00.000000+0200
30/04/2018,20,58.14,2018-04-30,2018-04-30T20:00:00.000000+0200
30/04/2018,21,61.98,2018-04-30,2018-04-30T21:00:00.000000+0200
30/04/2018,22,60.21,2018-04-30,2018-04-30T22:00:00.000000+0200
30/04/2018,23,51.44,2018-04-30,2018-04-30T23:00:00.000000+0200
30/04/2018,24,48.31,2018-04-30,2018-05-01T00:00:00.000000+0200
01/05/2018,1,48.95,2018-05-01,2018-05-01T01:00:00.000000+0200
01/05/2018,2,45.5,2018-05-01,2018-05-01T02:00:00.000000+0200
01/05/2018,3,36.0,2018-05-01,2018-05-01T03:00:00.000000+0200
01/05/2018,4,30.0,2018-05-01,2018-05-01T04:00:00.000000+0200
01/05/2018,5,35.93,2018-05-01,2018-05-01T05:00:00.000000+0200
01/05/2018,6,39.41,2018-05-01,2018-05-01T06:00:00.000000+0200
01/05/2018,7,37.98,2018-05-01,2018-05-01T07:00:00.000000+0200
01/05/2018,8,42.84,2018-05-01,2018-05-01T08:00:00.000000+0200
01/05/2018,9,43.84,2018-05-01,2018-05-01T09:00:00.000000+0200
01/05/2018,10,40.85,2018-05-01,2018-05-01T10:00:00.000000+0200
01/05/2018,11,40.36,2018-05-01,2018-05-01T11:00:00.000000+0200
01/05/2018,12,35.49,2018-05-01,2018-05-01T12:00:00.000000+0200
01/05/2018,13,32.51,2018-05-01,2018-05-01T13:00:00.000000+0200
01/05/2018,14,28.77,2018-05-01,2018-05-01T14:00:00.000000+0200
01/05/2018,15,28.1,2018-05-01,2018-05-01T15:00:00.000000+0200
01/05/2018,16,30.0,2018-05-01,2018-05-01T16:00:00.000000+0200
01/05/2018,17,34.02,2018-05-01,2018-05-01T17:00:00.000000+0200
01/05/2018,18,43.99,2018-05-01,2018-05-01T18:00:00.000000+0200
01/05/2018,19,51.0,2018-05-01,2018-05-01T19:00:00.000000+0200
01/05/2018,20,56.63,2018-05-01,2018-05-01T20:00:00.000000+0200
01/05/2018,21,61.77,2018-05-01,2018-05-01T21:00:00.000000+0200
01/05/2018,22,61.1,2018-05-01,2018-05-01T22:00:00.000000+0200
01/05/2018,23,56.28,2018-05-01,2018-05-01T23:00:00.000000+0200
01/05/2018,24,47.85,2018-05-01,2018-05-02T00:00:00.000000+0200
02/05/2018,1,45.16,2018-05-02,2018-05-02T01:00:00.000000+0200
02/05/2018,2,35.73,2018-05-02,2018-05-02T02:00:00.000000+0200
02/05/2018,3,29.51,2018-05-02,2018-05-02T03:00:00.000000+0200
02/05/2018,4,29.51,2018-05-02,2018-05-02T04:00:00.000000+0200
02/05/2018,5,31.5,2018-05-02,2018-05-02T05:00:00.000000+0200
02/05/2018,6,45.15,2018-05-02,2018-05-02T06:00:00.000000+0200
02/05/2018,7,51.85,2018-05-02,2018-05-02T07:00:00.000000+0200
02/05/2018,8,58.89,2018-05-02,2018-05-02T08:00:00.000000+0200
02/05/2018,9,65.22,2018-05-02,2018-05-02T09:00:00.000000+0200
02/05/2018,10,59.43,2018-05-02,2018-05-02T10:00:00.000000+0200
02/05/2018,11,57.17,2018-05-02,2018-05-02T11:00:00.000000+0200
02/05/2018,12,53.98,2018-05-02,2018-05-02T12:00:00.000000+0200
02/05/2018,13,46.16,2018-05-02,2018-05-02T13:00:00.000000+0200
02/05/2018,14,41.99,2018-05-02,2018-05-02T14:00:00.000000+0200
02/05/2018,15,49.11,2018-05-02,2018-05-02T15:00:00.000000+0200
02/05/2018,16,49.8,2018-05-02,2018-05-02T16:00:00.000000+0200
02/05/2018,17,50.0,2018-05-02,2018-05-02T17:00:00.000000+0200
02/05/2018,18,50.93,2018-05-02,2018-05-02T18:00:00.000000+0200
02/05/2018,19,52.02,2018-05-02,2018-05-02T19:00:00.000000+0200
02/05/2018,20,56.16,2018-05-02,2018-05-02T20:00:00.000000+0200
02/05/2018,21,57.49,2018-05-02,2018-05-02T21:00:00.000000+0200
02/05/2018,22,55.0,2018-05-02,2018-05-02T22:00:00.000000+0200
02/05/2018,23,46.3,2018-05-02,2018-05-02T23:00:00.000000+0200
02/05/2018,24,42.92,2018-05-02,2018-05-03T00:00:00.000000+0200
03/05/2018,1,35.95,2018-05-03,2018-05-03T01:00:00.000000+0200
03/05/2018,2,32.12,2018-05-03,2018-05-03T02:00:00.000000+0200
03/05/2018,3,29.77,2018-05-03,2018-05-03T03:00:00.000000+0200
03/05/2018,4,28.01,2018-05-03,2018-05-03T04:00:00.000000+0200
03/05/2018,5,25.65,2018-05-03,2018-05-03T05:00:00.000000+0200
03/05/2018,6,29.01,2018-05-03,2018-05-03T06:00:00.000000+0200
03/05/2018,7,40.56,2018-05-03,2018-05-03T07:00:00.000000+0200
03/05/2018,8,49.91,2018-05-03,2018-05-03T08:00:00.000000+0200
03/05/2018,9,58.5,2018-05-03,2018-05-03T09:00:00.000000+0200
03/05/2018,10,58.27,2018-05-03,2018-05-03T10:00:00.000000+0200
03/05/2018,11,53.31,2018-05-03,2018-05-03T11:00:00.000000+0200
03/05/2018,12,51.02,2018-05-03,2018-05-03T12:00:00.000000+0200
03/05/2018,13,49.61,2018-05-03,2018-05-03T13:00:00.000000+0200
03/05/2018,14,49.09,2018-05-03,2018-05-03T14:00:00.000000+0200
03/05/2018,15,51.02,2018-05-03,2018-05-03T15:00:00.000000+0200
03/05/2018,16,54.31,2018-05-03,2018-05-03T16:00:00.000000+0200
03/05/2018,17,58.27,2018-05-03,2018-05-03T17:00:00.000000+0200
03/05/2018,18,56.43,2018-05-03,2018-05-03T18:00:00.000000+0200
03/05/2018,19,51.02,2018-05-03,2018-05-03T19:00:00.000000+0200
03/05/2018,20,58.5,2018-05-03,2018-05-03T20:00:00.000000+0200
03/05/2018,21,67.15,2018-05-03,2018-05-03T21:00:00.000000+0200
03/05/2018,22,58.5,2018-05-03,2018-05-03T22:00:00.000000+0200
03/05/2018,23,50.0,2018-05-03,2018-05-03T23:00:00.000000+0200
03/05/2018,24,43.01,2018-05-03,2018-05-04T00:00:00.000000+0200
04/05/2018,1,52.02,2018-05-04,2018-05-04T01:00:00.000000+0200
04/05/2018,2,44.47,2018-05-04,2018-05-04T02:00:00.000000+0200
04/05/2018,3,42.12,2018-05-04,2018-05-04T03:00:00.000000+0200
04/05/2018,4,39.75,2018-05-04,2018-05-04T04:00:00.000000+0200
04/05/2018,5,41.5,2018-05-04,2018-05-04T05:00:00.000000+0200
04/05/2018,6,52.02,2018-05-04,2018-05-04T06:00:00.000000+0200
04/05/2018,7,55.91,2018-05-04,2018-05-04T07:00:00.000000+0200
04/05/2018,8,68.41,2018-05-04,2018-05-04T08:00:00.000000+0200
04/05/2018,9,73.83,2018-05-04,2018-05-04T09:00:00.000000+0200
04/05/2018,10,74.63,2018-05-04,2018-05-04T10:00:00.000000+0200
04/05/2018,11,68.98,2018-05-04,2018-05-04T11:00:00.000000+0200
04/05/2018,12,64.72,2018-05-04,2018-05-04T12:00:00.000000+0200
04/05/2018,13,59.75,2018-05-04,2018-05-04T13:00:00.000000+0200
04/05/2018,14,56.79,2018-05-04,2018-05-04T14:00:00.000000+0200
04/05/2018,15,59.95,2018-05-04,2018-05-04T15:00:00.000000+0200
04/05/2018,16,60.68,2018-05-04,2018-05-04T16:00:00.000000+0200
04/05/2018,17,59.95,2018-05-04,2018-05-04T17:00:00.000000+0200
04/05/2018,18,59.95,2018-05-04,2018-05-04T18:00:00.000000+0200
04/05/2018,19,59.95,2018-05-04,2018-05-04T19:00:00.000000+0200
04/05/2018,20,73.5,2018-05-04,2018-05-04T20:00:00.000000+0200
04/05/2018,21,61.68,2018-05-04,2018-05-04T21:00:00.000000+0200
04/05/2018,22,77.31,2018-05-04,2018-05-04T22:00:00.000000+0200
04/05/2018,23,55.91,2018-05-04,2018-05-04T23:00:00.000000+0200
04/05/2018,24,51.02,2018-05-04,2018-05-05T00:00:00.000000+0200
05/05/2018,1,51.49,2018-05-05,2018-05-05T01:00:00.000000+0200
05/05/2018,2,45.13,2018-05-05,2018-05-05T02:00:00.000000+0200
05/05/2018,3,39.37,2018-05-05,2018-05-05T03:00:00.000000+0200
05/05/2018,4,41.5,2018-05-05,2018-05-05T04:00:00.000000+0200
05/05/2018,5,41.93,2018-05-05,2018-05-05T05:00:00.000000+0200
05/05/2018,6,42.06,2018-05-05,2018-05-05T06:00:00.000000+0200
05/05/2018,7,38.8,2018-05-05,2018-05-05T07:00:00.000000+0200
05/05/2018,8,51.49,2018-05-05,2018-05-05T08:00:00.000000+0200
05/05/2018,9,70.07,2018-05-05,2018-05-05T09:00:00.000000+0200
05/05/2018,10,62.3,2018-05-05,2018-05-05T10:00:00.000000+0200
05/05/2018,11,60.0,2018-05-05,2018-05-05T11:00:00.000000+0200
05/05/2018,12,52.6,2018-05-05,2018-05-05T12:00:00.000000+0200
05/05/2018,13,52.02,2018-05-05,2018-05-05T13:00:00.000000+0200
05/05/2018,14,48.17,2018-05-05,2018-05-05T14:00:00.000000+0200
05/05/2018,15,44.47,2018-05-05,2018-05-05T15:00:00.000000+0200
05/05/2018,16,48.28,2018-05-05,2018-05-05T16:00:00.000000+0200
05/05/2018,17,49.49,2018-05-05,2018-05-05T17:00:00.000000+0200
05/05/2018,18,48.45,2018-05-05,2018-05-05T18:00:00.000000+0200
05/05/2018,19,52.49,2018-05-05,2018-05-05T19:00:00.000000+0200
05/05/2018,20,55.2,2018-05-05,2018-05-05T20:00:00.000000+0200
05/05/2018,21,56.99,2018-05-05,2018-05-05T21:00:00.000000+0200
05/05/2018,22,52.6,2018-05-05,2018-05-05T22:00:00.000000+0200
05/05/2018,23,52.49,2018-05-05,2018-05-05T23:00:00.000000+0200
05/05/2018,24,51.0,2018-05-05,2018-05-06T00:00:00.000000+0200
06/05/2018,1,51.02,2018-05-06,2018-05-06T01:00:00.000000+0200
06/05/2018,2,40.0,2018-05-06,2018-05-06T02:00:00.000000+0200
06/05/2018,3,34.89,2018-05-06,2018-05-06T03:00:00.000000+0200
06/05/2018,4,29.7,2018-05-06,2018-05-06T04:00:00.000000+0200
06/05/2018,5,44.5,2018-05-06,2018-05-06T05:00:00.000000+0200
06/05/2018,6,50.0,2018-05-06,2018-05-06T06:00:00.000000+0200
06/05/2018,7,45.44,2018-05-06,2018-05-06T07:00:00.000000+0200
06/05/2018,8,46.59,2018-05-06,2018-05-06T08:00:00.000000+0200
06/05/2018,9,48.7,2018-05-06,2018-05-06T09:00:00.000000+0200
06/05/2018,10,49.33,2018-05-06,2018-05-06T10:00:00.000000+0200
06/05/2018,11,52.02,2018-05-06,2018-05-06T11:00:00.000000+0200
06/05/2018,12,48.67,2018-05-06,2018-05-06T12:00:00.000000+0200
06/05/2018,13,42.62,2018-05-06,2018-05-06T13:00:00.000000+0200
06/05/2018,14,34.9,2018-05-06,2018-05-06T14:00:00.000000+0200
06/05/2018,15,31.55,2018-05-06,2018-05-06T15:00:00.000000+0200
06/05/2018,16,38.2,2018-05-06,2018-05-06T16:00:00.000000+0200
06/05/2018,17,40.17,2018-05-06,2018-05-06T17:00:00.000000+0200
06/05/2018,18,42.95,2018-05-06,2018-05-06T18:00:00.000000+0200
06/05/2018,19,49.76,2018-05-06,2018-05-06T19:00:00.000000+0200
06/05/2018,20,56.99,2018-05-06,2018-05-06T20:00:00.000000+0200
06/05/2018,21,62.33,2018-05-06,2018-05-06T21:00:00.000000+0200
06/05/2018,22,62.33,2018-05-06,2018-05-06T22:00:00.000000+0200
06/05/2018,23,58.34,2018-05-06,2018-05-06T23:00:00.000000+0200
06/05/2018,24,51.02,2018-05-06,2018-05-07T00:00:00.000000+0200
07/05/2018,1,36.89,2018-05-07,2018-05-07T01:00:00.000000+0200
07/05/2018,2,28.67,2018-05-07,2018-05-07T02:00:00.000000+0200
07/05/2018,3,28.0,2018-05-07,2018-05-07T03:00:00.000000+0200
07/05/2018,4,22.74,2018-05-07,2018-05-07T04:00:00.000000+0200
07/05/2018,5,21.18,2018-05-07,2018-05-07T05:00:00.000000+0200
07/05/2018,6,26.7,2018-05-07,2018-05-07T06:00:00.000000+0200
07/05/2018,7,43.25,2018-05-07,2018-05-07T07:00:00.000000+0200
07/05/2018,8,55.15,2018-05-07,2018-05-07T08:00:00.000000+0200
07/05/2018,9,60.58,2018-05-07,2018-05-07T09:00:00.000000+0200
07/05/2018,10,59.14,2018-05-07,2018-05-07T10:00:00.000000+0200
07/05/2018,11,55.4,2018-05-07,2018-05-07T11:00:00.000000+0200
07/05/2018,12,53.82,2018-05-07,2018-05-07T12:00:00.000000+0200
07/05/2018,13,50.19,2018-05-07,2018-05-07T13:00:00.000000+0200
07/05/2018,14,48.61,2018-05-07,2018-05-07T14:00:00.000000+0200
07/05/2018,15,51.35,2018-05-07,2018-05-07T15:00:00.000000+0200
07/05/2018,16,52.33,2018-05-07,2018-05-07T16:00:00.000000+0200
07/05/2018,17,52.33,2018-05-07,2018-05-07T17:00:00.000000+0200
07/05/2018,18,52.33,2018-05-07,2018-05-07T18:00:00.000000+0200
07/05/2018,19,53.82,2018-05-07,2018-05-07T19:00:00.000000+0200
07/05/2018,20,58.23,2018-05-07,2018-05-07T20:00:00.000000+0200
07/05/2018,21,59.42,2018-05-07,2018-05-07T21:00:00.000000+0200
07/05/2018,22,57.0,2018-05-07,2018-05-07T22:00:00.000000+0200
07/05/2018,23,52.82,2018-05-07,2018-05-07T23:00:00.000000+0200
07/05/2018,24,48.0,2018-05-07,2018-05-08T00:00:00.000000+0200
08/05/2018,1,52.33,2018-05-08,2018-05-08T01:00:00.000000+0200
08/05/2018,2,45.12,2018-05-08,2018-05-08T02:00:00.000000+0200
08/05/2018,3,36.64,2018-05-08,2018-05-08T03:00:00.000000+0200
08/05/2018,4,30.73,2018-05-08,2018-05-08T04:00:00.000000+0200
08/05/2018,5,31.96,2018-05-08,2018-05-08T05:00:00.000000+0200
08/05/2018,6,52.33,2018-05-08,2018-05-08T06:00:00.000000+0200
08/05/2018,7,48.68,2018-05-08,2018-05-08T07:00:00.000000+0200
08/05/2018,8,55.4,2018-05-08,2018-05-08T08:00:00.000000+0200
08/05/2018,9,60.26,2018-05-08,2018-05-08T09:00:00.000000+0200
08/05/2018,10,59.42,2018-05-08,2018-05-08T10:00:00.000000+0200
08/05/2018,11,53.82,2018-05-08,2018-05-08T11:00:00.000000+0200
08/05/2018,12,50.5,2018-05-08,2018-05-08T12:00:00.000000+0200
08/05/2018,13,44.48,2018-05-08,2018-05-08T13:00:00.000000+0200
08/05/2018,14,45.62,2018-05-08,2018-05-08T14:00:00.000000+0200
08/05/2018,15,49.89,2018-05-08,2018-05-08T15:00:00.000000+0200
08/05/2018,16,50.94,2018-05-08,2018-05-08T16:00:00.000000+0200
08/05/2018,17,51.3,2018-05-08,2018-05-08T17:00:00.000000+0200
08/05/2018,18,50.5,2018-05-08,2018-05-08T18:00:00.000000+0200
08/05/2018,19,53.22,2018-05-08,2018-05-08T19:00:00.000000+0200
08/05/2018,20,56.03,2018-05-08,2018-05-08T20:00:00.000000+0200
08/05/2018,21,59.54,2018-05-08,2018-05-08T21:00:00.000000+0200
08/05/2018,22,55.4,2018-05-08,2018-05-08T22:00:00.000000+0200
08/05/2018,23,52.82,2018-05-08,2018-05-08T23:00:00.000000+0200
08/05/2018,24,50.21,2018-05-08,2018-05-09T00:00:00.000000+0200
09/05/2018,1,52.33,2018-05-09,2018-05-09T01:00:00.000000+0200
09/05/2018,2,48.28,2018-05-09,2018-05-09T02:00:00.000000+0200
09/05/2018,3,43.32,2018-05-09,2018-05-09T03:00:00.000000+0200
09/05/2018,4,38.99,2018-05-09,2018-05-09T04:00:00.000000+0200
09/05/2018,5,38.91,2018-05-09,2018-05-09T05:00:00.000000+0200
09/05/2018,6,50.6,2018-05-09,2018-05-09T06:00:00.000000+0200
09/05/2018,7,52.5,2018-05-09,2018-05-09T07:00:00.000000+0200
09/05/2018,8,61.01,2018-05-09,2018-05-09T08:00:00.000000+0200
09/05/2018,9,78.71,2018-05-09,2018-05-09T09:00:00.000000+0200
09/05/2018,10,67.42,2018-05-09,2018-05-09T10:00:00.000000+0200
09/05/2018,11,61.73,2018-05-09,2018-05-09T11:00:00.000000+0200
09/05/2018,12,58.5,2018-05-09,2018-05-09T12:00:00.000000+0200
09/05/2018,13,50.55,2018-05-09,2018-05-09T13:00:00.000000+0200
09/05/2018,14,50.61,2018-05-09,2018-05-09T14:00:00.000000+0200
09/05/2018,15,52.33,2018-05-09,2018-05-09T15:00:00.000000+0200
09/05/2018,16,52.33,2018-05-09,2018-05-09T16:00:00.000000+0200
09/05/2018,17,53.82,2018-05-09,2018-05-09T17:00:00.000000+0200
09/05/2018,18,54.21,2018-05-09,2018-05-09T18:00:00.000000+0200
09/05/2018,19,55.0,2018-05-09,2018-05-09T19:00:00.000000+0200
09/05/2018,20,60.0,2018-05-09,2018-05-09T20:00:00.000000+0200
09/05/2018,21,69.54,2018-05-09,2018-05-09T21:00:00.000000+0200
09/05/2018,22,59.85,2018-05-09,2018-05-09T22:00:00.000000+0200
09/05/2018,23,52.82,2018-05-09,2018-05-09T23:00:00.000000+0200
09/05/2018,24,49.1,2018-05-09,2018-05-10T00:00:00.000000+0200
10/05/2018,1,52.33,2018-05-10,2018-05-10T01:00:00.000000+0200
10/05/2018,2,43.05,2018-05-10,2018-05-10T02:00:00.000000+0200
10/05/2018,3,37.69,2018-05-10,2018-05-10T03:00:00.000000+0200
10/05/2018,4,32.43,2018-05-10,2018-05-10T04:00:00.000000+0200
10/05/2018,5,33.0,2018-05-10,2018-05-10T05:00:00.000000+0200
10/05/2018,6,38.5,2018-05-10,2018-05-10T06:00:00.000000+0200
10/05/2018,7,52.82,2018-05-10,2018-05-10T07:00:00.000000+0200
10/05/2018,8,58.48,2018-05-10,2018-05-10T08:00:00.000000+0200
10/05/2018,9,65.23,2018-05-10,2018-05-10T09:00:00.000000+0200
10/05/2018,10,63.44,2018-05-10,2018-05-10T10:00:00.000000+0200
10/05/2018,11,59.99,2018-05-10,2018-05-10T11:00:00.000000+0200
10/05/2018,12,59.53,2018-05-10,2018-05-10T12:00:00.000000+0200
10/05/2018,13,53.33,2018-05-10,2018-05-10T13:00:00.000000+0200
10/05/2018,14,53.33,2018-05-10,2018-05-10T14:00:00.000000+0200
10/05/2018,15,54.21,2018-05-10,2018-05-10T15:00:00.000000+0200
10/05/2018,16,57.0,2018-05-10,2018-05-10T16:00:00.000000+0200
10/05/2018,17,58.48,2018-05-10,2018-05-10T17:00:00.000000+0200
10/05/2018,18,57.0,2018-05-10,2018-05-10T18:00:00.000000+0200
10/05/2018,19,56.54,2018-05-10,2018-05-10T19:00:00.000000+0200
10/05/2018,20,60.53,2018-05-10,2018-05-10T20:00:00.000000+0200
10/05/2018,21,65.0,2018-05-10,2018-05-10T21:00:00.000000+0200
10/05/2018,22,60.36,2018-05-10,2018-05-10T22:00:00.000000+0200
10/05/2018,23,54.46,2018-05-10,2018-05-10T23:00:00.000000+0200
10/05/2018,24,49.86,2018-05-10,2018-05-11T00:00:00.000000+0200
11/05/2018,1,52.82,2018-05-11,2018-05-11T01:00:00.000000+0200
11/05/2018,2,44.73,2018-05-11,2018-05-11T02:00:00.000000+0200
11/05/2018,3,35.49,2018-05-11,2018-05-11T03:00:00.000000+0200
11/05/2018,4,35.49,2018-05-11,2018-05-11T04:00:00.000000+0200
11/05/2018,5,35.49,2018-05-11,2018-05-11T05:00:00.000000+0200
11/05/2018,6,44.55,2018-05-11,2018-05-11T06:00:00.000000+0200
11/05/2018,7,56.8,2018-05-11,2018-05-11T07:00:00.000000+0200
11/05/2018,8,65.92,2018-05-11,2018-05-11T08:00:00.000000+0200
11/05/2018,9,70.24,2018-05-11,2018-05-11T09:00:00.000000+0200
11/05/2018,10,67.41,2018-05-11,2018-05-11T10:00:00.000000+0200
11/05/2018,11,60.19,2018-05-11,2018-05-11T11:00:00.000000+0200
11/05/2018,12,52.82,2018-05-11,2018-05-11T12:00:00.000000+0200
11/05/2018,13,50.29,2018-05-11,2018-05-11T13:00:00.000000+0200
11/05/2018,14,50.0,2018-05-11,2018-05-11T14:00:00.000000+0200
11/05/2018,15,52.33,2018-05-11,2018-05-11T15:00:00.000000+0200
11/05/2018,16,53.82,2018-05-11,2018-05-11T16:00:00.000000+0200
11/05/2018,17,60.82,2018-05-11,2018-05-11T17:00:00.000000+0200
11/05/2018,18,62.05,2018-05-11,2018-05-11T18:00:00.000000+0200
11/05/2018,19,67.68,2018-05-11,2018-05-11T19:00:00.000000+0200
11/05/2018,20,73.18,2018-05-11,2018-05-11T20:00:00.000000+0200
11/05/2018,21,79.53,2018-05-11,2018-05-11T21:00:00.000000+0200
11/05/2018,22,70.24,2018-05-11,2018-05-11T22:00:00.000000+0200
11/05/2018,23,65.92,2018-05-11,2018-05-11T23:00:00.000000+0200
11/05/2018,24,53.33,2018-05-11,2018-05-12T00:00:00.000000+0200
12/05/2018,1,56.25,2018-05-12,2018-05-12T01:00:00.000000+0200
12/05/2018,2,48.76,2018-05-12,2018-05-12T02:00:00.000000+0200
12/05/2018,3,41.25,2018-05-12,2018-05-12T03:00:00.000000+0200
12/05/2018,4,36.71,2018-05-12,2018-05-12T04:00:00.000000+0200
12/05/2018,5,36.71,2018-05-12,2018-05-12T05:00:00.000000+0200
12/05/2018,6,36.71,2018-05-12,2018-05-12T06:00:00.000000+0200
12/05/2018,7,36.45,2018-05-12,2018-05-12T07:00:00.000000+0200
12/05/2018,8,50.41,2018-05-12,2018-05-12T08:00:00.000000+0200
12/05/2018,9,53.82,2018-05-12,2018-05-12T09:00:00.000000+0200
12/05/2018,10,54.98,2018-05-12,2018-05-12T10:00:00.000000+0200
12/05/2018,11,53.82,2018-05-12,2018-05-12T11:00:00.000000+0200
12/05/2018,12,49.46,2018-05-12,2018-05-12T12:00:00.000000+0200
12/05/2018,13,41.25,2018-05-12,2018-05-12T13:00:00.000000+0200
12/05/2018,14,35.97,2018-05-12,2018-05-12T14:00:00.000000+0200
12/05/2018,15,34.0,2018-05-12,2018-05-12T15:00:00.000000+0200
12/05/2018,16,38.25,2018-05-12,2018-05-12T16:00:00.000000+0200
12/05/2018,17,46.6,2018-05-12,2018-05-12T17:00:00.000000+0200
12/05/2018,18,46.01,2018-05-12,2018-05-12T18:00:00.000000+0200
12/05/2018,19,49.61,2018-05-12,2018-05-12T19:00:00.000000+0200
12/05/2018,20,59.07,2018-05-12,2018-05-12T20:00:00.000000+0200
12/05/2018,21,59.07,2018-05-12,2018-05-12T21:00:00.000000+0200
12/05/2018,22,59.07,2018-05-12,2018-05-12T22:00:00.000000+0200
12/05/2018,23,52.82,2018-05-12,2018-05-12T23:00:00.000000+0200
12/05/2018,24,51.64,2018-05-12,2018-05-13T00:00:00.000000+0200
13/05/2018,1,43.67,2018-05-13,2018-05-13T01:00:00.000000+0200
13/05/2018,2,45.12,2018-05-13,2018-05-13T02:00:00.000000+0200
13/05/2018,3,33.4,2018-05-13,2018-05-13T03:00:00.000000+0200
13/05/2018,4,27.0,2018-05-13,2018-05-13T04:00:00.000000+0200
13/05/2018,5,36.62,2018-05-13,2018-05-13T05:00:00.000000+0200
13/05/2018,6,42.25,2018-05-13,2018-05-13T06:00:00.000000+0200
13/05/2018,7,40.0,2018-05-13,2018-05-13T07:00:00.000000+0200
13/05/2018,8,38.24,2018-05-13,2018-05-13T08:00:00.000000+0200
13/05/2018,9,38.13,2018-05-13,2018-05-13T09:00:00.000000+0200
13/05/2018,10,36.59,2018-05-13,2018-05-13T10:00:00.000000+0200
13/05/2018,11,36.6,2018-05-13,2018-05-13T11:00:00.000000+0200
13/05/2018,12,35.74,2018-05-13,2018-05-13T12:00:00.000000+0200
13/05/2018,13,33.0,2018-05-13,2018-05-13T13:00:00.000000+0200
13/05/2018,14,20.0,2018-05-13,2018-05-13T14:00:00.000000+0200
13/05/2018,15,15.0,2018-05-13,2018-05-13T15:00:00.000000+0200
13/05/2018,16,19.9,2018-05-13,2018-05-13T16:00:00.000000+0200
13/05/2018,17,29.27,2018-05-13,2018-05-13T17:00:00.000000+0200
13/05/2018,18,31.0,2018-05-13,2018-05-13T18:00:00.000000+0200
13/05/2018,19,40.5,2018-05-13,2018-05-13T19:00:00.000000+0200
13/05/2018,20,52.72,2018-05-13,2018-05-13T20:00:00.000000+0200
13/05/2018,21,56.65,2018-05-13,2018-05-13T21:00:00.000000+0200
13/05/2018,22,57.69,2018-05-13,2018-05-13T22:00:00.000000+0200
13/05/2018,23,53.33,2018-05-13,2018-05-13T23:00:00.000000+0200
13/05/2018,24,49.75,2018-05-13,2018-05-14T00:00:00.000000+0200
14/05/2018,1,33.5,2018-05-14,2018-05-14T01:00:00.000000+0200
14/05/2018,2,23.83,2018-05-14,2018-05-14T02:00:00.000000+0200
14/05/2018,3,20.0,2018-05-14,2018-05-14T03:00:00.000000+0200
14/05/2018,4,14.93,2018-05-14,2018-05-14T04:00:00.000000+0200
14/05/2018,5,15.62,2018-05-14,2018-05-14T05:00:00.000000+0200
14/05/2018,6,26.0,2018-05-14,2018-05-14T06:00:00.000000+0200
14/05/2018,7,43.3,2018-05-14,2018-05-14T07:00:00.000000+0200
14/05/2018,8,54.06,2018-05-14,2018-05-14T08:00:00.000000+0200
14/05/2018,9,58.16,2018-05-14,2018-05-14T09:00:00.000000+0200
14/05/2018,10,55.83,2018-05-14,2018-05-14T10:00:00.000000+0200
14/05/2018,11,51.79,2018-05-14,2018-05-14T11:00:00.000000+0200
14/05/2018,12,47.71,2018-05-14,2018-05-14T12:00:00.000000+0200
14/05/2018,13,39.94,2018-05-14,2018-05-14T13:00:00.000000+0200
14/05/2018,14,37.4,2018-05-14,2018-05-14T14:00:00.000000+0200
14/05/2018,15,42.81,2018-05-14,2018-05-14T15:00:00.000000+0200
14/05/2018,16,48.75,2018-05-14,2018-05-14T16:00:00.000000+0200
14/05/2018,17,50.75,2018-05-14,2018-05-14T17:00:00.000000+0200
14/05/2018,18,50.94,2018-05-14,2018-05-14T18:00:00.000000+0200
14/05/2018,19,53.19,2018-05-14,2018-05-14T19:00:00.000000+0200
14/05/2018,20,56.8,2018-05-14,2018-05-14T20:00:00.000000+0200
14/05/2018,21,59.45,2018-05-14,2018-05-14T21:00:00.000000+0200
14/05/2018,22,57.11,2018-05-14,2018-05-14T22:00:00.000000+0200
14/05/2018,23,53.7,2018-05-14,2018-05-14T23:00:00.000000+0200
14/05/2018,24,48.9,2018-05-14,2018-05-15T00:00:00.000000+0200
15/05/2018,1,52.53,2018-05-15,2018-05-15T01:00:00.000000+0200
15/05/2018,2,43.89,2018-05-15,2018-05-15T02:00:00.000000+0200
15/05/2018,3,39.9,2018-05-15,2018-05-15T03:00:00.000000+0200
15/05/2018,4,38.1,2018-05-15,2018-05-15T04:00:00.000000+0200
15/05/2018,5,40.5,2018-05-15,2018-05-15T05:00:00.000000+0200
15/05/2018,6,49.75,2018-05-15,2018-05-15T06:00:00.000000+0200
15/05/2018,7,56.57,2018-05-15,2018-05-15T07:00:00.000000+0200
15/05/2018,8,63.94,2018-05-15,2018-05-15T08:00:00.000000+0200
15/05/2018,9,67.07,2018-05-15,2018-05-15T09:00:00.000000+0200
15/05/2018,10,61.69,2018-05-15,2018-05-15T10:00:00.000000+0200
15/05/2018,11,55.0,2018-05-15,2018-05-15T11:00:00.000000+0200
15/05/2018,12,54.93,2018-05-15,2018-05-15T12:00:00.000000+0200
15/05/2018,13,50.0,2018-05-15,2018-05-15T13:00:00.000000+0200
15/05/2018,14,48.95,2018-05-15,2018-05-15T14:00:00.000000+0200
15/05/2018,15,51.26,2018-05-15,2018-05-15T15:00:00.000000+0200
15/05/2018,16,52.7,2018-05-15,2018-05-15T16:00:00.000000+0200
15/05/2018,17,53.19,2018-05-15,2018-05-15T17:00:00.000000+0200
15/05/2018,18,53.19,2018-05-15,2018-05-15T18:00:00.000000+0200
15/05/2018,19,54.63,2018-05-15,2018-05-15T19:00:00.000000+0200
15/05/2018,20,58.07,2018-05-15,2018-05-15T20:00:00.000000+0200
15/05/2018,21,62.04,2018-05-15,2018-05-15T21:00:00.000000+0200
15/05/2018,22,58.26,2018-05-15,2018-05-15T22:00:00.000000+0200
15/05/2018,23,53.5,2018-05-15,2018-05-15T23:00:00.000000+0200
15/05/2018,24,50.62,2018-05-15,2018-05-16T00:00:00.000000+0200
16/05/2018,1,52.15,2018-05-16,2018-05-16T01:00:00.000000+0200
16/05/2018,2,39.56,2018-05-16,2018-05-16T02:00:00.000000+0200
16/05/2018,3,33.98,2018-05-16,2018-05-16T03:00:00.000000+0200
16/05/2018,4,33.03,2018-05-16,2018-05-16T04:00:00.000000+0200
16/05/2018,5,36.46,2018-05-16,2018-05-16T05:00:00.000000+0200
16/05/2018,6,48.25,2018-05-16,2018-05-16T06:00:00.000000+0200
16/05/2018,7,54.21,2018-05-16,2018-05-16T07:00:00.000000+0200
16/05/2018,8,60.97,2018-05-16,2018-05-16T08:00:00.000000+0200
16/05/2018,9,70.0,2018-05-16,2018-05-16T09:00:00.000000+0200
16/05/2018,10,61.73,2018-05-16,2018-05-16T10:00:00.000000+0200
16/05/2018,11,55.7,2018-05-16,2018-05-16T11:00:00.000000+0200
16/05/2018,12,54.19,2018-05-16,2018-05-16T12:00:00.000000+0200
16/05/2018,13,51.15,2018-05-16,2018-05-16T13:00:00.000000+0200
16/05/2018,14,50.24,2018-05-16,2018-05-16T14:00:00.000000+0200
16/05/2018,15,52.7,2018-05-16,2018-05-16T15:00:00.000000+0200
16/05/2018,16,54.19,2018-05-16,2018-05-16T16:00:00.000000+0200
16/05/2018,17,55.01,2018-05-16,2018-05-16T17:00:00.000000+0200
16/05/2018,18,55.01,2018-05-16,2018-05-16T18:00:00.000000+0200
16/05/2018,19,58.0,2018-05-16,2018-05-16T19:00:00.000000+0200
16/05/2018,20,61.73,2018-05-16,2018-05-16T20:00:00.000000+0200
16/05/2018,21,79.22,2018-05-16,2018-05-16T21:00:00.000000+0200
16/05/2018,22,61.73,2018-05-16,2018-05-16T22:00:00.000000+0200
16/05/2018,23,54.23,2018-05-16,2018-05-16T23:00:00.000000+0200
16/05/2018,24,52.01,2018-05-16,2018-05-17T00:00:00.000000+0200
17/05/2018,1,54.19,2018-05-17,2018-05-17T01:00:00.000000+0200
17/05/2018,2,53.7,2018-05-17,2018-05-17T02:00:00.000000+0200
17/05/2018,3,48.75,2018-05-17,2018-05-17T03:00:00.000000+0200
17/05/2018,4,42.0,2018-05-17,2018-05-17T04:00:00.000000+0200
17/05/2018,5,47.14,2018-05-17,2018-05-17T05:00:00.000000+0200
17/05/2018,6,53.7,2018-05-17,2018-05-17T06:00:00.000000+0200
17/05/2018,7,64.61,2018-05-17,2018-05-17T07:00:00.000000+0200
17/05/2018,8,79.22,2018-05-17,2018-05-17T08:00:00.000000+0200
17/05/2018,9,79.62,2018-05-17,2018-05-17T09:00:00.000000+0200
17/05/2018,10,68.7,2018-05-17,2018-05-17T10:00:00.000000+0200
17/05/2018,11,67.62,2018-05-17,2018-05-17T11:00:00.000000+0200
17/05/2018,12,63.81,2018-05-17,2018-05-17T12:00:00.000000+0200
17/05/2018,13,54.19,2018-05-17,2018-05-17T13:00:00.000000+0200
17/05/2018,14,54.19,2018-05-17,2018-05-17T14:00:00.000000+0200
17/05/2018,15,56.0,2018-05-17,2018-05-17T15:00:00.000000+0200
17/05/2018,16,58.64,2018-05-17,2018-05-17T16:00:00.000000+0200
17/05/2018,17,61.14,2018-05-17,2018-05-17T17:00:00.000000+0200
17/05/2018,18,61.14,2018-05-17,2018-05-17T18:00:00.000000+0200
17/05/2018,19,62.9,2018-05-17,2018-05-17T19:00:00.000000+0200
17/05/2018,20,68.7,2018-05-17,2018-05-17T20:00:00.000000+0200
17/05/2018,21,79.62,2018-05-17,2018-05-17T21:00:00.000000+0200
17/05/2018,22,79.22,2018-05-17,2018-05-17T22:00:00.000000+0200
17/05/2018,23,62.38,2018-05-17,2018-05-17T23:00:00.000000+0200
17/05/2018,24,54.19,2018-05-17,2018-05-18T00:00:00.000000+0200
18/05/2018,1,56.43,2018-05-18,2018-05-18T01:00:00.000000+0200
18/05/2018,2,54.19,2018-05-18,2018-05-18T02:00:00.000000+0200
18/05/2018,3,45.5,2018-05-18,2018-05-18T03:00:00.000000+0200
18/05/2018,4,45.5,2018-05-18,2018-05-18T04:00:00.000000+0200
18/05/2018,5,45.5,2018-05-18,2018-05-18T05:00:00.000000+0200
18/05/2018,6,52.53,2018-05-18,2018-05-18T06:00:00.000000+0200
18/05/2018,7,56.77,2018-05-18,2018-05-18T07:00:00.000000+0200
18/05/2018,8,68.8,2018-05-18,2018-05-18T08:00:00.000000+0200
18/05/2018,9,70.1,2018-05-18,2018-05-18T09:00:00.000000+0200
18/05/2018,10,64.12,2018-05-18,2018-05-18T10:00:00.000000+0200
18/05/2018,11,60.52,2018-05-18,2018-05-18T11:00:00.000000+0200
18/05/2018,12,54.76,2018-05-18,2018-05-18T12:00:00.000000+0200
18/05/2018,13,52.7,2018-05-18,2018-05-18T13:00:00.000000+0200
18/05/2018,14,52.7,2018-05-18,2018-05-18T14:00:00.000000+0200
18/05/2018,15,53.52,2018-05-18,2018-05-18T15:00:00.000000+0200
18/05/2018,16,56.02,2018-05-18,2018-05-18T16:00:00.000000+0200
18/05/2018,17,56.43,2018-05-18,2018-05-18T17:00:00.000000+0200
18/05/2018,18,56.43,2018-05-18,2018-05-18T18:00:00.000000+0200
18/05/2018,19,58.0,2018-05-18,2018-05-18T19:00:00.000000+0200
18/05/2018,20,65.33,2018-05-18,2018-05-18T20:00:00.000000+0200
18/05/2018,21,69.5,2018-05-18,2018-05-18T21:00:00.000000+0200
18/05/2018,22,64.09,2018-05-18,2018-05-18T22:00:00.000000+0200
18/05/2018,23,54.52,2018-05-18,2018-05-18T23:00:00.000000+0200
18/05/2018,24,52.15,2018-05-18,2018-05-19T00:00:00.000000+0200
19/05/2018,1,76.96,2018-05-19,2018-05-19T01:00:00.000000+0200
19/05/2018,2,61.0,2018-05-19,2018-05-19T02:00:00.000000+0200
19/05/2018,3,57.56,2018-05-19,2018-05-19T03:00:00.000000+0200
19/05/2018,4,54.19,2018-05-19,2018-05-19T04:00:00.000000+0200
19/05/2018,5,54.19,2018-05-19,2018-05-19T05:00:00.000000+0200
19/05/2018,6,54.19,2018-05-19,2018-05-19T06:00:00.000000+0200
19/05/2018,7,54.19,2018-05-19,2018-05-19T07:00:00.000000+0200
19/05/2018,8,57.56,2018-05-19,2018-05-19T08:00:00.000000+0200
19/05/2018,9,54.19,2018-05-19,2018-05-19T09:00:00.000000+0200
19/05/2018,10,53.89,2018-05-19,2018-05-19T10:00:00.000000+0200
19/05/2018,11,53.7,2018-05-19,2018-05-19T11:00:00.000000+0200
19/05/2018,12,52.15,2018-05-19,2018-05-19T12:00:00.000000+0200
19/05/2018,13,41.95,2018-05-19,2018-05-19T13:00:00.000000+0200
19/05/2018,14,35.0,2018-05-19,2018-05-19T14:00:00.000000+0200
19/05/2018,15,34.51,2018-05-19,2018-05-19T15:00:00.000000+0200
19/05/2018,16,39.0,2018-05-19,2018-05-19T16:00:00.000000+0200
19/05/2018,17,48.97,2018-05-19,2018-05-19T17:00:00.000000+0200
19/05/2018,18,44.5,2018-05-19,2018-05-19T18:00:00.000000+0200
19/05/2018,19,57.0,2018-05-19,2018-05-19T19:00:00.000000+0200
19/05/2018,20,75.62,2018-05-19,2018-05-19T20:00:00.000000+0200
19/05/2018,21,80.81,2018-05-19,2018-05-19T21:00:00.000000+0200
19/05/2018,22,79.62,2018-05-19,2018-05-19T22:00:00.000000+0200
19/05/2018,23,63.3,2018-05-19,2018-05-19T23:00:00.000000+0200
19/05/2018,24,54.19,2018-05-19,2018-05-20T00:00:00.000000+0200
20/05/2018,1,59.84,2018-05-20,2018-05-20T01:00:00.000000+0200
20/05/2018,2,56.91,2018-05-20,2018-05-20T02:00:00.000000+0200
20/05/2018,3,53.0,2018-05-20,2018-05-20T03:00:00.000000+0200
20/05/2018,4,43.0,2018-05-20,2018-05-20T04:00:00.000000+0200
20/05/2018,5,51.51,2018-05-20,2018-05-20T05:00:00.000000+0200
20/05/2018,6,53.19,2018-05-20,2018-05-20T06:00:00.000000+0200
20/05/2018,7,52.7,2018-05-20,2018-05-20T07:00:00.000000+0200
20/05/2018,8,51.52,2018-05-20,2018-05-20T08:00:00.000000+0200
20/05/2018,9,51.0,2018-05-20,2018-05-20T09:00:00.000000+0200
20/05/2018,10,46.52,2018-05-20,2018-05-20T10:00:00.000000+0200
20/05/2018,11,40.6,2018-05-20,2018-05-20T11:00:00.000000+0200
20/05/2018,12,39.45,2018-05-20,2018-05-20T12:00:00.000000+0200
20/05/2018,13,33.42,2018-05-20,2018-05-20T13:00:00.000000+0200
20/05/2018,14,28.0,2018-05-20,2018-05-20T14:00:00.000000+0200
20/05/2018,15,20.07,2018-05-20,2018-05-20T15:00:00.000000+0200
20/05/2018,16,33.42,2018-05-20,2018-05-20T16:00:00.000000+0200
20/05/2018,17,42.29,2018-05-20,2018-05-20T17:00:00.000000+0200
20/05/2018,18,47.0,2018-05-20,2018-05-20T18:00:00.000000+0200
20/05/2018,19,53.2,2018-05-20,2018-05-20T19:00:00.000000+0200
20/05/2018,20,60.0,2018-05-20,2018-05-20T20:00:00.000000+0200
20/05/2018,21,64.75,2018-05-20,2018-05-20T21:00:00.000000+0200
20/05/2018,22,79.22,2018-05-20,2018-05-20T22:00:00.000000+0200
20/05/2018,23,63.69,2018-05-20,2018-05-20T23:00:00.000000+0200
20/05/2018,24,59.84,2018-05-20,2018-05-21T00:00:00.000000+0200
21/05/2018,1,54.62,2018-05-21,2018-05-21T01:00:00.000000+0200
21/05/2018,2,54.62,2018-05-21,2018-05-21T02:00:00.000000+0200
21/05/2018,3,44.15,2018-05-21,2018-05-21T03:00:00.000000+0200
21/05/2018,4,48.11,2018-05-21,2018-05-21T04:00:00.000000+0200
21/05/2018,5,51.5,2018-05-21,2018-05-21T05:00:00.000000+0200
21/05/2018,6,54.62,2018-05-21,2018-05-21T06:00:00.000000+0200
21/05/2018,7,62.64,2018-05-21,2018-05-21T07:00:00.000000+0200
21/05/2018,8,71.0,2018-05-21,2018-05-21T08:00:00.000000+0200
21/05/2018,9,79.36,2018-05-21,2018-05-21T09:00:00.000000+0200
21/05/2018,10,79.36,2018-05-21,2018-05-21T10:00:00.000000+0200
21/05/2018,11,75.0,2018-05-21,2018-05-21T11:00:00.000000+0200
21/05/2018,12,75.0,2018-05-21,2018-05-21T12:00:00.000000+0200
21/05/2018,13,63.25,2018-05-21,2018-05-21T13:00:00.000000+0200
21/05/2018,14,63.25,2018-05-21,2018-05-21T14:00:00.000000+0200
21/05/2018,15,65.88,2018-05-21,2018-05-21T15:00:00.000000+0200
21/05/2018,16,70.0,2018-05-21,2018-05-21T16:00:00.000000+0200
21/05/2018,17,78.27,2018-05-21,2018-05-21T17:00:00.000000+0200
21/05/2018,18,78.24,2018-05-21,2018-05-21T18:00:00.000000+0200
21/05/2018,19,79.36,2018-05-21,2018-05-21T19:00:00.000000+0200
21/05/2018,20,79.76,2018-05-21,2018-05-21T20:00:00.000000+0200
21/05/2018,21,80.95,2018-05-21,2018-05-21T21:00:00.000000+0200
21/05/2018,22,79.76,2018-05-21,2018-05-21T22:00:00.000000+0200
21/05/2018,23,65.88,2018-05-21,2018-05-21T23:00:00.000000+0200
21/05/2018,24,60.4,2018-05-21,2018-05-22T00:00:00.000000+0200
22/05/2018,1,58.1,2018-05-22,2018-05-22T01:00:00.000000+0200
22/05/2018,2,54.78,2018-05-22,2018-05-22T02:00:00.000000+0200
22/05/2018,3,53.12,2018-05-22,2018-05-22T03:00:00.000000+0200
22/05/2018,4,53.12,2018-05-22,2018-05-22T04:00:00.000000+0200
22/05/2018,5,53.12,2018-05-22,2018-05-22T05:00:00.000000+0200
22/05/2018,6,53.12,2018-05-22,2018-05-22T06:00:00.000000+0200
22/05/2018,7,54.62,2018-05-22,2018-05-22T07:00:00.000000+0200
22/05/2018,8,61.4,2018-05-22,2018-05-22T08:00:00.000000+0200
22/05/2018,9,65.88,2018-05-22,2018-05-22T09:00:00.000000+0200
22/05/2018,10,60.87,2018-05-22,2018-05-22T10:00:00.000000+0200
22/05/2018,11,58.0,2018-05-22,2018-05-22T11:00:00.000000+0200
22/05/2018,12,56.99,2018-05-22,2018-05-22T12:00:00.000000+0200
22/05/2018,13,54.12,2018-05-22,2018-05-22T13:00:00.000000+0200
22/05/2018,14,54.12,2018-05-22,2018-05-22T14:00:00.000000+0200
22/05/2018,15,55.44,2018-05-22,2018-05-22T15:00:00.000000+0200
22/05/2018,16,58.05,2018-05-22,2018-05-22T16:00:00.000000+0200
22/05/2018,17,58.2,2018-05-22,2018-05-22T17:00:00.000000+0200
22/05/2018,18,59.01,2018-05-22,2018-05-22T18:00:00.000000+0200
22/05/2018,19,59.03,2018-05-22,2018-05-22T19:00:00.000000+0200
22/05/2018,20,64.16,2018-05-22,2018-05-22T20:00:00.000000+0200
22/05/2018,21,65.35,2018-05-22,2018-05-22T21:00:00.000000+0200
22/05/2018,22,64.16,2018-05-22,2018-05-22T22:00:00.000000+0200
22/05/2018,23,58.1,2018-05-22,2018-05-22T23:00:00.000000+0200
22/05/2018,24,51.89,2018-05-22,2018-05-23T00:00:00.000000+0200
23/05/2018,1,53.97,2018-05-23,2018-05-23T01:00:00.000000+0200
23/05/2018,2,49.54,2018-05-23,2018-05-23T02:00:00.000000+0200
23/05/2018,3,48.28,2018-05-23,2018-05-23T03:00:00.000000+0200
23/05/2018,4,47.63,2018-05-23,2018-05-23T04:00:00.000000+0200
23/05/2018,5,47.53,2018-05-23,2018-05-23T05:00:00.000000+0200
23/05/2018,6,49.0,2018-05-23,2018-05-23T06:00:00.000000+0200
23/05/2018,7,53.86,2018-05-23,2018-05-23T07:00:00.000000+0200
23/05/2018,8,63.13,2018-05-23,2018-05-23T08:00:00.000000+0200
23/05/2018,9,75.0,2018-05-23,2018-05-23T09:00:00.000000+0200
23/05/2018,10,66.0,2018-05-23,2018-05-23T10:00:00.000000+0200
23/05/2018,11,60.66,2018-05-23,2018-05-23T11:00:00.000000+0200
23/05/2018,12,58.0,2018-05-23,2018-05-23T12:00:00.000000+0200
23/05/2018,13,54.62,2018-05-23,2018-05-23T13:00:00.000000+0200
23/05/2018,14,54.62,2018-05-23,2018-05-23T14:00:00.000000+0200
23/05/2018,15,55.62,2018-05-23,2018-05-23T15:00:00.000000+0200
23/05/2018,16,57.08,2018-05-23,2018-05-23T16:00:00.000000+0200
23/05/2018,17,57.36,2018-05-23,2018-05-23T17:00:00.000000+0200
23/05/2018,18,58.0,2018-05-23,2018-05-23T18:00:00.000000+0200
23/05/2018,19,59.84,2018-05-23,2018-05-23T19:00:00.000000+0200
23/05/2018,20,63.83,2018-05-23,2018-05-23T20:00:00.000000+0200
23/05/2018,21,73.35,2018-05-23,2018-05-23T21:00:00.000000+0200
23/05/2018,22,64.37,2018-05-23,2018-05-23T22:00:00.000000+0200
23/05/2018,23,58.19,2018-05-23,2018-05-23T23:00:00.000000+0200
23/05/2018,24,52.55,2018-05-23,2018-05-24T00:00:00.000000+0200
24/05/2018,1,54.62,2018-05-24,2018-05-24T01:00:00.000000+0200
24/05/2018,2,53.12,2018-05-24,2018-05-24T02:00:00.000000+0200
24/05/2018,3,51.55,2018-05-24,2018-05-24T03:00:00.000000+0200
24/05/2018,4,50.1,2018-05-24,2018-05-24T04:00:00.000000+0200
24/05/2018,5,49.15,2018-05-24,2018-05-24T05:00:00.000000+0200
24/05/2018,6,51.55,2018-05-24,2018-05-24T06:00:00.000000+0200
24/05/2018,7,55.43,2018-05-24,2018-05-24T07:00:00.000000+0200
24/05/2018,8,60.77,2018-05-24,2018-05-24T08:00:00.000000+0200
24/05/2018,9,64.5,2018-05-24,2018-05-24T09:00:00.000000+0200
24/05/2018,10,58.94,2018-05-24,2018-05-24T10:00:00.000000+0200
24/05/2018,11,55.38,2018-05-24,2018-05-24T11:00:00.000000+0200
24/05/2018,12,53.51,2018-05-24,2018-05-24T12:00:00.000000+0200
24/05/2018,13,49.17,2018-05-24,2018-05-24T13:00:00.000000+0200
24/05/2018,14,49.5,2018-05-24,2018-05-24T14:00:00.000000+0200
24/05/2018,15,52.74,2018-05-24,2018-05-24T15:00:00.000000+0200
24/05/2018,16,54.12,2018-05-24,2018-05-24T16:00:00.000000+0200
24/05/2018,17,55.43,2018-05-24,2018-05-24T17:00:00.000000+0200
24/05/2018,18,56.0,2018-05-24,2018-05-24T18:00:00.000000+0200
24/05/2018,19,60.0,2018-05-24,2018-05-24T19:00:00.000000+0200
24/05/2018,20,68.25,2018-05-24,2018-05-24T20:00:00.000000+0200
24/05/2018,21,79.76,2018-05-24,2018-05-24T21:00:00.000000+0200
24/05/2018,22,79.36,2018-05-24,2018-05-24T22:00:00.000000+0200
24/05/2018,23,61.44,2018-05-24,2018-05-24T23:00:00.000000+0200
24/05/2018,24,54.12,2018-05-24,2018-05-25T00:00:00.000000+0200
25/05/2018,1,54.62,2018-05-25,2018-05-25T01:00:00.000000+0200
25/05/2018,2,45.25,2018-05-25,2018-05-25T02:00:00.000000+0200
25/05/2018,3,44.0,2018-05-25,2018-05-25T03:00:00.000000+0200
25/05/2018,4,43.0,2018-05-25,2018-05-25T04:00:00.000000+0200
25/05/2018,5,42.74,2018-05-25,2018-05-25T05:00:00.000000+0200
25/05/2018,6,47.15,2018-05-25,2018-05-25T06:00:00.000000+0200
25/05/2018,7,54.62,2018-05-25,2018-05-25T07:00:00.000000+0200
25/05/2018,8,61.76,2018-05-25,2018-05-25T08:00:00.000000+0200
25/05/2018,9,70.69,2018-05-25,2018-05-25T09:00:00.000000+0200
25/05/2018,10,65.7,2018-05-25,2018-05-25T10:00:00.000000+0200
25/05/2018,11,59.21,2018-05-25,2018-05-25T11:00:00.000000+0200
25/05/2018,12,58.11,2018-05-25,2018-05-25T12:00:00.000000+0200
25/05/2018,13,52.55,2018-05-25,2018-05-25T13:00:00.000000+0200
25/05/2018,14,52.55,2018-05-25,2018-05-25T14:00:00.000000+0200
25/05/2018,15,54.86,2018-05-25,2018-05-25T15:00:00.000000+0200
25/05/2018,16,56.75,2018-05-25,2018-05-25T16:00:00.000000+0200
25/05/2018,17,59.14,2018-05-25,2018-05-25T17:00:00.000000+0200
25/05/2018,18,59.21,2018-05-25,2018-05-25T18:00:00.000000+0200
25/05/2018,19,61.01,2018-05-25,2018-05-25T19:00:00.000000+0200
25/05/2018,20,79.36,2018-05-25,2018-05-25T20:00:00.000000+0200
25/05/2018,21,79.76,2018-05-25,2018-05-25T21:00:00.000000+0200
25/05/2018,22,79.36,2018-05-25,2018-05-25T22:00:00.000000+0200
25/05/2018,23,59.21,2018-05-25,2018-05-25T23:00:00.000000+0200
25/05/2018,24,55.86,2018-05-25,2018-05-26T00:00:00.000000+0200
26/05/2018,1,71.99,2018-05-26,2018-05-26T01:00:00.000000+0200
26/05/2018,2,54.62,2018-05-26,2018-05-26T02:00:00.000000+0200
26/05/2018,3,54.62,2018-05-26,2018-05-26T03:00:00.000000+0200
26/05/2018,4,53.12,2018-05-26,2018-05-26T04:00:00.000000+0200
26/05/2018,5,53.12,2018-05-26,2018-05-26T05:00:00.000000+0200
26/05/2018,6,53.12,2018-05-26,2018-05-26T06:00:00.000000+0200
26/05/2018,7,53.12,2018-05-26,2018-05-26T07:00:00.000000+0200
26/05/2018,8,54.62,2018-05-26,2018-05-26T08:00:00.000000+0200
26/05/2018,9,54.62,2018-05-26,2018-05-26T09:00:00.000000+0200
26/05/2018,10,54.21,2018-05-26,2018-05-26T10:00:00.000000+0200
26/05/2018,11,55.01,2018-05-26,2018-05-26T11:00:00.000000+0200
26/05/2018,12,51.95,2018-05-26,2018-05-26T12:00:00.000000+0200
26/05/2018,13,45.27,2018-05-26,2018-05-26T13:00:00.000000+0200
26/05/2018,14,39.15,2018-05-26,2018-05-26T14:00:00.000000+0200
26/05/2018,15,40.52,2018-05-26,2018-05-26T15:00:00.000000+0200
26/05/2018,16,43.92,2018-05-26,2018-05-26T16:00:00.000000+0200
26/05/2018,17,49.13,2018-05-26,2018-05-26T17:00:00.000000+0200
26/05/2018,18,54.62,2018-05-26,2018-05-26T18:00:00.000000+0200
26/05/2018,19,59.61,2018-05-26,2018-05-26T19:00:00.000000+0200
26/05/2018,20,79.76,2018-05-26,2018-05-26T20:00:00.000000+0200
26/05/2018,21,81.36,2018-05-26,2018-05-26T21:00:00.000000+0200
26/05/2018,22,80.95,2018-05-26,2018-05-26T22:00:00.000000+0200
26/05/2018,23,79.36,2018-05-26,2018-05-26T23:00:00.000000+0200
26/05/2018,24,54.62,2018-05-26,2018-05-27T00:00:00.000000+0200
27/05/2018,1,54.62,2018-05-27,2018-05-27T01:00:00.000000+0200
27/05/2018,2,53.12,2018-05-27,2018-05-27T02:00:00.000000+0200
27/05/2018,3,31.66,2018-05-27,2018-05-27T03:00:00.000000+0200
27/05/2018,4,31.06,2018-05-27,2018-05-27T04:00:00.000000+0200
27/05/2018,5,34.2,2018-05-27,2018-05-27T05:00:00.000000+0200
27/05/2018,6,43.9,2018-05-27,2018-05-27T06:00:00.000000+0200
27/05/2018,7,39.13,2018-05-27,2018-05-27T07:00:00.000000+0200
27/05/2018,8,39.13,2018-05-27,2018-05-27T08:00:00.000000+0200
27/05/2018,9,36.71,2018-05-27,2018-05-27T09:00:00.000000+0200
27/05/2018,10,38.0,2018-05-27,2018-05-27T10:00:00.000000+0200
27/05/2018,11,40.33,2018-05-27,2018-05-27T11:00:00.000000+0200
27/05/2018,12,37.51,2018-05-27,2018-05-27T12:00:00.000000+0200
27/05/2018,13,34.5,2018-05-27,2018-05-27T13:00:00.000000+0200
27/05/2018,14,26.24,2018-05-27,2018-05-27T14:00:00.000000+0200
27/05/2018,15,24.52,2018-05-27,2018-05-27T15:00:00.000000+0200
27/05/2018,16,37.22,2018-05-27,2018-05-27T16:00:00.000000+0200
27/05/2018,17,43.92,2018-05-27,2018-05-27T17:00:00.000000+0200
27/05/2018,18,48.9,2018-05-27,2018-05-27T18:00:00.000000+0200
27/05/2018,19,54.12,2018-05-27,2018-05-27T19:00:00.000000+0200
27/05/2018,20,61.75,2018-05-27,2018-05-27T20:00:00.000000+0200
27/05/2018,21,79.36,2018-05-27,2018-05-27T21:00:00.000000+0200
27/05/2018,22,79.76,2018-05-27,2018-05-27T22:00:00.000000+0200
27/05/2018,23,79.36,2018-05-27,2018-05-27T23:00:00.000000+0200
27/05/2018,24,55.0,2018-05-27,2018-05-28T00:00:00.000000+0200
28/05/2018,1,60.81,2018-05-28,2018-05-28T01:00:00.000000+0200
28/05/2018,2,29.36,2018-05-28,2018-05-28T02:00:00.000000+0200
28/05/2018,3,33.0,2018-05-28,2018-05-28T03:00:00.000000+0200
28/05/2018,4,27.56,2018-05-28,2018-05-28T04:00:00.000000+0200
28/05/2018,5,28.51,2018-05-28,2018-05-28T05:00:00.000000+0200
28/05/2018,6,54.01,2018-05-28,2018-05-28T06:00:00.000000+0200
28/05/2018,7,55.01,2018-05-28,2018-05-28T07:00:00.000000+0200
28/05/2018,8,63.58,2018-05-28,2018-05-28T08:00:00.000000+0200
28/05/2018,9,66.61,2018-05-28,2018-05-28T09:00:00.000000+0200
28/05/2018,10,63.9,2018-05-28,2018-05-28T10:00:00.000000+0200
28/05/2018,11,60.15,2018-05-28,2018-05-28T11:00:00.000000+0200
28/05/2018,12,59.5,2018-05-28,2018-05-28T12:00:00.000000+0200
28/05/2018,13,57.0,2018-05-28,2018-05-28T13:00:00.000000+0200
28/05/2018,14,55.84,2018-05-28,2018-05-28T14:00:00.000000+0200
28/05/2018,15,60.15,2018-05-28,2018-05-28T15:00:00.000000+0200
28/05/2018,16,60.81,2018-05-28,2018-05-28T16:00:00.000000+0200
28/05/2018,17,63.37,2018-05-28,2018-05-28T17:00:00.000000+0200
28/05/2018,18,63.37,2018-05-28,2018-05-28T18:00:00.000000+0200
28/05/2018,19,66.61,2018-05-28,2018-05-28T19:00:00.000000+0200
28/05/2018,20,71.77,2018-05-28,2018-05-28T20:00:00.000000+0200
28/05/2018,21,77.33,2018-05-28,2018-05-28T21:00:00.000000+0200
28/05/2018,22,68.47,2018-05-28,2018-05-28T22:00:00.000000+0200
28/05/2018,23,63.37,2018-05-28,2018-05-28T23:00:00.000000+0200
28/05/2018,24,55.01,2018-05-28,2018-05-29T00:00:00.000000+0200
29/05/2018,1,59.39,2018-05-29,2018-05-29T01:00:00.000000+0200
29/05/2018,2,58.51,2018-05-29,2018-05-29T02:00:00.000000+0200
29/05/2018,3,53.99,2018-05-29,2018-05-29T03:00:00.000000+0200
29/05/2018,4,52.81,2018-05-29,2018-05-29T04:00:00.000000+0200
29/05/2018,5,50.19,2018-05-29,2018-05-29T05:00:00.000000+0200
29/05/2018,6,54.01,2018-05-29,2018-05-29T06:00:00.000000+0200
29/05/2018,7,60.99,2018-05-29,2018-05-29T07:00:00.000000+0200
29/05/2018,8,65.91,2018-05-29,2018-05-29T08:00:00.000000+0200
29/05/2018,9,80.0,2018-05-29,2018-05-29T09:00:00.000000+0200
29/05/2018,10,66.61,2018-05-29,2018-05-29T10:00:00.000000+0200
29/05/2018,11,64.5,2018-05-29,2018-05-29T11:00:00.000000+0200
29/05/2018,12,59.14,2018-05-29,2018-05-29T12:00:00.000000+0200
29/05/2018,13,55.01,2018-05-29,2018-05-29T13:00:00.000000+0200
29/05/2018,14,55.27,2018-05-29,2018-05-29T14:00:00.000000+0200
29/05/2018,15,58.17,2018-05-29,2018-05-29T15:00:00.000000+0200
29/05/2018,16,60.1,2018-05-29,2018-05-29T16:00:00.000000+0200
29/05/2018,17,65.21,2018-05-29,2018-05-29T17:00:00.000000+0200
29/05/2018,18,63.26,2018-05-29,2018-05-29T18:00:00.000000+0200
29/05/2018,19,66.11,2018-05-29,2018-05-29T19:00:00.000000+0200
29/05/2018,20,70.77,2018-05-29,2018-05-29T20:00:00.000000+0200
29/05/2018,21,81.2,2018-05-29,2018-05-29T21:00:00.000000+0200
29/05/2018,22,80.0,2018-05-29,2018-05-29T22:00:00.000000+0200
29/05/2018,23,63.26,2018-05-29,2018-05-29T23:00:00.000000+0200
29/05/2018,24,55.01,2018-05-29,2018-05-30T00:00:00.000000+0200
30/05/2018,1,54.54,2018-05-30,2018-05-30T01:00:00.000000+0200
30/05/2018,2,47.04,2018-05-30,2018-05-30T02:00:00.000000+0200
30/05/2018,3,42.11,2018-05-30,2018-05-30T03:00:00.000000+0200
30/05/2018,4,40.0,2018-05-30,2018-05-30T04:00:00.000000+0200
30/05/2018,5,38.98,2018-05-30,2018-05-30T05:00:00.000000+0200
30/05/2018,6,43.6,2018-05-30,2018-05-30T06:00:00.000000+0200
30/05/2018,7,55.04,2018-05-30,2018-05-30T07:00:00.000000+0200
30/05/2018,8,62.14,2018-05-30,2018-05-30T08:00:00.000000+0200
30/05/2018,9,75.0,2018-05-30,2018-05-30T09:00:00.000000+0200
30/05/2018,10,67.45,2018-05-30,2018-05-30T10:00:00.000000+0200
30/05/2018,11,60.18,2018-05-30,2018-05-30T11:00:00.000000+0200
30/05/2018,12,58.21,2018-05-30,2018-05-30T12:00:00.000000+0200
30/05/2018,13,56.22,2018-05-30,2018-05-30T13:00:00.000000+0200
30/05/2018,14,56.53,2018-05-30,2018-05-30T14:00:00.000000+0200
30/05/2018,15,57.24,2018-05-30,2018-05-30T15:00:00.000000+0200
30/05/2018,16,60.81,2018-05-30,2018-05-30T16:00:00.000000+0200
30/05/2018,17,63.61,2018-05-30,2018-05-30T17:00:00.000000+0200
30/05/2018,18,63.37,2018-05-30,2018-05-30T18:00:00.000000+0200
30/05/2018,19,66.66,2018-05-30,2018-05-30T19:00:00.000000+0200
30/05/2018,20,70.84,2018-05-30,2018-05-30T20:00:00.000000+0200
30/05/2018,21,70.84,2018-05-30,2018-05-30T21:00:00.000000+0200
30/05/2018,22,68.47,2018-05-30,2018-05-30T22:00:00.000000+0200
30/05/2018,23,61.78,2018-05-30,2018-05-30T23:00:00.000000+0200
30/05/2018,24,55.01,2018-05-30,2018-05-31T00:00:00.000000+0200
31/05/2018,1,58.08,2018-05-31,2018-05-31T01:00:00.000000+0200
31/05/2018,2,47.44,2018-05-31,2018-05-31T02:00:00.000000+0200
31/05/2018,3,42.75,2018-05-31,2018-05-31T03:00:00.000000+0200
31/05/2018,4,40.72,2018-05-31,2018-05-31T04:00:00.000000+0200
31/05/2018,5,41.19,2018-05-31,2018-05-31T05:00:00.000000+0200
31/05/2018,6,40.86,2018-05-31,2018-05-31T06:00:00.000000+0200
31/05/2018,7,63.26,2018-05-31,2018-05-31T07:00:00.000000+0200
31/05/2018,8,77.74,2018-05-31,2018-05-31T08:00:00.000000+0200
31/05/2018,9,81.2,2018-05-31,2018-05-31T09:00:00.000000+0200
31/05/2018,10,79.53,2018-05-31,2018-05-31T10:00:00.000000+0200
31/05/2018,11,71.13,2018-05-31,2018-05-31T11:00:00.000000+0200
31/05/2018,12,66.06,2018-05-31,2018-05-31T12:00:00.000000+0200
31/05/2018,13,58.41,2018-05-31,2018-05-31T13:00:00.000000+0200
31/05/2018,14,58.3,2018-05-31,2018-05-31T14:00:00.000000+0200
31/05/2018,15,63.26,2018-05-31,2018-05-31T15:00:00.000000+0200
31/05/2018,16,65.08,2018-05-31,2018-05-31T16:00:00.000000+0200
31/05/2018,17,66.32,2018-05-31,2018-05-31T17:00:00.000000+0200
31/05/2018,18,66.15,2018-05-31,2018-05-31T18:00:00.000000+0200
31/05/2018,19,72.61,2018-05-31,2018-05-31T19:00:00.000000+0200
31/05/2018,20,80.0,2018-05-31,2018-05-31T20:00:00.000000+0200
31/05/2018,21,81.2,2018-05-31,2018-05-31T21:00:00.000000+0200
31/05/2018,22,80.0,2018-05-31,2018-05-31T22:00:00.000000+0200
31/05/2018,23,71.13,2018-05-31,2018-05-31T23:00:00.000000+0200
31/05/2018,24,58.08,2018-05-31,2018-06-01T00:00:00.000000+0200
01/06/2018,1,59.41,2018-06-01,2018-06-01T01:00:00.000000+0200
01/06/2018,2,47.58,2018-06-01,2018-06-01T02:00:00.000000+0200
01/06/2018,3,39.11,2018-06-01,2018-06-01T03:00:00.000000+0200
01/06/2018,4,38.45,2018-06-01,2018-06-01T04:00:00.000000+0200
01/06/2018,5,38.62,2018-06-01,2018-06-01T05:00:00.000000+0200
01/06/2018,6,40.19,2018-06-01,2018-06-01T06:00:00.000000+0200
01/06/2018,7,57.0,2018-06-01,2018-06-01T07:00:00.000000+0200
01/06/2018,8,67.14,2018-06-01,2018-06-01T08:00:00.000000+0200
01/06/2018,9,77.35,2018-06-01,2018-06-01T09:00:00.000000+0200
01/06/2018,10,71.56,2018-06-01,2018-06-01T10:00:00.000000+0200
01/06/2018,11,67.14,2018-06-01,2018-06-01T11:00:00.000000+0200
01/06/2018,12,64.06,2018-06-01,2018-06-01T12:00:00.000000+0200
01/06/2018,13,56.02,2018-06-01,2018-06-01T13:00:00.000000+0200
01/06/2018,14,56.02,2018-06-01,2018-06-01T14:00:00.000000+0200
01/06/2018,15,59.41,2018-06-01,2018-06-01T15:00:00.000000+0200
01/06/2018,16,65.0,2018-06-01,2018-06-01T16:00:00.000000+0200
01/06/2018,17,67.14,2018-06-01,2018-06-01T17:00:00.000000+0200
01/06/2018,18,66.97,2018-06-01,2018-06-01T18:00:00.000000+0200
01/06/2018,19,71.56,2018-06-01,2018-06-01T19:00:00.000000+0200
01/06/2018,20,80.0,2018-06-01,2018-06-01T20:00:00.000000+0200
01/06/2018,21,81.2,2018-06-01,2018-06-01T21:00:00.000000+0200
01/06/2018,22,80.0,2018-06-01,2018-06-01T22:00:00.000000+0200
01/06/2018,23,71.13,2018-06-01,2018-06-01T23:00:00.000000+0200
01/06/2018,24,57.97,2018-06-01,2018-06-02T00:00:00.000000+0200
02/06/2018,1,59.83,2018-06-02,2018-06-02T01:00:00.000000+0200
02/06/2018,2,55.99,2018-06-02,2018-06-02T02:00:00.000000+0200
02/06/2018,3,56.99,2018-06-02,2018-06-02T03:00:00.000000+0200
02/06/2018,4,57.99,2018-06-02,2018-06-02T04:00:00.000000+0200
02/06/2018,5,59.83,2018-06-02,2018-06-02T05:00:00.000000+0200
02/06/2018,6,59.83,2018-06-02,2018-06-02T06:00:00.000000+0200
02/06/2018,7,53.71,2018-06-02,2018-06-02T07:00:00.000000+0200
02/06/2018,8,45.02,2018-06-02,2018-06-02T08:00:00.000000+0200
02/06/2018,9,43.81,2018-06-02,2018-06-02T09:00:00.000000+0200
02/06/2018,10,42.99,2018-06-02,2018-06-02T10:00:00.000000+0200
02/06/2018,11,45.87,2018-06-02,2018-06-02T11:00:00.000000+0200
02/06/2018,12,42.99,2018-06-02,2018-06-02T12:00:00.000000+0200
02/06/2018,13,40.25,2018-06-02,2018-06-02T13:00:00.000000+0200
02/06/2018,14,36.21,2018-06-02,2018-06-02T14:00:00.000000+0200
02/06/2018,15,36.45,2018-06-02,2018-06-02T15:00:00.000000+0200
02/06/2018,16,40.63,2018-06-02,2018-06-02T16:00:00.000000+0200
02/06/2018,17,53.19,2018-06-02,2018-06-02T17:00:00.000000+0200
02/06/2018,18,42.98,2018-06-02,2018-06-02T18:00:00.000000+0200
02/06/2018,19,59.83,2018-06-02,2018-06-02T19:00:00.000000+0200
02/06/2018,20,80.0,2018-06-02,2018-06-02T20:00:00.000000+0200
02/06/2018,21,81.61,2018-06-02,2018-06-02T21:00:00.000000+0200
02/06/2018,22,81.61,2018-06-02,2018-06-02T22:00:00.000000+0200
02/06/2018,23,81.2,2018-06-02,2018-06-02T23:00:00.000000+0200
02/06/2018,24,59.83,2018-06-02,2018-06-03T00:00:00.000000+0200
03/06/2018,1,62.17,2018-06-03,2018-06-03T01:00:00.000000+0200
03/06/2018,2,62.17,2018-06-03,2018-06-03T02:00:00.000000+0200
03/06/2018,3,32.99,2018-06-03,2018-06-03T03:00:00.000000+0200
03/06/2018,4,28.51,2018-06-03,2018-06-03T04:00:00.000000+0200
03/06/2018,5,30.97,2018-06-03,2018-06-03T05:00:00.000000+0200
03/06/2018,6,30.1,2018-06-03,2018-06-03T06:00:00.000000+0200
03/06/2018,7,29.01,2018-06-03,2018-06-03T07:00:00.000000+0200
03/06/2018,8,32.99,2018-06-03,2018-06-03T08:00:00.000000+0200
03/06/2018,9,32.37,2018-06-03,2018-06-03T09:00:00.000000+0200
03/06/2018,10,32.01,2018-06-03,2018-06-03T10:00:00.000000+0200
03/06/2018,11,39.2,2018-06-03,2018-06-03T11:00:00.000000+0200
03/06/2018,12,36.1,2018-06-03,2018-06-03T12:00:00.000000+0200
03/06/2018,13,34.07,2018-06-03,2018-06-03T13:00:00.000000+0200
03/06/2018,14,26.0,2018-06-03,2018-06-03T14:00:00.000000+0200
03/06/2018,15,24.42,2018-06-03,2018-06-03T15:00:00.000000+0200
03/06/2018,16,33.53,2018-06-03,2018-06-03T16:00:00.000000+0200
03/06/2018,17,42.99,2018-06-03,2018-06-03T17:00:00.000000+0200
03/06/2018,18,38.15,2018-06-03,2018-06-03T18:00:00.000000+0200
03/06/2018,19,55.01,2018-06-03,2018-06-03T19:00:00.000000+0200
03/06/2018,20,62.17,2018-06-03,2018-06-03T20:00:00.000000+0200
03/06/2018,21,80.0,2018-06-03,2018-06-03T21:00:00.000000+0200
03/06/2018,22,81.61,2018-06-03,2018-06-03T22:00:00.000000+0200
03/06/2018,23,80.0,2018-06-03,2018-06-03T23:00:00.000000+0200
03/06/2018,24,62.17,2018-06-03,2018-06-04T00:00:00.000000+0200
04/06/2018,1,60.92,2018-06-04,2018-06-04T01:00:00.000000+0200
04/06/2018,2,60.92,2018-06-04,2018-06-04T02:00:00.000000+0200
04/06/2018,3,54.15,2018-06-04,2018-06-04T03:00:00.000000+0200
04/06/2018,4,31.44,2018-06-04,2018-06-04T04:00:00.000000+0200
04/06/2018,5,30.85,2018-06-04,2018-06-04T05:00:00.000000+0200
04/06/2018,6,57.99,2018-06-04,2018-06-04T06:00:00.000000+0200
04/06/2018,7,60.92,2018-06-04,2018-06-04T07:00:00.000000+0200
04/06/2018,8,65.7,2018-06-04,2018-06-04T08:00:00.000000+0200
04/06/2018,9,84.82,2018-06-04,2018-06-04T09:00:00.000000+0200
04/06/2018,10,80.0,2018-06-04,2018-06-04T10:00:00.000000+0200
04/06/2018,11,70.0,2018-06-04,2018-06-04T11:00:00.000000+0200
04/06/2018,12,68.11,2018-06-04,2018-06-04T12:00:00.000000+0200
04/06/2018,13,62.83,2018-06-04,2018-06-04T13:00:00.000000+0200
04/06/2018,14,63.51,2018-06-04,2018-06-04T14:00:00.000000+0200
04/06/2018,15,65.81,2018-06-04,2018-06-04T15:00:00.000000+0200
04/06/2018,16,65.9,2018-06-04,2018-06-04T16:00:00.000000+0200
04/06/2018,17,68.44,2018-06-04,2018-06-04T17:00:00.000000+0200
04/06/2018,18,65.9,2018-06-04,2018-06-04T18:00:00.000000+0200
04/06/2018,19,65.7,2018-06-04,2018-06-04T19:00:00.000000+0200
04/06/2018,20,73.36,2018-06-04,2018-06-04T20:00:00.000000+0200
04/06/2018,21,84.37,2018-06-04,2018-06-04T21:00:00.000000+0200
04/06/2018,22,84.37,2018-06-04,2018-06-04T22:00:00.000000+0200
04/06/2018,23,62.83,2018-06-04,2018-06-04T23:00:00.000000+0200
04/06/2018,24,59.01,2018-06-04,2018-06-05T00:00:00.000000+0200
05/06/2018,1,57.13,2018-06-05,2018-06-05T01:00:00.000000+0200
05/06/2018,2,55.94,2018-06-05,2018-06-05T02:00:00.000000+0200
05/06/2018,3,48.0,2018-06-05,2018-06-05T03:00:00.000000+0200
05/06/2018,4,42.31,2018-06-05,2018-06-05T04:00:00.000000+0200
05/06/2018,5,39.9,2018-06-05,2018-06-05T05:00:00.000000+0200
05/06/2018,6,41.63,2018-06-05,2018-06-05T06:00:00.000000+0200
05/06/2018,7,58.61,2018-06-05,2018-06-05T07:00:00.000000+0200
05/06/2018,8,63.53,2018-06-05,2018-06-05T08:00:00.000000+0200
05/06/2018,9,73.33,2018-06-05,2018-06-05T09:00:00.000000+0200
05/06/2018,10,70.0,2018-06-05,2018-06-05T10:00:00.000000+0200
05/06/2018,11,66.84,2018-06-05,2018-06-05T11:00:00.000000+0200
05/06/2018,12,63.15,2018-06-05,2018-06-05T12:00:00.000000+0200
05/06/2018,13,56.29,2018-06-05,2018-06-05T13:00:00.000000+0200
05/06/2018,14,56.15,2018-06-05,2018-06-05T14:00:00.000000+0200
05/06/2018,15,58.81,2018-06-05,2018-06-05T15:00:00.000000+0200
05/06/2018,16,61.18,2018-06-05,2018-06-05T16:00:00.000000+0200
05/06/2018,17,66.18,2018-06-05,2018-06-05T17:00:00.000000+0200
05/06/2018,18,61.56,2018-06-05,2018-06-05T18:00:00.000000+0200
05/06/2018,19,63.15,2018-06-05,2018-06-05T19:00:00.000000+0200
05/06/2018,20,67.63,2018-06-05,2018-06-05T20:00:00.000000+0200
05/06/2018,21,67.63,2018-06-05,2018-06-05T21:00:00.000000+0200
05/06/2018,22,66.84,2018-06-05,2018-06-05T22:00:00.000000+0200
05/06/2018,23,60.52,2018-06-05,2018-06-05T23:00:00.000000+0200
05/06/2018,24,56.29,2018-06-05,2018-06-06T00:00:00.000000+0200
06/06/2018,1,58.56,2018-06-06,2018-06-06T01:00:00.000000+0200
06/06/2018,2,55.13,2018-06-06,2018-06-06T02:00:00.000000+0200
06/06/2018,3,46.23,2018-06-06,2018-06-06T03:00:00.000000+0200
06/06/2018,4,42.83,2018-06-06,2018-06-06T04:00:00.000000+0200
06/06/2018,5,39.46,2018-06-06,2018-06-06T05:00:00.000000+0200
06/06/2018,6,41.25,2018-06-06,2018-06-06T06:00:00.000000+0200
06/06/2018,7,51.67,2018-06-06,2018-06-06T07:00:00.000000+0200
06/06/2018,8,60.06,2018-06-06,2018-06-06T08:00:00.000000+0200
06/06/2018,9,66.9,2018-06-06,2018-06-06T09:00:00.000000+0200
06/06/2018,10,65.65,2018-06-06,2018-06-06T10:00:00.000000+0200
06/06/2018,11,61.05,2018-06-06,2018-06-06T11:00:00.000000+0200
06/06/2018,12,60.07,2018-06-06,2018-06-06T12:00:00.000000+0200
06/06/2018,13,54.9,2018-06-06,2018-06-06T13:00:00.000000+0200
06/06/2018,14,54.9,2018-06-06,2018-06-06T14:00:00.000000+0200
06/06/2018,15,60.07,2018-06-06,2018-06-06T15:00:00.000000+0200
06/06/2018,16,62.51,2018-06-06,2018-06-06T16:00:00.000000+0200
06/06/2018,17,65.0,2018-06-06,2018-06-06T17:00:00.000000+0200
06/06/2018,18,68.41,2018-06-06,2018-06-06T18:00:00.000000+0200
06/06/2018,19,62.59,2018-06-06,2018-06-06T19:00:00.000000+0200
06/06/2018,20,68.41,2018-06-06,2018-06-06T20:00:00.000000+0200
06/06/2018,21,64.67,2018-06-06,2018-06-06T21:00:00.000000+0200
06/06/2018,22,68.26,2018-06-06,2018-06-06T22:00:00.000000+0200
06/06/2018,23,70.0,2018-06-06,2018-06-06T23:00:00.000000+0200
06/06/2018,24,58.56,2018-06-06,2018-06-07T00:00:00.000000+0200
07/06/2018,1,53.83,2018-06-07,2018-06-07T01:00:00.000000+0200
07/06/2018,2,47.2,2018-06-07,2018-06-07T02:00:00.000000+0200
07/06/2018,3,44.82,2018-06-07,2018-06-07T03:00:00.000000+0200
07/06/2018,4,43.12,2018-06-07,2018-06-07T04:00:00.000000+0200
07/06/2018,5,40.61,2018-06-07,2018-06-07T05:00:00.000000+0200
07/06/2018,6,43.59,2018-06-07,2018-06-07T06:00:00.000000+0200
07/06/2018,7,59.09,2018-06-07,2018-06-07T07:00:00.000000+0200
07/06/2018,8,65.65,2018-06-07,2018-06-07T08:00:00.000000+0200
07/06/2018,9,73.83,2018-06-07,2018-06-07T09:00:00.000000+0200
07/06/2018,10,68.25,2018-06-07,2018-06-07T10:00:00.000000+0200
07/06/2018,11,66.15,2018-06-07,2018-06-07T11:00:00.000000+0200
07/06/2018,12,64.15,2018-06-07,2018-06-07T12:00:00.000000+0200
07/06/2018,13,56.29,2018-06-07,2018-06-07T13:00:00.000000+0200
07/06/2018,14,56.29,2018-06-07,2018-06-07T14:00:00.000000+0200
07/06/2018,15,62.17,2018-06-07,2018-06-07T15:00:00.000000+0200
07/06/2018,16,66.15,2018-06-07,2018-06-07T16:00:00.000000+0200
07/06/2018,17,68.0,2018-06-07,2018-06-07T17:00:00.000000+0200
07/06/2018,18,66.15,2018-06-07,2018-06-07T18:00:00.000000+0200
07/06/2018,19,66.15,2018-06-07,2018-06-07T19:00:00.000000+0200
07/06/2018,20,72.24,2018-06-07,2018-06-07T20:00:00.000000+0200
07/06/2018,21,65.81,2018-06-07,2018-06-07T21:00:00.000000+0200
07/06/2018,22,69.8,2018-06-07,2018-06-07T22:00:00.000000+0200
07/06/2018,23,62.17,2018-06-07,2018-06-07T23:00:00.000000+0200
07/06/2018,24,53.86,2018-06-07,2018-06-08T00:00:00.000000+0200
08/06/2018,1,59.24,2018-06-08,2018-06-08T01:00:00.000000+0200
08/06/2018,2,50.03,2018-06-08,2018-06-08T02:00:00.000000+0200
08/06/2018,3,47.2,2018-06-08,2018-06-08T03:00:00.000000+0200
08/06/2018,4,44.88,2018-06-08,2018-06-08T04:00:00.000000+0200
08/06/2018,5,44.88,2018-06-08,2018-06-08T05:00:00.000000+0200
08/06/2018,6,47.21,2018-06-08,2018-06-08T06:00:00.000000+0200
08/06/2018,7,58.56,2018-06-08,2018-06-08T07:00:00.000000+0200
08/06/2018,8,65.65,2018-06-08,2018-06-08T08:00:00.000000+0200
08/06/2018,9,79.44,2018-06-08,2018-06-08T09:00:00.000000+0200
08/06/2018,10,79.44,2018-06-08,2018-06-08T10:00:00.000000+0200
08/06/2018,11,74.01,2018-06-08,2018-06-08T11:00:00.000000+0200
08/06/2018,12,71.0,2018-06-08,2018-06-08T12:00:00.000000+0200
08/06/2018,13,61.43,2018-06-08,2018-06-08T13:00:00.000000+0200
08/06/2018,14,59.24,2018-06-08,2018-06-08T14:00:00.000000+0200
08/06/2018,15,61.67,2018-06-08,2018-06-08T15:00:00.000000+0200
08/06/2018,16,61.15,2018-06-08,2018-06-08T16:00:00.000000+0200
08/06/2018,17,60.0,2018-06-08,2018-06-08T17:00:00.000000+0200
08/06/2018,18,59.24,2018-06-08,2018-06-08T18:00:00.000000+0200
08/06/2018,19,59.12,2018-06-08,2018-06-08T19:00:00.000000+0200
08/06/2018,20,62.89,2018-06-08,2018-06-08T20:00:00.000000+0200
08/06/2018,21,62.9,2018-06-08,2018-06-08T21:00:00.000000+0200
08/06/2018,22,61.45,2018-06-08,2018-06-08T22:00:00.000000+0200
08/06/2018,23,56.29,2018-06-08,2018-06-08T23:00:00.000000+0200
08/06/2018,24,51.41,2018-06-08,2018-06-09T00:00:00.000000+0200
09/06/2018,1,55.64,2018-06-09,2018-06-09T01:00:00.000000+0200
09/06/2018,2,52.0,2018-06-09,2018-06-09T02:00:00.000000+0200
09/06/2018,3,41.0,2018-06-09,2018-06-09T03:00:00.000000+0200
09/06/2018,4,40.0,2018-06-09,2018-06-09T04:00:00.000000+0200
09/06/2018,5,38.61,2018-06-09,2018-06-09T05:00:00.000000+0200
09/06/2018,6,38.3,2018-06-09,2018-06-09T06:00:00.000000+0200
09/06/2018,7,38.9,2018-06-09,2018-06-09T07:00:00.000000+0200
09/06/2018,8,56.64,2018-06-09,2018-06-09T08:00:00.000000+0200
09/06/2018,9,55.64,2018-06-09,2018-06-09T09:00:00.000000+0200
09/06/2018,10,54.27,2018-06-09,2018-06-09T10:00:00.000000+0200
09/06/2018,11,50.0,2018-06-09,2018-06-09T11:00:00.000000+0200
09/06/2018,12,41.4,2018-06-09,2018-06-09T12:00:00.000000+0200
09/06/2018,13,40.0,2018-06-09,2018-06-09T13:00:00.000000+0200
09/06/2018,14,39.57,2018-06-09,2018-06-09T14:00:00.000000+0200
09/06/2018,15,38.95,2018-06-09,2018-06-09T15:00:00.000000+0200
09/06/2018,16,39.48,2018-06-09,2018-06-09T16:00:00.000000+0200
09/06/2018,17,39.0,2018-06-09,2018-06-09T17:00:00.000000+0200
09/06/2018,18,55.64,2018-06-09,2018-06-09T18:00:00.000000+0200
09/06/2018,19,59.56,2018-06-09,2018-06-09T19:00:00.000000+0200
09/06/2018,20,68.98,2018-06-09,2018-06-09T20:00:00.000000+0200
09/06/2018,21,76.17,2018-06-09,2018-06-09T21:00:00.000000+0200
09/06/2018,22,76.17,2018-06-09,2018-06-09T22:00:00.000000+0200
09/06/2018,23,62.25,2018-06-09,2018-06-09T23:00:00.000000+0200
09/06/2018,24,55.64,2018-06-09,2018-06-10T00:00:00.000000+0200
10/06/2018,1,56.64,2018-06-10,2018-06-10T01:00:00.000000+0200
10/06/2018,2,56.64,2018-06-10,2018-06-10T02:00:00.000000+0200
10/06/2018,3,56.64,2018-06-10,2018-06-10T03:00:00.000000+0200
10/06/2018,4,37.38,2018-06-10,2018-06-10T04:00:00.000000+0200
10/06/2018,5,40.0,2018-06-10,2018-06-10T05:00:00.000000+0200
10/06/2018,6,44.98,2018-06-10,2018-06-10T06:00:00.000000+0200
10/06/2018,7,37.1,2018-06-10,2018-06-10T07:00:00.000000+0200
10/06/2018,8,38.34,2018-06-10,2018-06-10T08:00:00.000000+0200
10/06/2018,9,38.0,2018-06-10,2018-06-10T09:00:00.000000+0200
10/06/2018,10,53.24,2018-06-10,2018-06-10T10:00:00.000000+0200
10/06/2018,11,55.61,2018-06-10,2018-06-10T11:00:00.000000+0200
10/06/2018,12,52.93,2018-06-10,2018-06-10T12:00:00.000000+0200
10/06/2018,13,46.0,2018-06-10,2018-06-10T13:00:00.000000+0200
10/06/2018,14,39.02,2018-06-10,2018-06-10T14:00:00.000000+0200
10/06/2018,15,37.3,2018-06-10,2018-06-10T15:00:00.000000+0200
10/06/2018,16,40.99,2018-06-10,2018-06-10T16:00:00.000000+0200
10/06/2018,17,50.0,2018-06-10,2018-06-10T17:00:00.000000+0200
10/06/2018,18,52.03,2018-06-10,2018-06-10T18:00:00.000000+0200
10/06/2018,19,56.64,2018-06-10,2018-06-10T19:00:00.000000+0200
10/06/2018,20,60.39,2018-06-10,2018-06-10T20:00:00.000000+0200
10/06/2018,21,74.3,2018-06-10,2018-06-10T21:00:00.000000+0200
10/06/2018,22,75.81,2018-06-10,2018-06-10T22:00:00.000000+0200
10/06/2018,23,74.3,2018-06-10,2018-06-10T23:00:00.000000+0200
10/06/2018,24,56.64,2018-06-10,2018-06-11T00:00:00.000000+0200
11/06/2018,1,56.96,2018-06-11,2018-06-11T01:00:00.000000+0200
11/06/2018,2,56.96,2018-06-11,2018-06-11T02:00:00.000000+0200
11/06/2018,3,56.96,2018-06-11,2018-06-11T03:00:00.000000+0200
11/06/2018,4,56.96,2018-06-11,2018-06-11T04:00:00.000000+0200
11/06/2018,5,56.96,2018-06-11,2018-06-11T05:00:00.000000+0200
11/06/2018,6,56.96,2018-06-11,2018-06-11T06:00:00.000000+0200
11/06/2018,7,62.79,2018-06-11,2018-06-11T07:00:00.000000+0200
11/06/2018,8,68.02,2018-06-11,2018-06-11T08:00:00.000000+0200
11/06/2018,9,73.99,2018-06-11,2018-06-11T09:00:00.000000+0200
11/06/2018,10,71.01,2018-06-11,2018-06-11T10:00:00.000000+0200
11/06/2018,11,67.11,2018-06-11,2018-06-11T11:00:00.000000+0200
11/06/2018,12,65.5,2018-06-11,2018-06-11T12:00:00.000000+0200
11/06/2018,13,62.79,2018-06-11,2018-06-11T13:00:00.000000+0200
11/06/2018,14,63.45,2018-06-11,2018-06-11T14:00:00.000000+0200
11/06/2018,15,68.02,2018-06-11,2018-06-11T15:00:00.000000+0200
11/06/2018,16,70.0,2018-06-11,2018-06-11T16:00:00.000000+0200
11/06/2018,17,71.6,2018-06-11,2018-06-11T17:00:00.000000+0200
11/06/2018,18,71.6,2018-06-11,2018-06-11T18:00:00.000000+0200
11/06/2018,19,71.6,2018-06-11,2018-06-11T19:00:00.000000+0200
11/06/2018,20,75.25,2018-06-11,2018-06-11T20:00:00.000000+0200
11/06/2018,21,77.52,2018-06-11,2018-06-11T21:00:00.000000+0200
11/06/2018,22,83.42,2018-06-11,2018-06-11T22:00:00.000000+0200
11/06/2018,23,74.13,2018-06-11,2018-06-11T23:00:00.000000+0200
11/06/2018,24,62.79,2018-06-11,2018-06-12T00:00:00.000000+0200
12/06/2018,1,52.18,2018-06-12,2018-06-12T01:00:00.000000+0200
12/06/2018,2,47.2,2018-06-12,2018-06-12T02:00:00.000000+0200
12/06/2018,3,39.7,2018-06-12,2018-06-12T03:00:00.000000+0200
12/06/2018,4,39.0,2018-06-12,2018-06-12T04:00:00.000000+0200
12/06/2018,5,39.0,2018-06-12,2018-06-12T05:00:00.000000+0200
12/06/2018,6,40.0,2018-06-12,2018-06-12T06:00:00.000000+0200
12/06/2018,7,57.1,2018-06-12,2018-06-12T07:00:00.000000+0200
12/06/2018,8,67.67,2018-06-12,2018-06-12T08:00:00.000000+0200
12/06/2018,9,70.02,2018-06-12,2018-06-12T09:00:00.000000+0200
12/06/2018,10,69.0,2018-06-12,2018-06-12T10:00:00.000000+0200
12/06/2018,11,65.67,2018-06-12,2018-06-12T11:00:00.000000+0200
12/06/2018,12,63.38,2018-06-12,2018-06-12T12:00:00.000000+0200
12/06/2018,13,58.15,2018-06-12,2018-06-12T13:00:00.000000+0200
12/06/2018,14,58.41,2018-06-12,2018-06-12T14:00:00.000000+0200
12/06/2018,15,60.57,2018-06-12,2018-06-12T15:00:00.000000+0200
12/06/2018,16,63.43,2018-06-12,2018-06-12T16:00:00.000000+0200
12/06/2018,17,66.02,2018-06-12,2018-06-12T17:00:00.000000+0200
12/06/2018,18,65.68,2018-06-12,2018-06-12T18:00:00.000000+0200
12/06/2018,19,63.39,2018-06-12,2018-06-12T19:00:00.000000+0200
12/06/2018,20,66.02,2018-06-12,2018-06-12T20:00:00.000000+0200
12/06/2018,21,66.02,2018-06-12,2018-06-12T21:00:00.000000+0200
12/06/2018,22,65.0,2018-06-12,2018-06-12T22:00:00.000000+0200
12/06/2018,23,56.96,2018-06-12,2018-06-12T23:00:00.000000+0200
12/06/2018,24,52.95,2018-06-12,2018-06-13T00:00:00.000000+0200
13/06/2018,1,54.63,2018-06-13,2018-06-13T01:00:00.000000+0200
13/06/2018,2,51.59,2018-06-13,2018-06-13T02:00:00.000000+0200
13/06/2018,3,40.77,2018-06-13,2018-06-13T03:00:00.000000+0200
13/06/2018,4,40.0,2018-06-13,2018-06-13T04:00:00.000000+0200
13/06/2018,5,39.87,2018-06-13,2018-06-13T05:00:00.000000+0200
13/06/2018,6,40.77,2018-06-13,2018-06-13T06:00:00.000000+0200
13/06/2018,7,54.52,2018-06-13,2018-06-13T07:00:00.000000+0200
13/06/2018,8,61.66,2018-06-13,2018-06-13T08:00:00.000000+0200
13/06/2018,9,64.94,2018-06-13,2018-06-13T09:00:00.000000+0200
13/06/2018,10,63.38,2018-06-13,2018-06-13T10:00:00.000000+0200
13/06/2018,11,62.81,2018-06-13,2018-06-13T11:00:00.000000+0200
13/06/2018,12,62.81,2018-06-13,2018-06-13T12:00:00.000000+0200
13/06/2018,13,55.96,2018-06-13,2018-06-13T13:00:00.000000+0200
13/06/2018,14,55.99,2018-06-13,2018-06-13T14:00:00.000000+0200
13/06/2018,15,62.81,2018-06-13,2018-06-13T15:00:00.000000+0200
13/06/2018,16,63.37,2018-06-13,2018-06-13T16:00:00.000000+0200
13/06/2018,17,63.38,2018-06-13,2018-06-13T17:00:00.000000+0200
13/06/2018,18,65.0,2018-06-13,2018-06-13T18:00:00.000000+0200
13/06/2018,19,62.81,2018-06-13,2018-06-13T19:00:00.000000+0200
13/06/2018,20,66.16,2018-06-13,2018-06-13T20:00:00.000000+0200
13/06/2018,21,66.9,2018-06-13,2018-06-13T21:00:00.000000+0200
13/06/2018,22,66.16,2018-06-13,2018-06-13T22:00:00.000000+0200
13/06/2018,23,62.09,2018-06-13,2018-06-13T23:00:00.000000+0200
13/06/2018,24,54.93,2018-06-13,2018-06-14T00:00:00.000000+0200
14/06/2018,1,57.3,2018-06-14,2018-06-14T01:00:00.000000+0200
14/06/2018,2,53.11,2018-06-14,2018-06-14T02:00:00.000000+0200
14/06/2018,3,48.27,2018-06-14,2018-06-14T03:00:00.000000+0200
14/06/2018,4,45.0,2018-06-14,2018-06-14T04:00:00.000000+0200
14/06/2018,5,45.71,2018-06-14,2018-06-14T05:00:00.000000+0200
14/06/2018,6,50.47,2018-06-14,2018-06-14T06:00:00.000000+0200
14/06/2018,7,59.41,2018-06-14,2018-06-14T07:00:00.000000+0200
14/06/2018,8,67.59,2018-06-14,2018-06-14T08:00:00.000000+0200
14/06/2018,9,70.26,2018-06-14,2018-06-14T09:00:00.000000+0200
14/06/2018,10,69.41,2018-06-14,2018-06-14T10:00:00.000000+0200
14/06/2018,11,67.59,2018-06-14,2018-06-14T11:00:00.000000+0200
14/06/2018,12,61.18,2018-06-14,2018-06-14T12:00:00.000000+0200
14/06/2018,13,58.13,2018-06-14,2018-06-14T13:00:00.000000+0200
14/06/2018,14,58.13,2018-06-14,2018-06-14T14:00:00.000000+0200
14/06/2018,15,60.15,2018-06-14,2018-06-14T15:00:00.000000+0200
14/06/2018,16,60.17,2018-06-14,2018-06-14T16:00:00.000000+0200
14/06/2018,17,63.59,2018-06-14,2018-06-14T17:00:00.000000+0200
14/06/2018,18,63.6,2018-06-14,2018-06-14T18:00:00.000000+0200
14/06/2018,19,64.29,2018-06-14,2018-06-14T19:00:00.000000+0200
14/06/2018,20,69.41,2018-06-14,2018-06-14T20:00:00.000000+0200
14/06/2018,21,69.41,2018-06-14,2018-06-14T21:00:00.000000+0200
14/06/2018,22,69.41,2018-06-14,2018-06-14T22:00:00.000000+0200
14/06/2018,23,62.51,2018-06-14,2018-06-14T23:00:00.000000+0200
14/06/2018,24,57.1,2018-06-14,2018-06-15T00:00:00.000000+0200
15/06/2018,1,57.06,2018-06-15,2018-06-15T01:00:00.000000+0200
15/06/2018,2,51.43,2018-06-15,2018-06-15T02:00:00.000000+0200
15/06/2018,3,41.14,2018-06-15,2018-06-15T03:00:00.000000+0200
15/06/2018,4,45.74,2018-06-15,2018-06-15T04:00:00.000000+0200
15/06/2018,5,44.17,2018-06-15,2018-06-15T05:00:00.000000+0200
15/06/2018,6,42.25,2018-06-15,2018-06-15T06:00:00.000000+0200
15/06/2018,7,39.3,2018-06-15,2018-06-15T07:00:00.000000+0200
15/06/2018,8,36.01,2018-06-15,2018-06-15T08:00:00.000000+0200
15/06/2018,9,41.1,2018-06-15,2018-06-15T09:00:00.000000+0200
15/06/2018,10,42.26,2018-06-15,2018-06-15T10:00:00.000000+0200
15/06/2018,11,44.98,2018-06-15,2018-06-15T11:00:00.000000+0200
15/06/2018,12,45.01,2018-06-15,2018-06-15T12:00:00.000000+0200
15/06/2018,13,44.95,2018-06-15,2018-06-15T13:00:00.000000+0200
15/06/2018,14,45.05,2018-06-15,2018-06-15T14:00:00.000000+0200
15/06/2018,15,46.131,2018-06-15,2018-06-15T15:00:00.000000+0200
15/06/2018,16,46.163,2018-06-15,2018-06-15T16:00:00.000000+0200
15/06/2018,17,44.17,2018-06-15,2018-06-15T17:00:00.000000+0200
15/06/2018,18,45.27,2018-06-15,2018-06-15T18:00:00.000000+0200
15/06/2018,19,47.85,2018-06-15,2018-06-15T19:00:00.000000+0200
15/06/2018,20,49.71,2018-06-15,2018-06-15T20:00:00.000000+0200
15/06/2018,21,54.31,2018-06-15,2018-06-15T21:00:00.000000+0200
15/06/2018,22,51.15,2018-06-15,2018-06-15T22:00:00.000000+0200
15/06/2018,23,51.68,2018-06-15,2018-06-15T23:00:00.000000+0200
15/06/2018,24,49.21,2018-06-15,2018-06-16T00:00:00.000000+0200
16/06/2018,1,45.74,2018-06-16,2018-06-16T01:00:00.000000+0200
16/06/2018,2,44.85,2018-06-16,2018-06-16T02:00:00.000000+0200
16/06/2018,3,38.12,2018-06-16,2018-06-16T03:00:00.000000+0200
16/06/2018,4,19.2,2018-06-16,2018-06-16T04:00:00.000000+0200
16/06/2018,5,14.1,2018-06-16,2018-06-16T05:00:00.000000+0200
16/06/2018,6,11.01,2018-06-16,2018-06-16T06:00:00.000000+0200
16/06/2018,7,10.01,2018-06-16,2018-06-16T07:00:00.000000+0200
16/06/2018,8,11.84,2018-06-16,2018-06-16T08:00:00.000000+0200
16/06/2018,9,14.1,2018-06-16,2018-06-16T09:00:00.000000+0200
16/06/2018,10,40.61,2018-06-16,2018-06-16T10:00:00.000000+0200
16/06/2018,11,46.1,2018-06-16,2018-06-16T11:00:00.000000+0200
16/06/2018,12,47.96,2018-06-16,2018-06-16T12:00:00.000000+0200
16/06/2018,13,49.91,2018-06-16,2018-06-16T13:00:00.000000+0200
16/06/2018,14,50.01,2018-06-16,2018-06-16T14:00:00.000000+0200
16/06/2018,15,49.71,2018-06-16,2018-06-16T15:00:00.000000+0200
16/06/2018,16,48.17,2018-06-16,2018-06-16T16:00:00.000000+0200
16/06/2018,17,47.25,2018-06-16,2018-06-16T17:00:00.000000+0200
16/06/2018,18,46.11,2018-06-16,2018-06-16T18:00:00.000000+0200
16/06/2018,19,47.61,2018-06-16,2018-06-16T19:00:00.000000+0200
16/06/2018,20,50.46,2018-06-16,2018-06-16T20:00:00.000000+0200
16/06/2018,21,54.91,2018-06-16,2018-06-16T21:00:00.000000+0200
16/06/2018,22,57.19,2018-06-16,2018-06-16T22:00:00.000000+0200
16/06/2018,23,54.91,2018-06-16,2018-06-16T23:00:00.000000+0200
16/06/2018,24,51.21,2018-06-16,2018-06-17T00:00:00.000000+0200
17/06/2018,1,48.83,2018-06-17,2018-06-17T01:00:00.000000+0200
17/06/2018,2,45.15,2018-06-17,2018-06-17T02:00:00.000000+0200
17/06/2018,3,40.1,2018-06-17,2018-06-17T03:00:00.000000+0200
17/06/2018,4,42.76,2018-06-17,2018-06-17T04:00:00.000000+0200
17/06/2018,5,35.03,2018-06-17,2018-06-17T05:00:00.000000+0200
17/06/2018,6,28.85,2018-06-17,2018-06-17T06:00:00.000000+0200
17/06/2018,7,28.17,2018-06-17,2018-06-17T07:00:00.000000+0200
17/06/2018,8,35.03,2018-06-17,2018-06-17T08:00:00.000000+0200
17/06/2018,9,44.5,2018-06-17,2018-06-17T09:00:00.000000+0200
17/06/2018,10,50.66,2018-06-17,2018-06-17T10:00:00.000000+0200
17/06/2018,11,67.01,2018-06-17,2018-06-17T11:00:00.000000+0200
17/06/2018,12,70.01,2018-06-17,2018-06-17T12:00:00.000000+0200
17/06/2018,13,68.01,2018-06-17,2018-06-17T13:00:00.000000+0200
17/06/2018,14,55.71,2018-06-17,2018-06-17T14:00:00.000000+0200
17/06/2018,15,53.31,2018-06-17,2018-06-17T15:00:00.000000+0200
17/06/2018,16,51.71,2018-06-17,2018-06-17T16:00:00.000000+0200
17/06/2018,17,49.71,2018-06-17,2018-06-17T17:00:00.000000+0200
17/06/2018,18,51.71,2018-06-17,2018-06-17T18:00:00.000000+0200
17/06/2018,19,53.72,2018-06-17,2018-06-17T19:00:00.000000+0200
17/06/2018,20,59.01,2018-06-17,2018-06-17T20:00:00.000000+0200
17/06/2018,21,70.01,2018-06-17,2018-06-17T21:00:00.000000+0200
17/06/2018,22,67.19,2018-06-17,2018-06-17T22:00:00.000000+0200
17/06/2018,23,62.61,2018-06-17,2018-06-17T23:00:00.000000+0200
17/06/2018,24,57.72,2018-06-17,2018-06-18T00:00:00.000000+0200
18/06/2018,1,53.31,2018-06-18,2018-06-18T01:00:00.000000+0200
18/06/2018,2,49.71,2018-06-18,2018-06-18T02:00:00.000000+0200
18/06/2018,3,44.16,2018-06-18,2018-06-18T03:00:00.000000+0200
18/06/2018,4,32.51,2018-06-18,2018-06-18T04:00:00.000000+0200
18/06/2018,5,23.24,2018-06-18,2018-06-18T05:00:00.000000+0200
18/06/2018,6,18.23,2018-06-18,2018-06-18T06:00:00.000000+0200
18/06/2018,7,17.31,2018-06-18,2018-06-18T07:00:00.000000+0200
18/06/2018,8,18.4,2018-06-18,2018-06-18T08:00:00.000000+0200
18/06/2018,9,33.68,2018-06-18,2018-06-18T09:00:00.000000+0200
18/06/2018,10,44.4,2018-06-18,2018-06-18T10:00:00.000000+0200
18/06/2018,11,49.79,2018-06-18,2018-06-18T11:00:00.000000+0200
18/06/2018,12,50.25,2018-06-18,2018-06-18T12:00:00.000000+0200
18/06/2018,13,50.8,2018-06-18,2018-06-18T13:00:00.000000+0200
18/06/2018,14,50.0,2018-06-18,2018-06-18T14:00:00.000000+0200
18/06/2018,15,49.79,2018-06-18,2018-06-18T15:00:00.000000+0200
18/06/2018,16,46.15,2018-06-18,2018-06-18T16:00:00.000000+0200
18/06/2018,17,46.2,2018-06-18,2018-06-18T17:00:00.000000+0200
18/06/2018,18,48.43,2018-06-18,2018-06-18T18:00:00.000000+0200
18/06/2018,19,50.58,2018-06-18,2018-06-18T19:00:00.000000+0200
18/06/2018,20,51.26,2018-06-18,2018-06-18T20:00:00.000000+0200
18/06/2018,21,55.0,2018-06-18,2018-06-18T21:00:00.000000+0200
18/06/2018,22,55.0,2018-06-18,2018-06-18T22:00:00.000000+0200
18/06/2018,23,54.11,2018-06-18,2018-06-18T23:00:00.000000+0200
18/06/2018,24,51.98,2018-06-18,2018-06-19T00:00:00.000000+0200
19/06/2018,1,47.98,2018-06-19,2018-06-19T01:00:00.000000+0200
19/06/2018,2,44.9,2018-06-19,2018-06-19T02:00:00.000000+0200
19/06/2018,3,37.11,2018-06-19,2018-06-19T03:00:00.000000+0200
19/06/2018,4,44.16,2018-06-19,2018-06-19T04:00:00.000000+0200
19/06/2018,5,39.81,2018-06-19,2018-06-19T05:00:00.000000+0200
19/06/2018,6,31.99,2018-06-19,2018-06-19T06:00:00.000000+0200
19/06/2018,7,30.13,2018-06-19,2018-06-19T07:00:00.000000+0200
19/06/2018,8,34.51,2018-06-19,2018-06-19T08:00:00.000000+0200
19/06/2018,9,40.71,2018-06-19,2018-06-19T09:00:00.000000+0200
19/06/2018,10,48.1,2018-06-19,2018-06-19T10:00:00.000000+0200
19/06/2018,11,55.36,2018-06-19,2018-06-19T11:00:00.000000+0200
19/06/2018,12,60.61,2018-06-19,2018-06-19T12:00:00.000000+0200
19/06/2018,13,57.51,2018-06-19,2018-06-19T13:00:00.000000+0200
19/06/2018,14,55.36,2018-06-19,2018-06-19T14:00:00.000000+0200
19/06/2018,15,51.52,2018-06-19,2018-06-19T15:00:00.000000+0200
19/06/2018,16,51.51,2018-06-19,2018-06-19T16:00:00.000000+0200
19/06/2018,17,50.22,2018-06-19,2018-06-19T17:00:00.000000+0200
19/06/2018,18,52.1,2018-06-19,2018-06-19T18:00:00.000000+0200
19/06/2018,19,55.36,2018-06-19,2018-06-19T19:00:00.000000+0200
19/06/2018,20,56.71,2018-06-19,2018-06-19T20:00:00.000000+0200
19/06/2018,21,72.2,2018-06-19,2018-06-19T21:00:00.000000+0200
19/06/2018,22,72.2,2018-06-19,2018-06-19T22:00:00.000000+0200
19/06/2018,23,69.42,2018-06-19,2018-06-19T23:00:00.000000+0200
19/06/2018,24,55.36,2018-06-19,2018-06-20T00:00:00.000000+0200
20/06/2018,1,51.56,2018-06-20,2018-06-20T01:00:00.000000+0200
20/06/2018,2,49.79,2018-06-20,2018-06-20T02:00:00.000000+0200
20/06/2018,3,46.07,2018-06-20,2018-06-20T03:00:00.000000+0200
20/06/2018,4,46.99,2018-06-20,2018-06-20T04:00:00.000000+0200
20/06/2018,5,46.01,2018-06-20,2018-06-20T05:00:00.000000+0200
20/06/2018,6,44.56,2018-06-20,2018-06-20T06:00:00.000000+0200
20/06/2018,7,44.12,2018-06-20,2018-06-20T07:00:00.000000+0200
20/06/2018,8,42.68,2018-06-20,2018-06-20T08:00:00.000000+0200
20/06/2018,9,30.01,2018-06-20,2018-06-20T09:00:00.000000+0200
20/06/2018,10,38.71,2018-06-20,2018-06-20T10:00:00.000000+0200
20/06/2018,11,45.01,2018-06-20,2018-06-20T11:00:00.000000+0200
20/06/2018,12,44.73,2018-06-20,2018-06-20T12:00:00.000000+0200
20/06/2018,13,46.81,2018-06-20,2018-06-20T13:00:00.000000+0200
20/06/2018,14,50.0,2018-06-20,2018-06-20T14:00:00.000000+0200
20/06/2018,15,50.22,2018-06-20,2018-06-20T15:00:00.000000+0200
20/06/2018,16,50.22,2018-06-20,2018-06-20T16:00:00.000000+0200
20/06/2018,17,49.41,2018-06-20,2018-06-20T17:00:00.000000+0200
20/06/2018,18,49.41,2018-06-20,2018-06-20T18:00:00.000000+0200
20/06/2018,19,49.78,2018-06-20,2018-06-20T19:00:00.000000+0200
20/06/2018,20,50.45,2018-06-20,2018-06-20T20:00:00.000000+0200
20/06/2018,21,56.85,2018-06-20,2018-06-20T21:00:00.000000+0200
20/06/2018,22,56.17,2018-06-20,2018-06-20T22:00:00.000000+0200
20/06/2018,23,53.49,2018-06-20,2018-06-20T23:00:00.000000+0200
20/06/2018,24,50.45,2018-06-20,2018-06-21T00:00:00.000000+0200
21/06/2018,1,49.79,2018-06-21,2018-06-21T01:00:00.000000+0200
21/06/2018,2,46.94,2018-06-21,2018-06-21T02:00:00.000000+0200
21/06/2018,3,44.9,2018-06-21,2018-06-21T03:00:00.000000+0200
21/06/2018,4,46.16,2018-06-21,2018-06-21T04:00:00.000000+0200
21/06/2018,5,40.01,2018-06-21,2018-06-21T05:00:00.000000+0200
21/06/2018,6,37.11,2018-06-21,2018-06-21T06:00:00.000000+0200
21/06/2018,7,32.01,2018-06-21,2018-06-21T07:00:00.000000+0200
21/06/2018,8,35.01,2018-06-21,2018-06-21T08:00:00.000000+0200
21/06/2018,9,27.11,2018-06-21,2018-06-21T09:00:00.000000+0200
21/06/2018,10,37.32,2018-06-21,2018-06-21T10:00:00.000000+0200
21/06/2018,11,44.05,2018-06-21,2018-06-21T11:00:00.000000+0200
21/06/2018,12,45.01,2018-06-21,2018-06-21T12:00:00.000000+0200
21/06/2018,13,46.56,2018-06-21,2018-06-21T13:00:00.000000+0200
21/06/2018,14,49.72,2018-06-21,2018-06-21T14:00:00.000000+0200
21/06/2018,15,49.41,2018-06-21,2018-06-21T15:00:00.000000+0200
21/06/2018,16,49.41,2018-06-21,2018-06-21T16:00:00.000000+0200
21/06/2018,17,47.46,2018-06-21,2018-06-21T17:00:00.000000+0200
21/06/2018,18,47.39,2018-06-21,2018-06-21T18:00:00.000000+0200
21/06/2018,19,49.42,2018-06-21,2018-06-21T19:00:00.000000+0200
21/06/2018,20,51.69,2018-06-21,2018-06-21T20:00:00.000000+0200
21/06/2018,21,54.85,2018-06-21,2018-06-21T21:00:00.000000+0200
21/06/2018,22,52.76,2018-06-21,2018-06-21T22:00:00.000000+0200
21/06/2018,23,52.76,2018-06-21,2018-06-21T23:00:00.000000+0200
21/06/2018,24,51.01,2018-06-21,2018-06-22T00:00:00.000000+0200
22/06/2018,1,49.42,2018-06-22,2018-06-22T01:00:00.000000+0200
22/06/2018,2,45.01,2018-06-22,2018-06-22T02:00:00.000000+0200
22/06/2018,3,41.51,2018-06-22,2018-06-22T03:00:00.000000+0200
22/06/2018,4,39.37,2018-06-22,2018-06-22T04:00:00.000000+0200
22/06/2018,5,28.71,2018-06-22,2018-06-22T05:00:00.000000+0200
22/06/2018,6,23.7,2018-06-22,2018-06-22T06:00:00.000000+0200
22/06/2018,7,20.1,2018-06-22,2018-06-22T07:00:00.000000+0200
22/06/2018,8,25.01,2018-06-22,2018-06-22T08:00:00.000000+0200
22/06/2018,9,30.89,2018-06-22,2018-06-22T09:00:00.000000+0200
22/06/2018,10,45.95,2018-06-22,2018-06-22T10:00:00.000000+0200
22/06/2018,11,50.01,2018-06-22,2018-06-22T11:00:00.000000+0200
22/06/2018,12,52.25,2018-06-22,2018-06-22T12:00:00.000000+0200
22/06/2018,13,52.25,2018-06-22,2018-06-22T13:00:00.000000+0200
22/06/2018,14,52.25,2018-06-22,2018-06-22T14:00:00.000000+0200
22/06/2018,15,52.3,2018-06-22,2018-06-22T15:00:00.000000+0200
22/06/2018,16,51.86,2018-06-22,2018-06-22T16:00:00.000000+0200
22/06/2018,17,51.86,2018-06-22,2018-06-22T17:00:00.000000+0200
22/06/2018,18,53.0,2018-06-22,2018-06-22T18:00:00.000000+0200
22/06/2018,19,53.0,2018-06-22,2018-06-22T19:00:00.000000+0200
22/06/2018,20,52.95,2018-06-22,2018-06-22T20:00:00.000000+0200
22/06/2018,21,55.0,2018-06-22,2018-06-22T21:00:00.000000+0200
22/06/2018,22,55.0,2018-06-22,2018-06-22T22:00:00.000000+0200
22/06/2018,23,52.43,2018-06-22,2018-06-22T23:00:00.000000+0200
22/06/2018,24,52.111,2018-06-22,2018-06-23T00:00:00.000000+0200
23/06/2018,1,50.63,2018-06-23,2018-06-23T01:00:00.000000+0200
23/06/2018,2,47.01,2018-06-23,2018-06-23T02:00:00.000000+0200
23/06/2018,3,45.2,2018-06-23,2018-06-23T03:00:00.000000+0200
23/06/2018,4,39.36,2018-06-23,2018-06-23T04:00:00.000000+0200
23/06/2018,5,36.41,2018-06-23,2018-06-23T05:00:00.000000+0200
23/06/2018,6,35.91,2018-06-23,2018-06-23T06:00:00.000000+0200
23/06/2018,7,34.01,2018-06-23,2018-06-23T07:00:00.000000+0200
23/06/2018,8,35.36,2018-06-23,2018-06-23T08:00:00.000000+0200
23/06/2018,9,38.91,2018-06-23,2018-06-23T09:00:00.000000+0200
23/06/2018,10,49.01,2018-06-23,2018-06-23T10:00:00.000000+0200
23/06/2018,11,55.91,2018-06-23,2018-06-23T11:00:00.000000+0200
23/06/2018,12,62.37,2018-06-23,2018-06-23T12:00:00.000000+0200
23/06/2018,13,68.76,2018-06-23,2018-06-23T13:00:00.000000+0200
23/06/2018,14,63.6,2018-06-23,2018-06-23T14:00:00.000000+0200
23/06/2018,15,63.9,2018-06-23,2018-06-23T15:00:00.000000+0200
23/06/2018,16,59.39,2018-06-23,2018-06-23T16:00:00.000000+0200
23/06/2018,17,59.39,2018-06-23,2018-06-23T17:00:00.000000+0200
23/06/2018,18,62.37,2018-06-23,2018-06-23T18:00:00.000000+0200
23/06/2018,19,70.31,2018-06-23,2018-06-23T19:00:00.000000+0200
23/06/2018,20,68.82,2018-06-23,2018-06-23T20:00:00.000000+0200
23/06/2018,21,73.31,2018-06-23,2018-06-23T21:00:00.000000+0200
23/06/2018,22,74.44,2018-06-23,2018-06-23T22:00:00.000000+0200
23/06/2018,23,69.01,2018-06-23,2018-06-23T23:00:00.000000+0200
23/06/2018,24,59.4,2018-06-23,2018-06-24T00:00:00.000000+0200
24/06/2018,1,52.49,2018-06-24,2018-06-24T01:00:00.000000+0200
24/06/2018,2,49.01,2018-06-24,2018-06-24T02:00:00.000000+0200
24/06/2018,3,45.99,2018-06-24,2018-06-24T03:00:00.000000+0200
24/06/2018,4,43.33,2018-06-24,2018-06-24T04:00:00.000000+0200
24/06/2018,5,38.01,2018-06-24,2018-06-24T05:00:00.000000+0200
24/06/2018,6,36.42,2018-06-24,2018-06-24T06:00:00.000000+0200
24/06/2018,7,36.84,2018-06-24,2018-06-24T07:00:00.000000+0200
24/06/2018,8,35.91,2018-06-24,2018-06-24T08:00:00.000000+0200
24/06/2018,9,40.44,2018-06-24,2018-06-24T09:00:00.000000+0200
24/06/2018,10,47.02,2018-06-24,2018-06-24T10:00:00.000000+0200
24/06/2018,11,51.8,2018-06-24,2018-06-24T11:00:00.000000+0200
24/06/2018,12,55.87,2018-06-24,2018-06-24T12:00:00.000000+0200
24/06/2018,13,58.59,2018-06-24,2018-06-24T13:00:00.000000+0200
24/06/2018,14,55.87,2018-06-24,2018-06-24T14:00:00.000000+0200
24/06/2018,15,53.8,2018-06-24,2018-06-24T15:00:00.000000+0200
24/06/2018,16,51.64,2018-06-24,2018-06-24T16:00:00.000000+0200
24/06/2018,17,51.53,2018-06-24,2018-06-24T17:00:00.000000+0200
24/06/2018,18,52.34,2018-06-24,2018-06-24T18:00:00.000000+0200
24/06/2018,19,54.76,2018-06-24,2018-06-24T19:00:00.000000+0200
24/06/2018,20,58.45,2018-06-24,2018-06-24T20:00:00.000000+0200
24/06/2018,21,63.1,2018-06-24,2018-06-24T21:00:00.000000+0200
24/06/2018,22,61.35,2018-06-24,2018-06-24T22:00:00.000000+0200
24/06/2018,23,58.59,2018-06-24,2018-06-24T23:00:00.000000+0200
24/06/2018,24,54.1,2018-06-24,2018-06-25T00:00:00.000000+0200
25/06/2018,1,52.34,2018-06-25,2018-06-25T01:00:00.000000+0200
25/06/2018,2,50.04,2018-06-25,2018-06-25T02:00:00.000000+0200
25/06/2018,3,45.51,2018-06-25,2018-06-25T03:00:00.000000+0200
25/06/2018,4,43.33,2018-06-25,2018-06-25T04:00:00.000000+0200
25/06/2018,5,39.01,2018-06-25,2018-06-25T05:00:00.000000+0200
25/06/2018,6,38.4,2018-06-25,2018-06-25T06:00:00.000000+0200
25/06/2018,7,38.6,2018-06-25,2018-06-25T07:00:00.000000+0200
25/06/2018,8,37.81,2018-06-25,2018-06-25T08:00:00.000000+0200
25/06/2018,9,40.72,2018-06-25,2018-06-25T09:00:00.000000+0200
25/06/2018,10,49.01,2018-06-25,2018-06-25T10:00:00.000000+0200
25/06/2018,11,53.79,2018-06-25,2018-06-25T11:00:00.000000+0200
25/06/2018,12,59.57,2018-06-25,2018-06-25T12:00:00.000000+0200
25/06/2018,13,59.116,2018-06-25,2018-06-25T13:00:00.000000+0200
25/06/2018,14,57.32,2018-06-25,2018-06-25T14:00:00.000000+0200
25/06/2018,15,57.19,2018-06-25,2018-06-25T15:00:00.000000+0200
25/06/2018,16,54.61,2018-06-25,2018-06-25T16:00:00.000000+0200
25/06/2018,17,54.83,2018-06-25,2018-06-25T17:00:00.000000+0200
25/06/2018,18,54.74,2018-06-25,2018-06-25T18:00:00.000000+0200
25/06/2018,19,61.28,2018-06-25,2018-06-25T19:00:00.000000+0200
25/06/2018,20,63.51,2018-06-25,2018-06-25T20:00:00.000000+0200
25/06/2018,21,72.45,2018-06-25,2018-06-25T21:00:00.000000+0200
25/06/2018,22,73.03,2018-06-25,2018-06-25T22:00:00.000000+0200
25/06/2018,23,68.93,2018-06-25,2018-06-25T23:00:00.000000+0200
25/06/2018,24,55.85,2018-06-25,2018-06-26T00:00:00.000000+0200
26/06/2018,1,50.34,2018-06-26,2018-06-26T01:00:00.000000+0200
26/06/2018,2,48.99,2018-06-26,2018-06-26T02:00:00.000000+0200
26/06/2018,3,44.7,2018-06-26,2018-06-26T03:00:00.000000+0200
26/06/2018,4,47.2,2018-06-26,2018-06-26T04:00:00.000000+0200
26/06/2018,5,44.27,2018-06-26,2018-06-26T05:00:00.000000+0200
26/06/2018,6,43.51,2018-06-26,2018-06-26T06:00:00.000000+0200
26/06/2018,7,39.4,2018-06-26,2018-06-26T07:00:00.000000+0200
26/06/2018,8,39.2,2018-06-26,2018-06-26T08:00:00.000000+0200
26/06/2018,9,41.9,2018-06-26,2018-06-26T09:00:00.000000+0200
26/06/2018,10,49.01,2018-06-26,2018-06-26T10:00:00.000000+0200
26/06/2018,11,52.25,2018-06-26,2018-06-26T11:00:00.000000+0200
26/06/2018,12,55.22,2018-06-26,2018-06-26T12:00:00.000000+0200
26/06/2018,13,56.03,2018-06-26,2018-06-26T13:00:00.000000+0200
26/06/2018,14,54.62,2018-06-26,2018-06-26T14:00:00.000000+0200
26/06/2018,15,53.18,2018-06-26,2018-06-26T15:00:00.000000+0200
26/06/2018,16,52.09,2018-06-26,2018-06-26T16:00:00.000000+0200
26/06/2018,17,51.42,2018-06-26,2018-06-26T17:00:00.000000+0200
26/06/2018,18,52.18,2018-06-26,2018-06-26T18:00:00.000000+0200
26/06/2018,19,52.28,2018-06-26,2018-06-26T19:00:00.000000+0200
26/06/2018,20,52.53,2018-06-26,2018-06-26T20:00:00.000000+0200
26/06/2018,21,54.85,2018-06-26,2018-06-26T21:00:00.000000+0200
26/06/2018,22,55.35,2018-06-26,2018-06-26T22:00:00.000000+0200
26/06/2018,23,54.54,2018-06-26,2018-06-26T23:00:00.000000+0200
26/06/2018,24,52.01,2018-06-26,2018-06-27T00:00:00.000000+0200
27/06/2018,1,50.01,2018-06-27,2018-06-27T01:00:00.000000+0200
27/06/2018,2,45.16,2018-06-27,2018-06-27T02:00:00.000000+0200
27/06/2018,3,43.58,2018-06-27,2018-06-27T03:00:00.000000+0200
27/06/2018,4,44.6,2018-06-27,2018-06-27T04:00:00.000000+0200
27/06/2018,5,42.26,2018-06-27,2018-06-27T05:00:00.000000+0200
27/06/2018,6,36.12,2018-06-27,2018-06-27T06:00:00.000000+0200
27/06/2018,7,33.81,2018-06-27,2018-06-27T07:00:00.000000+0200
27/06/2018,8,32.55,2018-06-27,2018-06-27T08:00:00.000000+0200
27/06/2018,9,32.55,2018-06-27,2018-06-27T09:00:00.000000+0200
27/06/2018,10,43.57,2018-06-27,2018-06-27T10:00:00.000000+0200
27/06/2018,11,52.176,2018-06-27,2018-06-27T11:00:00.000000+0200
27/06/2018,12,52.259,2018-06-27,2018-06-27T12:00:00.000000+0200
27/06/2018,13,53.3,2018-06-27,2018-06-27T13:00:00.000000+0200
27/06/2018,14,52.52,2018-06-27,2018-06-27T14:00:00.000000+0200
27/06/2018,15,47.74,2018-06-27,2018-06-27T15:00:00.000000+0200
27/06/2018,16,44.71,2018-06-27,2018-06-27T16:00:00.000000+0200
27/06/2018,17,43.79,2018-06-27,2018-06-27T17:00:00.000000+0200
27/06/2018,18,45.01,2018-06-27,2018-06-27T18:00:00.000000+0200
27/06/2018,19,48.74,2018-06-27,2018-06-27T19:00:00.000000+0200
27/06/2018,20,52.84,2018-06-27,2018-06-27T20:00:00.000000+0200
27/06/2018,21,60.0,2018-06-27,2018-06-27T21:00:00.000000+0200
27/06/2018,22,60.0,2018-06-27,2018-06-27T22:00:00.000000+0200
27/06/2018,23,56.35,2018-06-27,2018-06-27T23:00:00.000000+0200
27/06/2018,24,52.77,2018-06-27,2018-06-28T00:00:00.000000+0200
28/06/2018,1,50.51,2018-06-28,2018-06-28T01:00:00.000000+0200
28/06/2018,2,46.67,2018-06-28,2018-06-28T02:00:00.000000+0200
28/06/2018,3,44.11,2018-06-28,2018-06-28T03:00:00.000000+0200
28/06/2018,4,42.05,2018-06-28,2018-06-28T04:00:00.000000+0200
28/06/2018,5,36.08,2018-06-28,2018-06-28T05:00:00.000000+0200
28/06/2018,6,35.03,2018-06-28,2018-06-28T06:00:00.000000+0200
28/06/2018,7,33.19,2018-06-28,2018-06-28T07:00:00.000000+0200
28/06/2018,8,32.29,2018-06-28,2018-06-28T08:00:00.000000+0200
28/06/2018,9,32.3,2018-06-28,2018-06-28T09:00:00.000000+0200
28/06/2018,10,36.11,2018-06-28,2018-06-28T10:00:00.000000+0200
28/06/2018,11,43.57,2018-06-28,2018-06-28T11:00:00.000000+0200
28/06/2018,12,45.93,2018-06-28,2018-06-28T12:00:00.000000+0200
28/06/2018,13,47.94,2018-06-28,2018-06-28T13:00:00.000000+0200
28/06/2018,14,51.5,2018-06-28,2018-06-28T14:00:00.000000+0200
28/06/2018,15,51.03,2018-06-28,2018-06-28T15:00:00.000000+0200
28/06/2018,16,51.03,2018-06-28,2018-06-28T16:00:00.000000+0200
28/06/2018,17,48.74,2018-06-28,2018-06-28T17:00:00.000000+0200
28/06/2018,18,49.14,2018-06-28,2018-06-28T18:00:00.000000+0200
28/06/2018,19,51.11,2018-06-28,2018-06-28T19:00:00.000000+0200
28/06/2018,20,55.34,2018-06-28,2018-06-28T20:00:00.000000+0200
28/06/2018,21,61.01,2018-06-28,2018-06-28T21:00:00.000000+0200
28/06/2018,22,62.51,2018-06-28,2018-06-28T22:00:00.000000+0200
28/06/2018,23,58.2,2018-06-28,2018-06-28T23:00:00.000000+0200
28/06/2018,24,58.72,2018-06-28,2018-06-29T00:00:00.000000+0200
29/06/2018,1,53.01,2018-06-29,2018-06-29T01:00:00.000000+0200
29/06/2018,2,48.74,2018-06-29,2018-06-29T02:00:00.000000+0200
29/06/2018,3,43.66,2018-06-29,2018-06-29T03:00:00.000000+0200
29/06/2018,4,42.01,2018-06-29,2018-06-29T04:00:00.000000+0200
29/06/2018,5,35.16,2018-06-29,2018-06-29T05:00:00.000000+0200
29/06/2018,6,32.55,2018-06-29,2018-06-29T06:00:00.000000+0200
29/06/2018,7,32.78,2018-06-29,2018-06-29T07:00:00.000000+0200
29/06/2018,8,32.55,2018-06-29,2018-06-29T08:00:00.000000+0200
29/06/2018,9,36.11,2018-06-29,2018-06-29T09:00:00.000000+0200
29/06/2018,10,48.37,2018-06-29,2018-06-29T10:00:00.000000+0200
29/06/2018,11,54.2,2018-06-29,2018-06-29T11:00:00.000000+0200
29/06/2018,12,61.36,2018-06-29,2018-06-29T12:00:00.000000+0200
29/06/2018,13,56.01,2018-06-29,2018-06-29T13:00:00.000000+0200
29/06/2018,14,54.6,2018-06-29,2018-06-29T14:00:00.000000+0200
29/06/2018,15,53.78,2018-06-29,2018-06-29T15:00:00.000000+0200
29/06/2018,16,51.15,2018-06-29,2018-06-29T16:00:00.000000+0200
29/06/2018,17,51.1,2018-06-29,2018-06-29T17:00:00.000000+0200
29/06/2018,18,53.78,2018-06-29,2018-06-29T18:00:00.000000+0200
29/06/2018,19,56.34,2018-06-29,2018-06-29T19:00:00.000000+0200
29/06/2018,20,61.36,2018-06-29,2018-06-29T20:00:00.000000+0200
29/06/2018,21,65.01,2018-06-29,2018-06-29T21:00:00.000000+0200
29/06/2018,22,60.01,2018-06-29,2018-06-29T22:00:00.000000+0200
29/06/2018,23,56.7,2018-06-29,2018-06-29T23:00:00.000000+0200
29/06/2018,24,54.01,2018-06-29,2018-06-30T00:00:00.000000+0200
30/06/2018,1,52.66,2018-06-30,2018-06-30T01:00:00.000000+0200
30/06/2018,2,51.61,2018-06-30,2018-06-30T02:00:00.000000+0200
30/06/2018,3,47.28,2018-06-30,2018-06-30T03:00:00.000000+0200
30/06/2018,4,44.82,2018-06-30,2018-06-30T04:00:00.000000+0200
30/06/2018,5,42.66,2018-06-30,2018-06-30T05:00:00.000000+0200
30/06/2018,6,37.01,2018-06-30,2018-06-30T06:00:00.000000+0200
30/06/2018,7,32.01,2018-06-30,2018-06-30T07:00:00.000000+0200
30/06/2018,8,32.01,2018-06-30,2018-06-30T08:00:00.000000+0200
30/06/2018,9,40.01,2018-06-30,2018-06-30T09:00:00.000000+0200
30/06/2018,10,47.11,2018-06-30,2018-06-30T10:00:00.000000+0200
30/06/2018,11,51.01,2018-06-30,2018-06-30T11:00:00.000000+0200
30/06/2018,12,66.02,2018-06-30,2018-06-30T12:00:00.000000+0200
30/06/2018,13,68.01,2018-06-30,2018-06-30T13:00:00.000000+0200
30/06/2018,14,66.01,2018-06-30,2018-06-30T14:00:00.000000+0200
30/06/2018,15,59.16,2018-06-30,2018-06-30T15:00:00.000000+0200
30/06/2018,16,54.58,2018-06-30,2018-06-30T16:00:00.000000+0200
30/06/2018,17,54.47,2018-06-30,2018-06-30T17:00:00.000000+0200
30/06/2018,18,58.05,2018-06-30,2018-06-30T18:00:00.000000+0200
30/06/2018,19,60.01,2018-06-30,2018-06-30T19:00:00.000000+0200
30/06/2018,20,58.04,2018-06-30,2018-06-30T20:00:00.000000+0200
30/06/2018,21,58.04,2018-06-30,2018-06-30T21:00:00.000000+0200
30/06/2018,22,55.7,2018-06-30,2018-06-30T22:00:00.000000+0200
30/06/2018,23,54.38,2018-06-30,2018-06-30T23:00:00.000000+0200
30/06/2018,24,51.59,2018-06-30,2018-07-01T00:00:00.000000+0200
01/07/2018,1,49.41,2018-07-01,2018-07-01T01:00:00.000000+0200
01/07/2018,2,44.24,2018-07-01,2018-07-01T02:00:00.000000+0200
01/07/2018,3,43.21,2018-07-01,2018-07-01T03:00:00.000000+0200
01/07/2018,4,38.13,2018-07-01,2018-07-01T04:00:00.000000+0200
01/07/2018,5,34.21,2018-07-01,2018-07-01T05:00:00.000000+0200
01/07/2018,6,31.01,2018-07-01,2018-07-01T06:00:00.000000+0200
01/07/2018,7,29.82,2018-07-01,2018-07-01T07:00:00.000000+0200
01/07/2018,8,31.01,2018-07-01,2018-07-01T08:00:00.000000+0200
01/07/2018,9,40.01,2018-07-01,2018-07-01T09:00:00.000000+0200
01/07/2018,10,49.17,2018-07-01,2018-07-01T10:00:00.000000+0200
01/07/2018,11,50.2,2018-07-01,2018-07-01T11:00:00.000000+0200
01/07/2018,12,55.01,2018-07-01,2018-07-01T12:00:00.000000+0200
01/07/2018,13,52.12,2018-07-01,2018-07-01T13:00:00.000000+0200
01/07/2018,14,52.26,2018-07-01,2018-07-01T14:00:00.000000+0200
01/07/2018,15,51.66,2018-07-01,2018-07-01T15:00:00.000000+0200
01/07/2018,16,49.81,2018-07-01,2018-07-01T16:00:00.000000+0200
01/07/2018,17,50.01,2018-07-01,2018-07-01T17:00:00.000000+0200
01/07/2018,18,51.13,2018-07-01,2018-07-01T18:00:00.000000+0200
01/07/2018,19,51.195,2018-07-01,2018-07-01T19:00:00.000000+0200
01/07/2018,20,53.06,2018-07-01,2018-07-01T20:00:00.000000+0200
01/07/2018,21,59.73,2018-07-01,2018-07-01T21:00:00.000000+0200
01/07/2018,22,56.54,2018-07-01,2018-07-01T22:00:00.000000+0200
01/07/2018,23,55.36,2018-07-01,2018-07-01T23:00:00.000000+0200
01/07/2018,24,50.01,2018-07-01,2018-07-02T00:00:00.000000+0200
02/07/2018,1,48.81,2018-07-02,2018-07-02T01:00:00.000000+0200
02/07/2018,2,45.15,2018-07-02,2018-07-02T02:00:00.000000+0200
02/07/2018,3,43.62,2018-07-02,2018-07-02T03:00:00.000000+0200
02/07/2018,4,43.68,2018-07-02,2018-07-02T04:00:00.000000+0200
02/07/2018,5,40.21,2018-07-02,2018-07-02T05:00:00.000000+0200
02/07/2018,6,39.01,2018-07-02,2018-07-02T06:00:00.000000+0200
02/07/2018,7,37.28,2018-07-02,2018-07-02T07:00:00.000000+0200
02/07/2018,8,39.01,2018-07-02,2018-07-02T08:00:00.000000+0200
02/07/2018,9,43.47,2018-07-02,2018-07-02T09:00:00.000000+0200
02/07/2018,10,49.01,2018-07-02,2018-07-02T10:00:00.000000+0200
02/07/2018,11,54.85,2018-07-02,2018-07-02T11:00:00.000000+0200
02/07/2018,12,60.43,2018-07-02,2018-07-02T12:00:00.000000+0200
02/07/2018,13,55.99,2018-07-02,2018-07-02T13:00:00.000000+0200
02/07/2018,14,53.57,2018-07-02,2018-07-02T14:00:00.000000+0200
02/07/2018,15,51.66,2018-07-02,2018-07-02T15:00:00.000000+0200
02/07/2018,16,49.01,2018-07-02,2018-07-02T16:00:00.000000+0200
02/07/2018,17,48.01,2018-07-02,2018-07-02T17:00:00.000000+0200
02/07/2018,18,50.74,2018-07-02,2018-07-02T18:00:00.000000+0200
02/07/2018,19,50.71,2018-07-02,2018-07-02T19:00:00.000000+0200
02/07/2018,20,52.57,2018-07-02,2018-07-02T20:00:00.000000+0200
02/07/2018,21,55.62,2018-07-02,2018-07-02T21:00:00.000000+0200
02/07/2018,22,52.7,2018-07-02,2018-07-02T22:00:00.000000+0200
02/07/2018,23,51.35,2018-07-02,2018-07-02T23:00:00.000000+0200
02/07/2018,24,48.87,2018-07-02,2018-07-03T00:00:00.000000+0200
03/07/2018,1,46.79,2018-07-03,2018-07-03T01:00:00.000000+0200
03/07/2018,2,44.47,2018-07-03,2018-07-03T02:00:00.000000+0200
03/07/2018,3,43.66,2018-07-03,2018-07-03T03:00:00.000000+0200
03/07/2018,4,43.76,2018-07-03,2018-07-03T04:00:00.000000+0200
03/07/2018,5,38.33,2018-07-03,2018-07-03T05:00:00.000000+0200
03/07/2018,6,33.47,2018-07-03,2018-07-03T06:00:00.000000+0200
03/07/2018,7,34.31,2018-07-03,2018-07-03T07:00:00.000000+0200
03/07/2018,8,33.31,2018-07-03,2018-07-03T08:00:00.000000+0200
03/07/2018,9,38.34,2018-07-03,2018-07-03T09:00:00.000000+0200
03/07/2018,10,44.08,2018-07-03,2018-07-03T10:00:00.000000+0200
03/07/2018,11,53.77,2018-07-03,2018-07-03T11:00:00.000000+0200
03/07/2018,12,62.83,2018-07-03,2018-07-03T12:00:00.000000+0200
03/07/2018,13,58.06,2018-07-03,2018-07-03T13:00:00.000000+0200
03/07/2018,14,56.3,2018-07-03,2018-07-03T14:00:00.000000+0200
03/07/2018,15,56.8,2018-07-03,2018-07-03T15:00:00.000000+0200
03/07/2018,16,48.73,2018-07-03,2018-07-03T16:00:00.000000+0200
03/07/2018,17,48.66,2018-07-03,2018-07-03T17:00:00.000000+0200
03/07/2018,18,50.91,2018-07-03,2018-07-03T18:00:00.000000+0200
03/07/2018,19,54.95,2018-07-03,2018-07-03T19:00:00.000000+0200
03/07/2018,20,57.43,2018-07-03,2018-07-03T20:00:00.000000+0200
03/07/2018,21,66.36,2018-07-03,2018-07-03T21:00:00.000000+0200
03/07/2018,22,66.36,2018-07-03,2018-07-03T22:00:00.000000+0200
03/07/2018,23,62.57,2018-07-03,2018-07-03T23:00:00.000000+0200
03/07/2018,24,53.31,2018-07-03,2018-07-04T00:00:00.000000+0200
04/07/2018,1,48.81,2018-07-04,2018-07-04T01:00:00.000000+0200
04/07/2018,2,46.79,2018-07-04,2018-07-04T02:00:00.000000+0200
04/07/2018,3,43.5,2018-07-04,2018-07-04T03:00:00.000000+0200
04/07/2018,4,43.103,2018-07-04,2018-07-04T04:00:00.000000+0200
04/07/2018,5,42.59,2018-07-04,2018-07-04T05:00:00.000000+0200
04/07/2018,6,41.72,2018-07-04,2018-07-04T06:00:00.000000+0200
04/07/2018,7,41.77,2018-07-04,2018-07-04T07:00:00.000000+0200
04/07/2018,8,41.31,2018-07-04,2018-07-04T08:00:00.000000+0200
04/07/2018,9,41.5,2018-07-04,2018-07-04T09:00:00.000000+0200
04/07/2018,10,48.28,2018-07-04,2018-07-04T10:00:00.000000+0200
04/07/2018,11,50.62,2018-07-04,2018-07-04T11:00:00.000000+0200
04/07/2018,12,55.72,2018-07-04,2018-07-04T12:00:00.000000+0200
04/07/2018,13,53.35,2018-07-04,2018-07-04T13:00:00.000000+0200
04/07/2018,14,50.42,2018-07-04,2018-07-04T14:00:00.000000+0200
04/07/2018,15,47.01,2018-07-04,2018-07-04T15:00:00.000000+0200
04/07/2018,16,45.49,2018-07-04,2018-07-04T16:00:00.000000+0200
04/07/2018,17,44.76,2018-07-04,2018-07-04T17:00:00.000000+0200
04/07/2018,18,45.58,2018-07-04,2018-07-04T18:00:00.000000+0200
04/07/2018,19,48.72,2018-07-04,2018-07-04T19:00:00.000000+0200
04/07/2018,20,50.61,2018-07-04,2018-07-04T20:00:00.000000+0200
04/07/2018,21,67.81,2018-07-04,2018-07-04T21:00:00.000000+0200
04/07/2018,22,66.1,2018-07-04,2018-07-04T22:00:00.000000+0200
04/07/2018,23,66.101,2018-07-04,2018-07-04T23:00:00.000000+0200
04/07/2018,24,53.35,2018-07-04,2018-07-05T00:00:00.000000+0200
05/07/2018,1,50.11,2018-07-05,2018-07-05T01:00:00.000000+0200
05/07/2018,2,45.02,2018-07-05,2018-07-05T02:00:00.000000+0200
05/07/2018,3,41.86,2018-07-05,2018-07-05T03:00:00.000000+0200
05/07/2018,4,38.76,2018-07-05,2018-07-05T04:00:00.000000+0200
05/07/2018,5,34.1,2018-07-05,2018-07-05T05:00:00.000000+0200
05/07/2018,6,30.01,2018-07-05,2018-07-05T06:00:00.000000+0200
05/07/2018,7,27.72,2018-07-05,2018-07-05T07:00:00.000000+0200
05/07/2018,8,25.57,2018-07-05,2018-07-05T08:00:00.000000+0200
05/07/2018,9,27.69,2018-07-05,2018-07-05T09:00:00.000000+0200
05/07/2018,10,28.48,2018-07-05,2018-07-05T10:00:00.000000+0200
05/07/2018,11,32.57,2018-07-05,2018-07-05T11:00:00.000000+0200
05/07/2018,12,36.14,2018-07-05,2018-07-05T12:00:00.000000+0200
05/07/2018,13,44.01,2018-07-05,2018-07-05T13:00:00.000000+0200
05/07/2018,14,46.41,2018-07-05,2018-07-05T14:00:00.000000+0200
05/07/2018,15,45.55,2018-07-05,2018-07-05T15:00:00.000000+0200
05/07/2018,16,43.14,2018-07-05,2018-07-05T16:00:00.000000+0200
05/07/2018,17,37.78,2018-07-05,2018-07-05T17:00:00.000000+0200
05/07/2018,18,38.75,2018-07-05,2018-07-05T18:00:00.000000+0200
05/07/2018,19,43.44,2018-07-05,2018-07-05T19:00:00.000000+0200
05/07/2018,20,48.16,2018-07-05,2018-07-05T20:00:00.000000+0200
05/07/2018,21,53.35,2018-07-05,2018-07-05T21:00:00.000000+0200
05/07/2018,22,51.91,2018-07-05,2018-07-05T22:00:00.000000+0200
05/07/2018,23,53.35,2018-07-05,2018-07-05T23:00:00.000000+0200
05/07/2018,24,50.42,2018-07-05,2018-07-06T00:00:00.000000+0200
06/07/2018,1,49.92,2018-07-06,2018-07-06T01:00:00.000000+0200
06/07/2018,2,45.09,2018-07-06,2018-07-06T02:00:00.000000+0200
06/07/2018,3,37.01,2018-07-06,2018-07-06T03:00:00.000000+0200
06/07/2018,4,27.07,2018-07-06,2018-07-06T04:00:00.000000+0200
06/07/2018,5,20.01,2018-07-06,2018-07-06T05:00:00.000000+0200
06/07/2018,6,16.23,2018-07-06,2018-07-06T06:00:00.000000+0200
06/07/2018,7,12.89,2018-07-06,2018-07-06T07:00:00.000000+0200
06/07/2018,8,15.85,2018-07-06,2018-07-06T08:00:00.000000+0200
06/07/2018,9,33.01,2018-07-06,2018-07-06T09:00:00.000000+0200
06/07/2018,10,44.66,2018-07-06,2018-07-06T10:00:00.000000+0200
06/07/2018,11,48.16,2018-07-06,2018-07-06T11:00:00.000000+0200
06/07/2018,12,51.69,2018-07-06,2018-07-06T12:00:00.000000+0200
06/07/2018,13,50.4,2018-07-06,2018-07-06T13:00:00.000000+0200
06/07/2018,14,48.17,2018-07-06,2018-07-06T14:00:00.000000+0200
06/07/2018,15,48.73,2018-07-06,2018-07-06T15:00:00.000000+0200
06/07/2018,16,47.78,2018-07-06,2018-07-06T16:00:00.000000+0200
06/07/2018,17,47.117,2018-07-06,2018-07-06T17:00:00.000000+0200
06/07/2018,18,48.96,2018-07-06,2018-07-06T18:00:00.000000+0200
06/07/2018,19,50.21,2018-07-06,2018-07-06T19:00:00.000000+0200
06/07/2018,20,55.7,2018-07-06,2018-07-06T20:00:00.000000+0200
06/07/2018,21,66.99,2018-07-06,2018-07-06T21:00:00.000000+0200
06/07/2018,22,67.01,2018-07-06,2018-07-06T22:00:00.000000+0200
06/07/2018,23,57.33,2018-07-06,2018-07-06T23:00:00.000000+0200
06/07/2018,24,50.95,2018-07-06,2018-07-07T00:00:00.000000+0200
07/07/2018,1,49.92,2018-07-07,2018-07-07T01:00:00.000000+0200
07/07/2018,2,47.11,2018-07-07,2018-07-07T02:00:00.000000+0200
07/07/2018,3,44.66,2018-07-07,2018-07-07T03:00:00.000000+0200
07/07/2018,4,47.01,2018-07-07,2018-07-07T04:00:00.000000+0200
07/07/2018,5,43.76,2018-07-07,2018-07-07T05:00:00.000000+0200
07/07/2018,6,43.23,2018-07-07,2018-07-07T06:00:00.000000+0200
07/07/2018,7,43.28,2018-07-07,2018-07-07T07:00:00.000000+0200
07/07/2018,8,43.16,2018-07-07,2018-07-07T08:00:00.000000+0200
07/07/2018,9,44.07,2018-07-07,2018-07-07T09:00:00.000000+0200
07/07/2018,10,52.63,2018-07-07,2018-07-07T10:00:00.000000+0200
07/07/2018,11,66.14,2018-07-07,2018-07-07T11:00:00.000000+0200
07/07/2018,12,72.6,2018-07-07,2018-07-07T12:00:00.000000+0200
07/07/2018,13,64.18,2018-07-07,2018-07-07T13:00:00.000000+0200
07/07/2018,14,52.56,2018-07-07,2018-07-07T14:00:00.000000+0200
07/07/2018,15,48.92,2018-07-07,2018-07-07T15:00:00.000000+0200
07/07/2018,16,45.7,2018-07-07,2018-07-07T16:00:00.000000+0200
07/07/2018,17,45.6,2018-07-07,2018-07-07T17:00:00.000000+0200
07/07/2018,18,46.45,2018-07-07,2018-07-07T18:00:00.000000+0200
07/07/2018,19,48.16,2018-07-07,2018-07-07T19:00:00.000000+0200
07/07/2018,20,52.56,2018-07-07,2018-07-07T20:00:00.000000+0200
07/07/2018,21,59.39,2018-07-07,2018-07-07T21:00:00.000000+0200
07/07/2018,22,58.01,2018-07-07,2018-07-07T22:00:00.000000+0200
07/07/2018,23,54.1,2018-07-07,2018-07-07T23:00:00.000000+0200
07/07/2018,24,50.2,2018-07-07,2018-07-08T00:00:00.000000+0200
08/07/2018,1,47.09,2018-07-08,2018-07-08T01:00:00.000000+0200
08/07/2018,2,47.18,2018-07-08,2018-07-08T02:00:00.000000+0200
08/07/2018,3,43.29,2018-07-08,2018-07-08T03:00:00.000000+0200
08/07/2018,4,44.67,2018-07-08,2018-07-08T04:00:00.000000+0200
08/07/2018,5,41.97,2018-07-08,2018-07-08T05:00:00.000000+0200
08/07/2018,6,39.51,2018-07-08,2018-07-08T06:00:00.000000+0200
08/07/2018,7,40.0,2018-07-08,2018-07-08T07:00:00.000000+0200
08/07/2018,8,40.0,2018-07-08,2018-07-08T08:00:00.000000+0200
08/07/2018,9,42.74,2018-07-08,2018-07-08T09:00:00.000000+0200
08/07/2018,10,49.09,2018-07-08,2018-07-08T10:00:00.000000+0200
08/07/2018,11,50.33,2018-07-08,2018-07-08T11:00:00.000000+0200
08/07/2018,12,61.67,2018-07-08,2018-07-08T12:00:00.000000+0200
08/07/2018,13,51.89,2018-07-08,2018-07-08T13:00:00.000000+0200
08/07/2018,14,48.61,2018-07-08,2018-07-08T14:00:00.000000+0200
08/07/2018,15,46.27,2018-07-08,2018-07-08T15:00:00.000000+0200
08/07/2018,16,46.18,2018-07-08,2018-07-08T16:00:00.000000+0200
08/07/2018,17,45.21,2018-07-08,2018-07-08T17:00:00.000000+0200
08/07/2018,18,48.5,2018-07-08,2018-07-08T18:00:00.000000+0200
08/07/2018,19,50.32,2018-07-08,2018-07-08T19:00:00.000000+0200
08/07/2018,20,61.67,2018-07-08,2018-07-08T20:00:00.000000+0200
08/07/2018,21,72.87,2018-07-08,2018-07-08T21:00:00.000000+0200
08/07/2018,22,72.87,2018-07-08,2018-07-08T22:00:00.000000+0200
08/07/2018,23,70.84,2018-07-08,2018-07-08T23:00:00.000000+0200
08/07/2018,24,54.83,2018-07-08,2018-07-09T00:00:00.000000+0200
09/07/2018,1,49.23,2018-07-09,2018-07-09T01:00:00.000000+0200
09/07/2018,2,49.67,2018-07-09,2018-07-09T02:00:00.000000+0200
09/07/2018,3,46.9,2018-07-09,2018-07-09T03:00:00.000000+0200
09/07/2018,4,47.27,2018-07-09,2018-07-09T04:00:00.000000+0200
09/07/2018,5,44.81,2018-07-09,2018-07-09T05:00:00.000000+0200
09/07/2018,6,43.29,2018-07-09,2018-07-09T06:00:00.000000+0200
09/07/2018,7,42.87,2018-07-09,2018-07-09T07:00:00.000000+0200
09/07/2018,8,43.02,2018-07-09,2018-07-09T08:00:00.000000+0200
09/07/2018,9,44.68,2018-07-09,2018-07-09T09:00:00.000000+0200
09/07/2018,10,50.83,2018-07-09,2018-07-09T10:00:00.000000+0200
09/07/2018,11,58.99,2018-07-09,2018-07-09T11:00:00.000000+0200
09/07/2018,12,71.55,2018-07-09,2018-07-09T12:00:00.000000+0200
09/07/2018,13,67.01,2018-07-09,2018-07-09T13:00:00.000000+0200
09/07/2018,14,51.45,2018-07-09,2018-07-09T14:00:00.000000+0200
09/07/2018,15,51.96,2018-07-09,2018-07-09T15:00:00.000000+0200
09/07/2018,16,49.29,2018-07-09,2018-07-09T16:00:00.000000+0200
09/07/2018,17,49.67,2018-07-09,2018-07-09T17:00:00.000000+0200
09/07/2018,18,50.58,2018-07-09,2018-07-09T18:00:00.000000+0200
09/07/2018,19,51.57,2018-07-09,2018-07-09T19:00:00.000000+0200
09/07/2018,20,58.01,2018-07-09,2018-07-09T20:00:00.000000+0200
09/07/2018,21,72.6,2018-07-09,2018-07-09T21:00:00.000000+0200
09/07/2018,22,71.24,2018-07-09,2018-07-09T22:00:00.000000+0200
09/07/2018,23,65.01,2018-07-09,2018-07-09T23:00:00.000000+0200
09/07/2018,24,51.23,2018-07-09,2018-07-10T00:00:00.000000+0200
10/07/2018,1,48.67,2018-07-10,2018-07-10T01:00:00.000000+0200
10/07/2018,2,46.88,2018-07-10,2018-07-10T02:00:00.000000+0200
10/07/2018,3,44.02,2018-07-10,2018-07-10T03:00:00.000000+0200
10/07/2018,4,46.25,2018-07-10,2018-07-10T04:00:00.000000+0200
10/07/2018,5,43.4,2018-07-10,2018-07-10T05:00:00.000000+0200
10/07/2018,6,42.64,2018-07-10,2018-07-10T06:00:00.000000+0200
10/07/2018,7,41.05,2018-07-10,2018-07-10T07:00:00.000000+0200
10/07/2018,8,42.24,2018-07-10,2018-07-10T08:00:00.000000+0200
10/07/2018,9,43.02,2018-07-10,2018-07-10T09:00:00.000000+0200
10/07/2018,10,47.31,2018-07-10,2018-07-10T10:00:00.000000+0200
10/07/2018,11,51.28,2018-07-10,2018-07-10T11:00:00.000000+0200
10/07/2018,12,57.11,2018-07-10,2018-07-10T12:00:00.000000+0200
10/07/2018,13,54.48,2018-07-10,2018-07-10T13:00:00.000000+0200
10/07/2018,14,54.98,2018-07-10,2018-07-10T14:00:00.000000+0200
10/07/2018,15,50.4,2018-07-10,2018-07-10T15:00:00.000000+0200
10/07/2018,16,50.31,2018-07-10,2018-07-10T16:00:00.000000+0200
10/07/2018,17,49.21,2018-07-10,2018-07-10T17:00:00.000000+0200
10/07/2018,18,48.97,2018-07-10,2018-07-10T18:00:00.000000+0200
10/07/2018,19,50.51,2018-07-10,2018-07-10T19:00:00.000000+0200
10/07/2018,20,53.87,2018-07-10,2018-07-10T20:00:00.000000+0200
10/07/2018,21,65.01,2018-07-10,2018-07-10T21:00:00.000000+0200
10/07/2018,22,64.19,2018-07-10,2018-07-10T22:00:00.000000+0200
10/07/2018,23,57.35,2018-07-10,2018-07-10T23:00:00.000000+0200
10/07/2018,24,50.51,2018-07-10,2018-07-11T00:00:00.000000+0200
11/07/2018,1,48.33,2018-07-11,2018-07-11T01:00:00.000000+0200
11/07/2018,2,46.93,2018-07-11,2018-07-11T02:00:00.000000+0200
11/07/2018,3,43.1,2018-07-11,2018-07-11T03:00:00.000000+0200
11/07/2018,4,46.97,2018-07-11,2018-07-11T04:00:00.000000+0200
11/07/2018,5,45.21,2018-07-11,2018-07-11T05:00:00.000000+0200
11/07/2018,6,42.34,2018-07-11,2018-07-11T06:00:00.000000+0200
11/07/2018,7,41.35,2018-07-11,2018-07-11T07:00:00.000000+0200
11/07/2018,8,41.35,2018-07-11,2018-07-11T08:00:00.000000+0200
11/07/2018,9,41.66,2018-07-11,2018-07-11T09:00:00.000000+0200
11/07/2018,10,46.01,2018-07-11,2018-07-11T10:00:00.000000+0200
11/07/2018,11,49.105,2018-07-11,2018-07-11T11:00:00.000000+0200
11/07/2018,12,49.111,2018-07-11,2018-07-11T12:00:00.000000+0200
11/07/2018,13,50.01,2018-07-11,2018-07-11T13:00:00.000000+0200
11/07/2018,14,49.8,2018-07-11,2018-07-11T14:00:00.000000+0200
11/07/2018,15,46.74,2018-07-11,2018-07-11T15:00:00.000000+0200
11/07/2018,16,43.94,2018-07-11,2018-07-11T16:00:00.000000+0200
11/07/2018,17,42.91,2018-07-11,2018-07-11T17:00:00.000000+0200
11/07/2018,18,43.47,2018-07-11,2018-07-11T18:00:00.000000+0200
11/07/2018,19,45.3,2018-07-11,2018-07-11T19:00:00.000000+0200
11/07/2018,20,47.31,2018-07-11,2018-07-11T20:00:00.000000+0200
11/07/2018,21,50.04,2018-07-11,2018-07-11T21:00:00.000000+0200
11/07/2018,22,51.68,2018-07-11,2018-07-11T22:00:00.000000+0200
11/07/2018,23,52.27,2018-07-11,2018-07-11T23:00:00.000000+0200
11/07/2018,24,50.05,2018-07-11,2018-07-12T00:00:00.000000+0200
12/07/2018,1,47.11,2018-07-12,2018-07-12T01:00:00.000000+0200
12/07/2018,2,44.81,2018-07-12,2018-07-12T02:00:00.000000+0200
12/07/2018,3,42.34,2018-07-12,2018-07-12T03:00:00.000000+0200
12/07/2018,4,46.05,2018-07-12,2018-07-12T04:00:00.000000+0200
12/07/2018,5,43.67,2018-07-12,2018-07-12T05:00:00.000000+0200
12/07/2018,6,42.07,2018-07-12,2018-07-12T06:00:00.000000+0200
12/07/2018,7,41.26,2018-07-12,2018-07-12T07:00:00.000000+0200
12/07/2018,8,38.7,2018-07-12,2018-07-12T08:00:00.000000+0200
12/07/2018,9,40.71,2018-07-12,2018-07-12T09:00:00.000000+0200
12/07/2018,10,42.32,2018-07-12,2018-07-12T10:00:00.000000+0200
12/07/2018,11,43.152,2018-07-12,2018-07-12T11:00:00.000000+0200
12/07/2018,12,43.205,2018-07-12,2018-07-12T12:00:00.000000+0200
12/07/2018,13,45.38,2018-07-12,2018-07-12T13:00:00.000000+0200
12/07/2018,14,45.36,2018-07-12,2018-07-12T14:00:00.000000+0200
12/07/2018,15,44.62,2018-07-12,2018-07-12T15:00:00.000000+0200
12/07/2018,16,43.47,2018-07-12,2018-07-12T16:00:00.000000+0200
12/07/2018,17,42.132,2018-07-12,2018-07-12T17:00:00.000000+0200
12/07/2018,18,42.167,2018-07-12,2018-07-12T18:00:00.000000+0200
12/07/2018,19,43.56,2018-07-12,2018-07-12T19:00:00.000000+0200
12/07/2018,20,46.65,2018-07-12,2018-07-12T20:00:00.000000+0200
12/07/2018,21,47.79,2018-07-12,2018-07-12T21:00:00.000000+0200
12/07/2018,22,53.15,2018-07-12,2018-07-12T22:00:00.000000+0200
12/07/2018,23,57.07,2018-07-12,2018-07-12T23:00:00.000000+0200
12/07/2018,24,51.71,2018-07-12,2018-07-13T00:00:00.000000+0200
13/07/2018,1,49.94,2018-07-13,2018-07-13T01:00:00.000000+0200
13/07/2018,2,47.46,2018-07-13,2018-07-13T02:00:00.000000+0200
13/07/2018,3,43.47,2018-07-13,2018-07-13T03:00:00.000000+0200
13/07/2018,4,40.41,2018-07-13,2018-07-13T04:00:00.000000+0200
13/07/2018,5,37.4,2018-07-13,2018-07-13T05:00:00.000000+0200
13/07/2018,6,36.61,2018-07-13,2018-07-13T06:00:00.000000+0200
13/07/2018,7,35.01,2018-07-13,2018-07-13T07:00:00.000000+0200
13/07/2018,8,36.61,2018-07-13,2018-07-13T08:00:00.000000+0200
13/07/2018,9,41.3,2018-07-13,2018-07-13T09:00:00.000000+0200
13/07/2018,10,49.7,2018-07-13,2018-07-13T10:00:00.000000+0200
13/07/2018,11,55.75,2018-07-13,2018-07-13T11:00:00.000000+0200
13/07/2018,12,56.56,2018-07-13,2018-07-13T12:00:00.000000+0200
13/07/2018,13,55.01,2018-07-13,2018-07-13T13:00:00.000000+0200
13/07/2018,14,51.61,2018-07-13,2018-07-13T14:00:00.000000+0200
13/07/2018,15,49.72,2018-07-13,2018-07-13T15:00:00.000000+0200
13/07/2018,16,47.47,2018-07-13,2018-07-13T16:00:00.000000+0200
13/07/2018,17,48.01,2018-07-13,2018-07-13T17:00:00.000000+0200
13/07/2018,18,49.25,2018-07-13,2018-07-13T18:00:00.000000+0200
13/07/2018,19,51.81,2018-07-13,2018-07-13T19:00:00.000000+0200
13/07/2018,20,55.79,2018-07-13,2018-07-13T20:00:00.000000+0200
13/07/2018,21,60.15,2018-07-13,2018-07-13T21:00:00.000000+0200
13/07/2018,22,62.71,2018-07-13,2018-07-13T22:00:00.000000+0200
13/07/2018,23,55.8,2018-07-13,2018-07-13T23:00:00.000000+0200
13/07/2018,24,52.19,2018-07-13,2018-07-14T00:00:00.000000+0200
14/07/2018,1,49.24,2018-07-14,2018-07-14T01:00:00.000000+0200
14/07/2018,2,49.48,2018-07-14,2018-07-14T02:00:00.000000+0200
14/07/2018,3,45.51,2018-07-14,2018-07-14T03:00:00.000000+0200
14/07/2018,4,43.44,2018-07-14,2018-07-14T04:00:00.000000+0200
14/07/2018,5,40.07,2018-07-14,2018-07-14T05:00:00.000000+0200
14/07/2018,6,37.71,2018-07-14,2018-07-14T06:00:00.000000+0200
14/07/2018,7,36.07,2018-07-14,2018-07-14T07:00:00.000000+0200
14/07/2018,8,36.07,2018-07-14,2018-07-14T08:00:00.000000+0200
14/07/2018,9,39.31,2018-07-14,2018-07-14T09:00:00.000000+0200
14/07/2018,10,45.97,2018-07-14,2018-07-14T10:00:00.000000+0200
14/07/2018,11,49.01,2018-07-14,2018-07-14T11:00:00.000000+0200
14/07/2018,12,51.99,2018-07-14,2018-07-14T12:00:00.000000+0200
14/07/2018,13,52.71,2018-07-14,2018-07-14T13:00:00.000000+0200
14/07/2018,14,49.51,2018-07-14,2018-07-14T14:00:00.000000+0200
14/07/2018,15,48.8,2018-07-14,2018-07-14T15:00:00.000000+0200
14/07/2018,16,46.93,2018-07-14,2018-07-14T16:00:00.000000+0200
14/07/2018,17,46.111,2018-07-14,2018-07-14T17:00:00.000000+0200
14/07/2018,18,48.154,2018-07-14,2018-07-14T18:00:00.000000+0200
14/07/2018,19,48.218,2018-07-14,2018-07-14T19:00:00.000000+0200
14/07/2018,20,52.89,2018-07-14,2018-07-14T20:00:00.000000+0200
14/07/2018,21,55.63,2018-07-14,2018-07-14T21:00:00.000000+0200
14/07/2018,22,57.98,2018-07-14,2018-07-14T22:00:00.000000+0200
14/07/2018,23,53.79,2018-07-14,2018-07-14T23:00:00.000000+0200
14/07/2018,24,48.81,2018-07-14,2018-07-15T00:00:00.000000+0200
15/07/2018,1,46.76,2018-07-15,2018-07-15T01:00:00.000000+0200
15/07/2018,2,45.01,2018-07-15,2018-07-15T02:00:00.000000+0200
15/07/2018,3,44.01,2018-07-15,2018-07-15T03:00:00.000000+0200
15/07/2018,4,45.16,2018-07-15,2018-07-15T04:00:00.000000+0200
15/07/2018,5,42.91,2018-07-15,2018-07-15T05:00:00.000000+0200
15/07/2018,6,43.94,2018-07-15,2018-07-15T06:00:00.000000+0200
15/07/2018,7,43.94,2018-07-15,2018-07-15T07:00:00.000000+0200
15/07/2018,8,45.105,2018-07-15,2018-07-15T08:00:00.000000+0200
15/07/2018,9,45.15,2018-07-15,2018-07-15T09:00:00.000000+0200
15/07/2018,10,48.54,2018-07-15,2018-07-15T10:00:00.000000+0200
15/07/2018,11,55.4,2018-07-15,2018-07-15T11:00:00.000000+0200
15/07/2018,12,60.86,2018-07-15,2018-07-15T12:00:00.000000+0200
15/07/2018,13,60.86,2018-07-15,2018-07-15T13:00:00.000000+0200
15/07/2018,14,54.7,2018-07-15,2018-07-15T14:00:00.000000+0200
15/07/2018,15,50.89,2018-07-15,2018-07-15T15:00:00.000000+0200
15/07/2018,16,48.0,2018-07-15,2018-07-15T16:00:00.000000+0200
15/07/2018,17,48.0,2018-07-15,2018-07-15T17:00:00.000000+0200
15/07/2018,18,48.95,2018-07-15,2018-07-15T18:00:00.000000+0200
15/07/2018,19,49.29,2018-07-15,2018-07-15T19:00:00.000000+0200
15/07/2018,20,57.01,2018-07-15,2018-07-15T20:00:00.000000+0200
15/07/2018,21,61.57,2018-07-15,2018-07-15T21:00:00.000000+0200
15/07/2018,22,60.01,2018-07-15,2018-07-15T22:00:00.000000+0200
15/07/2018,23,54.01,2018-07-15,2018-07-15T23:00:00.000000+0200
15/07/2018,24,49.51,2018-07-15,2018-07-16T00:00:00.000000+0200
16/07/2018,1,47.81,2018-07-16,2018-07-16T01:00:00.000000+0200
16/07/2018,2,45.46,2018-07-16,2018-07-16T02:00:00.000000+0200
16/07/2018,3,43.78,2018-07-16,2018-07-16T03:00:00.000000+0200
16/07/2018,4,43.161,2018-07-16,2018-07-16T04:00:00.000000+0200
16/07/2018,5,39.86,2018-07-16,2018-07-16T05:00:00.000000+0200
16/07/2018,6,37.33,2018-07-16,2018-07-16T06:00:00.000000+0200
16/07/2018,7,37.5,2018-07-16,2018-07-16T07:00:00.000000+0200
16/07/2018,8,37.9,2018-07-16,2018-07-16T08:00:00.000000+0200
16/07/2018,9,40.17,2018-07-16,2018-07-16T09:00:00.000000+0200
16/07/2018,10,46.46,2018-07-16,2018-07-16T10:00:00.000000+0200
16/07/2018,11,51.01,2018-07-16,2018-07-16T11:00:00.000000+0200
16/07/2018,12,52.24,2018-07-16,2018-07-16T12:00:00.000000+0200
16/07/2018,13,50.117,2018-07-16,2018-07-16T13:00:00.000000+0200
16/07/2018,14,50.173,2018-07-16,2018-07-16T14:00:00.000000+0200
16/07/2018,15,49.71,2018-07-16,2018-07-16T15:00:00.000000+0200
16/07/2018,16,47.19,2018-07-16,2018-07-16T16:00:00.000000+0200
16/07/2018,17,43.1,2018-07-16,2018-07-16T17:00:00.000000+0200
16/07/2018,18,49.84,2018-07-16,2018-07-16T18:00:00.000000+0200
16/07/2018,19,49.97,2018-07-16,2018-07-16T19:00:00.000000+0200
16/07/2018,20,50.24,2018-07-16,2018-07-16T20:00:00.000000+0200
16/07/2018,21,52.95,2018-07-16,2018-07-16T21:00:00.000000+0200
16/07/2018,22,53.9,2018-07-16,2018-07-16T22:00:00.000000+0200
16/07/2018,23,52.47,2018-07-16,2018-07-16T23:00:00.000000+0200
16/07/2018,24,49.12,2018-07-16,2018-07-17T00:00:00.000000+0200
17/07/2018,1,47.06,2018-07-17,2018-07-17T01:00:00.000000+0200
17/07/2018,2,44.78,2018-07-17,2018-07-17T02:00:00.000000+0200
17/07/2018,3,43.06,2018-07-17,2018-07-17T03:00:00.000000+0200
17/07/2018,4,41.05,2018-07-17,2018-07-17T04:00:00.000000+0200
17/07/2018,5,38.9,2018-07-17,2018-07-17T05:00:00.000000+0200
17/07/2018,6,37.61,2018-07-17,2018-07-17T06:00:00.000000+0200
17/07/2018,7,33.36,2018-07-17,2018-07-17T07:00:00.000000+0200
17/07/2018,8,37.61,2018-07-17,2018-07-17T08:00:00.000000+0200
17/07/2018,9,40.5,2018-07-17,2018-07-17T09:00:00.000000+0200
17/07/2018,10,44.65,2018-07-17,2018-07-17T10:00:00.000000+0200
17/07/2018,11,53.01,2018-07-17,2018-07-17T11:00:00.000000+0200
17/07/2018,12,56.62,2018-07-17,2018-07-17T12:00:00.000000+0200
17/07/2018,13,58.45,2018-07-17,2018-07-17T13:00:00.000000+0200
17/07/2018,14,58.23,2018-07-17,2018-07-17T14:00:00.000000+0200
17/07/2018,15,58.23,2018-07-17,2018-07-17T15:00:00.000000+0200
17/07/2018,16,52.41,2018-07-17,2018-07-17T16:00:00.000000+0200
17/07/2018,17,51.77,2018-07-17,2018-07-17T17:00:00.000000+0200
17/07/2018,18,54.01,2018-07-17,2018-07-17T18:00:00.000000+0200
17/07/2018,19,53.16,2018-07-17,2018-07-17T19:00:00.000000+0200
17/07/2018,20,52.79,2018-07-17,2018-07-17T20:00:00.000000+0200
17/07/2018,21,55.57,2018-07-17,2018-07-17T21:00:00.000000+0200
17/07/2018,22,56.7,2018-07-17,2018-07-17T22:00:00.000000+0200
17/07/2018,23,55.57,2018-07-17,2018-07-17T23:00:00.000000+0200
17/07/2018,24,51.26,2018-07-17,2018-07-18T00:00:00.000000+0200
18/07/2018,1,46.37,2018-07-18,2018-07-18T01:00:00.000000+0200
18/07/2018,2,44.48,2018-07-18,2018-07-18T02:00:00.000000+0200
18/07/2018,3,42.96,2018-07-18,2018-07-18T03:00:00.000000+0200
18/07/2018,4,42.122,2018-07-18,2018-07-18T04:00:00.000000+0200
18/07/2018,5,40.55,2018-07-18,2018-07-18T05:00:00.000000+0200
18/07/2018,6,36.55,2018-07-18,2018-07-18T06:00:00.000000+0200
18/07/2018,7,35.03,2018-07-18,2018-07-18T07:00:00.000000+0200
18/07/2018,8,33.74,2018-07-18,2018-07-18T08:00:00.000000+0200
18/07/2018,9,34.32,2018-07-18,2018-07-18T09:00:00.000000+0200
18/07/2018,10,42.02,2018-07-18,2018-07-18T10:00:00.000000+0200
18/07/2018,11,47.47,2018-07-18,2018-07-18T11:00:00.000000+0200
18/07/2018,12,48.91,2018-07-18,2018-07-18T12:00:00.000000+0200
18/07/2018,13,49.84,2018-07-18,2018-07-18T13:00:00.000000+0200
18/07/2018,14,49.85,2018-07-18,2018-07-18T14:00:00.000000+0200
18/07/2018,15,48.51,2018-07-18,2018-07-18T15:00:00.000000+0200
18/07/2018,16,46.32,2018-07-18,2018-07-18T16:00:00.000000+0200
18/07/2018,17,43.52,2018-07-18,2018-07-18T17:00:00.000000+0200
18/07/2018,18,43.114,2018-07-18,2018-07-18T18:00:00.000000+0200
18/07/2018,19,44.11,2018-07-18,2018-07-18T19:00:00.000000+0200
18/07/2018,20,46.95,2018-07-18,2018-07-18T20:00:00.000000+0200
18/07/2018,21,49.34,2018-07-18,2018-07-18T21:00:00.000000+0200
18/07/2018,22,50.55,2018-07-18,2018-07-18T22:00:00.000000+0200
18/07/2018,23,52.07,2018-07-18,2018-07-18T23:00:00.000000+0200
18/07/2018,24,49.01,2018-07-18,2018-07-19T00:00:00.000000+0200
19/07/2018,1,46.36,2018-07-19,2018-07-19T01:00:00.000000+0200
19/07/2018,2,43.76,2018-07-19,2018-07-19T02:00:00.000000+0200
19/07/2018,3,41.5,2018-07-19,2018-07-19T03:00:00.000000+0200
19/07/2018,4,41.55,2018-07-19,2018-07-19T04:00:00.000000+0200
19/07/2018,5,37.11,2018-07-19,2018-07-19T05:00:00.000000+0200
19/07/2018,6,35.1,2018-07-19,2018-07-19T06:00:00.000000+0200
19/07/2018,7,31.87,2018-07-19,2018-07-19T07:00:00.000000+0200
19/07/2018,8,31.81,2018-07-19,2018-07-19T08:00:00.000000+0200
19/07/2018,9,31.81,2018-07-19,2018-07-19T09:00:00.000000+0200
19/07/2018,10,34.53,2018-07-19,2018-07-19T10:00:00.000000+0200
19/07/2018,11,38.58,2018-07-19,2018-07-19T11:00:00.000000+0200
19/07/2018,12,41.01,2018-07-19,2018-07-19T12:00:00.000000+0200
19/07/2018,13,43.31,2018-07-19,2018-07-19T13:00:00.000000+0200
19/07/2018,14,43.9,2018-07-19,2018-07-19T14:00:00.000000+0200
19/07/2018,15,43.84,2018-07-19,2018-07-19T15:00:00.000000+0200
19/07/2018,16,43.46,2018-07-19,2018-07-19T16:00:00.000000+0200
19/07/2018,17,42.34,2018-07-19,2018-07-19T17:00:00.000000+0200
19/07/2018,18,43.47,2018-07-19,2018-07-19T18:00:00.000000+0200
19/07/2018,19,45.84,2018-07-19,2018-07-19T19:00:00.000000+0200
19/07/2018,20,50.24,2018-07-19,2018-07-19T20:00:00.000000+0200
19/07/2018,21,55.32,2018-07-19,2018-07-19T21:00:00.000000+0200
19/07/2018,22,56.77,2018-07-19,2018-07-19T22:00:00.000000+0200
19/07/2018,23,63.01,2018-07-19,2018-07-19T23:00:00.000000+0200
19/07/2018,24,56.77,2018-07-19,2018-07-20T00:00:00.000000+0200
20/07/2018,1,55.32,2018-07-20,2018-07-20T01:00:00.000000+0200
20/07/2018,2,49.61,2018-07-20,2018-07-20T02:00:00.000000+0200
20/07/2018,3,45.01,2018-07-20,2018-07-20T03:00:00.000000+0200
20/07/2018,4,42.95,2018-07-20,2018-07-20T04:00:00.000000+0200
20/07/2018,5,40.89,2018-07-20,2018-07-20T05:00:00.000000+0200
20/07/2018,6,37.99,2018-07-20,2018-07-20T06:00:00.000000+0200
20/07/2018,7,38.95,2018-07-20,2018-07-20T07:00:00.000000+0200
20/07/2018,8,39.78,2018-07-20,2018-07-20T08:00:00.000000+0200
20/07/2018,9,42.44,2018-07-20,2018-07-20T09:00:00.000000+0200
20/07/2018,10,49.01,2018-07-20,2018-07-20T10:00:00.000000+0200
20/07/2018,11,54.47,2018-07-20,2018-07-20T11:00:00.000000+0200
20/07/2018,12,58.07,2018-07-20,2018-07-20T12:00:00.000000+0200
20/07/2018,13,57.13,2018-07-20,2018-07-20T13:00:00.000000+0200
20/07/2018,14,54.05,2018-07-20,2018-07-20T14:00:00.000000+0200
20/07/2018,15,51.1,2018-07-20,2018-07-20T15:00:00.000000+0200
20/07/2018,16,50.82,2018-07-20,2018-07-20T16:00:00.000000+0200
20/07/2018,17,50.101,2018-07-20,2018-07-20T17:00:00.000000+0200
20/07/2018,18,51.132,2018-07-20,2018-07-20T18:00:00.000000+0200
20/07/2018,19,51.168,2018-07-20,2018-07-20T19:00:00.000000+0200
20/07/2018,20,53.99,2018-07-20,2018-07-20T20:00:00.000000+0200
20/07/2018,21,56.94,2018-07-20,2018-07-20T21:00:00.000000+0200
20/07/2018,22,58.1,2018-07-20,2018-07-20T22:00:00.000000+0200
20/07/2018,23,55.42,2018-07-20,2018-07-20T23:00:00.000000+0200
20/07/2018,24,51.1,2018-07-20,2018-07-21T00:00:00.000000+0200
21/07/2018,1,49.0,2018-07-21,2018-07-21T01:00:00.000000+0200
21/07/2018,2,49.0,2018-07-21,2018-07-21T02:00:00.000000+0200
21/07/2018,3,44.61,2018-07-21,2018-07-21T03:00:00.000000+0200
21/07/2018,4,46.01,2018-07-21,2018-07-21T04:00:00.000000+0200
21/07/2018,5,43.31,2018-07-21,2018-07-21T05:00:00.000000+0200
21/07/2018,6,42.98,2018-07-21,2018-07-21T06:00:00.000000+0200
21/07/2018,7,42.91,2018-07-21,2018-07-21T07:00:00.000000+0200
21/07/2018,8,42.52,2018-07-21,2018-07-21T08:00:00.000000+0200
21/07/2018,9,45.51,2018-07-21,2018-07-21T09:00:00.000000+0200
21/07/2018,10,49.51,2018-07-21,2018-07-21T10:00:00.000000+0200
21/07/2018,11,56.78,2018-07-21,2018-07-21T11:00:00.000000+0200
21/07/2018,12,62.33,2018-07-21,2018-07-21T12:00:00.000000+0200
21/07/2018,13,62.75,2018-07-21,2018-07-21T13:00:00.000000+0200
21/07/2018,14,60.08,2018-07-21,2018-07-21T14:00:00.000000+0200
21/07/2018,15,58.4,2018-07-21,2018-07-21T15:00:00.000000+0200
21/07/2018,16,55.07,2018-07-21,2018-07-21T16:00:00.000000+0200
21/07/2018,17,54.06,2018-07-21,2018-07-21T17:00:00.000000+0200
21/07/2018,18,54.14,2018-07-21,2018-07-21T18:00:00.000000+0200
21/07/2018,19,52.21,2018-07-21,2018-07-21T19:00:00.000000+0200
21/07/2018,20,55.96,2018-07-21,2018-07-21T20:00:00.000000+0200
21/07/2018,21,60.22,2018-07-21,2018-07-21T21:00:00.000000+0200
21/07/2018,22,65.51,2018-07-21,2018-07-21T22:00:00.000000+0200
21/07/2018,23,62.37,2018-07-21,2018-07-21T23:00:00.000000+0200
21/07/2018,24,56.78,2018-07-21,2018-07-22T00:00:00.000000+0200
22/07/2018,1,48.71,2018-07-22,2018-07-22T01:00:00.000000+0200
22/07/2018,2,48.152,2018-07-22,2018-07-22T02:00:00.000000+0200
22/07/2018,3,44.71,2018-07-22,2018-07-22T03:00:00.000000+0200
22/07/2018,4,43.31,2018-07-22,2018-07-22T04:00:00.000000+0200
22/07/2018,5,39.63,2018-07-22,2018-07-22T05:00:00.000000+0200
22/07/2018,6,39.46,2018-07-22,2018-07-22T06:00:00.000000+0200
22/07/2018,7,41.14,2018-07-22,2018-07-22T07:00:00.000000+0200
22/07/2018,8,41.8,2018-07-22,2018-07-22T08:00:00.000000+0200
22/07/2018,9,42.79,2018-07-22,2018-07-22T09:00:00.000000+0200
22/07/2018,10,49.36,2018-07-22,2018-07-22T10:00:00.000000+0200
22/07/2018,11,59.07,2018-07-22,2018-07-22T11:00:00.000000+0200
22/07/2018,12,61.56,2018-07-22,2018-07-22T12:00:00.000000+0200
22/07/2018,13,61.46,2018-07-22,2018-07-22T13:00:00.000000+0200
22/07/2018,14,58.3,2018-07-22,2018-07-22T14:00:00.000000+0200
22/07/2018,15,56.39,2018-07-22,2018-07-22T15:00:00.000000+0200
22/07/2018,16,52.46,2018-07-22,2018-07-22T16:00:00.000000+0200
22/07/2018,17,52.22,2018-07-22,2018-07-22T17:00:00.000000+0200
22/07/2018,18,52.42,2018-07-22,2018-07-22T18:00:00.000000+0200
22/07/2018,19,53.01,2018-07-22,2018-07-22T19:00:00.000000+0200
22/07/2018,20,56.95,2018-07-22,2018-07-22T20:00:00.000000+0200
22/07/2018,21,60.2,2018-07-22,2018-07-22T21:00:00.000000+0200
22/07/2018,22,65.111,2018-07-22,2018-07-22T22:00:00.000000+0200
22/07/2018,23,65.16,2018-07-22,2018-07-22T23:00:00.000000+0200
22/07/2018,24,53.01,2018-07-22,2018-07-23T00:00:00.000000+0200
23/07/2018,1,49.59,2018-07-23,2018-07-23T01:00:00.000000+0200
23/07/2018,2,48.04,2018-07-23,2018-07-23T02:00:00.000000+0200
23/07/2018,3,45.75,2018-07-23,2018-07-23T03:00:00.000000+0200
23/07/2018,4,46.17,2018-07-23,2018-07-23T04:00:00.000000+0200
23/07/2018,5,43.67,2018-07-23,2018-07-23T05:00:00.000000+0200
23/07/2018,6,42.01,2018-07-23,2018-07-23T06:00:00.000000+0200
23/07/2018,7,43.21,2018-07-23,2018-07-23T07:00:00.000000+0200
23/07/2018,8,42.25,2018-07-23,2018-07-23T08:00:00.000000+0200
23/07/2018,9,45.03,2018-07-23,2018-07-23T09:00:00.000000+0200
23/07/2018,10,49.06,2018-07-23,2018-07-23T10:00:00.000000+0200
23/07/2018,11,62.35,2018-07-23,2018-07-23T11:00:00.000000+0200
23/07/2018,12,67.66,2018-07-23,2018-07-23T12:00:00.000000+0200
23/07/2018,13,67.45,2018-07-23,2018-07-23T13:00:00.000000+0200
23/07/2018,14,67.18,2018-07-23,2018-07-23T14:00:00.000000+0200
23/07/2018,15,59.8,2018-07-23,2018-07-23T15:00:00.000000+0200
23/07/2018,16,47.8,2018-07-23,2018-07-23T16:00:00.000000+0200
23/07/2018,17,51.79,2018-07-23,2018-07-23T17:00:00.000000+0200
23/07/2018,18,51.11,2018-07-23,2018-07-23T18:00:00.000000+0200
23/07/2018,19,53.01,2018-07-23,2018-07-23T19:00:00.000000+0200
23/07/2018,20,56.49,2018-07-23,2018-07-23T20:00:00.000000+0200
23/07/2018,21,64.37,2018-07-23,2018-07-23T21:00:00.000000+0200
23/07/2018,22,71.11,2018-07-23,2018-07-23T22:00:00.000000+0200
23/07/2018,23,71.26,2018-07-23,2018-07-23T23:00:00.000000+0200
23/07/2018,24,58.83,2018-07-23,2018-07-24T00:00:00.000000+0200
24/07/2018,1,51.44,2018-07-24,2018-07-24T01:00:00.000000+0200
24/07/2018,2,51.101,2018-07-24,2018-07-24T02:00:00.000000+0200
24/07/2018,3,47.11,2018-07-24,2018-07-24T03:00:00.000000+0200
24/07/2018,4,47.1,2018-07-24,2018-07-24T04:00:00.000000+0200
24/07/2018,5,46.11,2018-07-24,2018-07-24T05:00:00.000000+0200
24/07/2018,6,45.37,2018-07-24,2018-07-24T06:00:00.000000+0200
24/07/2018,7,44.64,2018-07-24,2018-07-24T07:00:00.000000+0200
24/07/2018,8,45.78,2018-07-24,2018-07-24T08:00:00.000000+0200
24/07/2018,9,45.116,2018-07-24,2018-07-24T09:00:00.000000+0200
24/07/2018,10,50.67,2018-07-24,2018-07-24T10:00:00.000000+0200
24/07/2018,11,52.56,2018-07-24,2018-07-24T11:00:00.000000+0200
24/07/2018,12,53.34,2018-07-24,2018-07-24T12:00:00.000000+0200
24/07/2018,13,53.74,2018-07-24,2018-07-24T13:00:00.000000+0200
24/07/2018,14,52.97,2018-07-24,2018-07-24T14:00:00.000000+0200
24/07/2018,15,49.1,2018-07-24,2018-07-24T15:00:00.000000+0200
24/07/2018,16,48.8,2018-07-24,2018-07-24T16:00:00.000000+0200
24/07/2018,17,47.8,2018-07-24,2018-07-24T17:00:00.000000+0200
24/07/2018,18,48.59,2018-07-24,2018-07-24T18:00:00.000000+0200
24/07/2018,19,49.1,2018-07-24,2018-07-24T19:00:00.000000+0200
24/07/2018,20,52.13,2018-07-24,2018-07-24T20:00:00.000000+0200
24/07/2018,21,52.181,2018-07-24,2018-07-24T21:00:00.000000+0200
24/07/2018,22,55.139,2018-07-24,2018-07-24T22:00:00.000000+0200
24/07/2018,23,55.181,2018-07-24,2018-07-24T23:00:00.000000+0200
24/07/2018,24,52.04,2018-07-24,2018-07-25T00:00:00.000000+0200
25/07/2018,1,49.23,2018-07-25,2018-07-25T01:00:00.000000+0200
25/07/2018,2,48.22,2018-07-25,2018-07-25T02:00:00.000000+0200
25/07/2018,3,46.21,2018-07-25,2018-07-25T03:00:00.000000+0200
25/07/2018,4,47.59,2018-07-25,2018-07-25T04:00:00.000000+0200
25/07/2018,5,45.55,2018-07-25,2018-07-25T05:00:00.000000+0200
25/07/2018,6,42.14,2018-07-25,2018-07-25T06:00:00.000000+0200
25/07/2018,7,43.56,2018-07-25,2018-07-25T07:00:00.000000+0200
25/07/2018,8,43.56,2018-07-25,2018-07-25T08:00:00.000000+0200
25/07/2018,9,42.17,2018-07-25,2018-07-25T09:00:00.000000+0200
25/07/2018,10,44.03,2018-07-25,2018-07-25T10:00:00.000000+0200
25/07/2018,11,48.01,2018-07-25,2018-07-25T11:00:00.000000+0200
25/07/2018,12,49.43,2018-07-25,2018-07-25T12:00:00.000000+0200
25/07/2018,13,49.9,2018-07-25,2018-07-25T13:00:00.000000+0200
25/07/2018,14,49.29,2018-07-25,2018-07-25T14:00:00.000000+0200
25/07/2018,15,48.01,2018-07-25,2018-07-25T15:00:00.000000+0200
25/07/2018,16,45.93,2018-07-25,2018-07-25T16:00:00.000000+0200
25/07/2018,17,42.48,2018-07-25,2018-07-25T17:00:00.000000+0200
25/07/2018,18,40.57,2018-07-25,2018-07-25T18:00:00.000000+0200
25/07/2018,19,41.5,2018-07-25,2018-07-25T19:00:00.000000+0200
25/07/2018,20,44.29,2018-07-25,2018-07-25T20:00:00.000000+0200
25/07/2018,21,49.72,2018-07-25,2018-07-25T21:00:00.000000+0200
25/07/2018,22,73.95,2018-07-25,2018-07-25T22:00:00.000000+0200
25/07/2018,23,73.95,2018-07-25,2018-07-25T23:00:00.000000+0200
25/07/2018,24,57.04,2018-07-25,2018-07-26T00:00:00.000000+0200
26/07/2018,1,48.51,2018-07-26,2018-07-26T01:00:00.000000+0200
26/07/2018,2,43.01,2018-07-26,2018-07-26T02:00:00.000000+0200
26/07/2018,3,42.03,2018-07-26,2018-07-26T03:00:00.000000+0200
26/07/2018,4,39.96,2018-07-26,2018-07-26T04:00:00.000000+0200
26/07/2018,5,35.31,2018-07-26,2018-07-26T05:00:00.000000+0200
26/07/2018,6,30.14,2018-07-26,2018-07-26T06:00:00.000000+0200
26/07/2018,7,29.17,2018-07-26,2018-07-26T07:00:00.000000+0200
26/07/2018,8,28.47,2018-07-26,2018-07-26T08:00:00.000000+0200
26/07/2018,9,29.17,2018-07-26,2018-07-26T09:00:00.000000+0200
26/07/2018,10,32.01,2018-07-26,2018-07-26T10:00:00.000000+0200
26/07/2018,11,35.69,2018-07-26,2018-07-26T11:00:00.000000+0200
26/07/2018,12,41.06,2018-07-26,2018-07-26T12:00:00.000000+0200
26/07/2018,13,41.58,2018-07-26,2018-07-26T13:00:00.000000+0200
26/07/2018,14,41.06,2018-07-26,2018-07-26T14:00:00.000000+0200
26/07/2018,15,40.43,2018-07-26,2018-07-26T15:00:00.000000+0200
26/07/2018,16,40.86,2018-07-26,2018-07-26T16:00:00.000000+0200
26/07/2018,17,34.93,2018-07-26,2018-07-26T17:00:00.000000+0200
26/07/2018,18,34.109,2018-07-26,2018-07-26T18:00:00.000000+0200
26/07/2018,19,40.11,2018-07-26,2018-07-26T19:00:00.000000+0200
26/07/2018,20,44.53,2018-07-26,2018-07-26T20:00:00.000000+0200
26/07/2018,21,47.51,2018-07-26,2018-07-26T21:00:00.000000+0200
26/07/2018,22,50.84,2018-07-26,2018-07-26T22:00:00.000000+0200
26/07/2018,23,52.01,2018-07-26,2018-07-26T23:00:00.000000+0200
26/07/2018,24,50.01,2018-07-26,2018-07-27T00:00:00.000000+0200
27/07/2018,1,49.06,2018-07-27,2018-07-27T01:00:00.000000+0200
27/07/2018,2,47.51,2018-07-27,2018-07-27T02:00:00.000000+0200
27/07/2018,3,43.81,2018-07-27,2018-07-27T03:00:00.000000+0200
27/07/2018,4,42.36,2018-07-27,2018-07-27T04:00:00.000000+0200
27/07/2018,5,40.6,2018-07-27,2018-07-27T05:00:00.000000+0200
27/07/2018,6,40.2,2018-07-27,2018-07-27T06:00:00.000000+0200
27/07/2018,7,37.31,2018-07-27,2018-07-27T07:00:00.000000+0200
27/07/2018,8,38.3,2018-07-27,2018-07-27T08:00:00.000000+0200
27/07/2018,9,41.71,2018-07-27,2018-07-27T09:00:00.000000+0200
27/07/2018,10,47.58,2018-07-27,2018-07-27T10:00:00.000000+0200
27/07/2018,11,52.71,2018-07-27,2018-07-27T11:00:00.000000+0200
27/07/2018,12,60.01,2018-07-27,2018-07-27T12:00:00.000000+0200
27/07/2018,13,58.87,2018-07-27,2018-07-27T13:00:00.000000+0200
27/07/2018,14,54.79,2018-07-27,2018-07-27T14:00:00.000000+0200
27/07/2018,15,54.49,2018-07-27,2018-07-27T15:00:00.000000+0200
27/07/2018,16,54.04,2018-07-27,2018-07-27T16:00:00.000000+0200
27/07/2018,17,50.96,2018-07-27,2018-07-27T17:00:00.000000+0200
27/07/2018,18,53.18,2018-07-27,2018-07-27T18:00:00.000000+0200
27/07/2018,19,53.18,2018-07-27,2018-07-27T19:00:00.000000+0200
27/07/2018,20,53.18,2018-07-27,2018-07-27T20:00:00.000000+0200
27/07/2018,21,54.5,2018-07-27,2018-07-27T21:00:00.000000+0200
27/07/2018,22,61.45,2018-07-27,2018-07-27T22:00:00.000000+0200
27/07/2018,23,64.01,2018-07-27,2018-07-27T23:00:00.000000+0200
27/07/2018,24,54.5,2018-07-27,2018-07-28T00:00:00.000000+0200
28/07/2018,1,48.16,2018-07-28,2018-07-28T01:00:00.000000+0200
28/07/2018,2,49.3,2018-07-28,2018-07-28T02:00:00.000000+0200
28/07/2018,3,45.3,2018-07-28,2018-07-28T03:00:00.000000+0200
28/07/2018,4,45.29,2018-07-28,2018-07-28T04:00:00.000000+0200
28/07/2018,5,44.07,2018-07-28,2018-07-28T05:00:00.000000+0200
28/07/2018,6,43.92,2018-07-28,2018-07-28T06:00:00.000000+0200
28/07/2018,7,44.46,2018-07-28,2018-07-28T07:00:00.000000+0200
28/07/2018,8,44.31,2018-07-28,2018-07-28T08:00:00.000000+0200
28/07/2018,9,44.46,2018-07-28,2018-07-28T09:00:00.000000+0200
28/07/2018,10,54.5,2018-07-28,2018-07-28T10:00:00.000000+0200
28/07/2018,11,56.01,2018-07-28,2018-07-28T11:00:00.000000+0200
28/07/2018,12,74.28,2018-07-28,2018-07-28T12:00:00.000000+0200
28/07/2018,13,63.01,2018-07-28,2018-07-28T13:00:00.000000+0200
28/07/2018,14,53.1,2018-07-28,2018-07-28T14:00:00.000000+0200
28/07/2018,15,52.01,2018-07-28,2018-07-28T15:00:00.000000+0200
28/07/2018,16,48.79,2018-07-28,2018-07-28T16:00:00.000000+0200
28/07/2018,17,48.79,2018-07-28,2018-07-28T17:00:00.000000+0200
28/07/2018,18,49.1,2018-07-28,2018-07-28T18:00:00.000000+0200
28/07/2018,19,51.13,2018-07-28,2018-07-28T19:00:00.000000+0200
28/07/2018,20,61.68,2018-07-28,2018-07-28T20:00:00.000000+0200
28/07/2018,21,62.01,2018-07-28,2018-07-28T21:00:00.000000+0200
28/07/2018,22,73.98,2018-07-28,2018-07-28T22:00:00.000000+0200
28/07/2018,23,63.01,2018-07-28,2018-07-28T23:00:00.000000+0200
28/07/2018,24,52.01,2018-07-28,2018-07-29T00:00:00.000000+0200
29/07/2018,1,49.8,2018-07-29,2018-07-29T01:00:00.000000+0200
29/07/2018,2,47.99,2018-07-29,2018-07-29T02:00:00.000000+0200
29/07/2018,3,47.09,2018-07-29,2018-07-29T03:00:00.000000+0200
29/07/2018,4,47.81,2018-07-29,2018-07-29T04:00:00.000000+0200
29/07/2018,5,47.45,2018-07-29,2018-07-29T05:00:00.000000+0200
29/07/2018,6,44.99,2018-07-29,2018-07-29T06:00:00.000000+0200
29/07/2018,7,44.46,2018-07-29,2018-07-29T07:00:00.000000+0200
29/07/2018,8,44.46,2018-07-29,2018-07-29T08:00:00.000000+0200
29/07/2018,9,47.46,2018-07-29,2018-07-29T09:00:00.000000+0200
29/07/2018,10,49.21,2018-07-29,2018-07-29T10:00:00.000000+0200
29/07/2018,11,52.45,2018-07-29,2018-07-29T11:00:00.000000+0200
29/07/2018,12,70.49,2018-07-29,2018-07-29T12:00:00.000000+0200
29/07/2018,13,60.51,2018-07-29,2018-07-29T13:00:00.000000+0200
29/07/2018,14,52.46,2018-07-29,2018-07-29T14:00:00.000000+0200
29/07/2018,15,51.01,2018-07-29,2018-07-29T15:00:00.000000+0200
29/07/2018,16,49.19,2018-07-29,2018-07-29T16:00:00.000000+0200
29/07/2018,17,49.19,2018-07-29,2018-07-29T17:00:00.000000+0200
29/07/2018,18,51.12,2018-07-29,2018-07-29T18:00:00.000000+0200
29/07/2018,19,52.33,2018-07-29,2018-07-29T19:00:00.000000+0200
29/07/2018,20,63.91,2018-07-29,2018-07-29T20:00:00.000000+0200
29/07/2018,21,69.1,2018-07-29,2018-07-29T21:00:00.000000+0200
29/07/2018,22,73.98,2018-07-29,2018-07-29T22:00:00.000000+0200
29/07/2018,23,68.72,2018-07-29,2018-07-29T23:00:00.000000+0200
29/07/2018,24,52.42,2018-07-29,2018-07-30T00:00:00.000000+0200
30/07/2018,1,52.42,2018-07-30,2018-07-30T01:00:00.000000+0200
30/07/2018,2,51.01,2018-07-30,2018-07-30T02:00:00.000000+0200
30/07/2018,3,47.61,2018-07-30,2018-07-30T03:00:00.000000+0200
30/07/2018,4,45.47,2018-07-30,2018-07-30T04:00:00.000000+0200
30/07/2018,5,44.1,2018-07-30,2018-07-30T05:00:00.000000+0200
30/07/2018,6,44.05,2018-07-30,2018-07-30T06:00:00.000000+0200
30/07/2018,7,44.05,2018-07-30,2018-07-30T07:00:00.000000+0200
30/07/2018,8,42.81,2018-07-30,2018-07-30T08:00:00.000000+0200
30/07/2018,9,44.47,2018-07-30,2018-07-30T09:00:00.000000+0200
30/07/2018,10,50.62,2018-07-30,2018-07-30T10:00:00.000000+0200
30/07/2018,11,58.02,2018-07-30,2018-07-30T11:00:00.000000+0200
30/07/2018,12,73.76,2018-07-30,2018-07-30T12:00:00.000000+0200
30/07/2018,13,60.01,2018-07-30,2018-07-30T13:00:00.000000+0200
30/07/2018,14,52.85,2018-07-30,2018-07-30T14:00:00.000000+0200
30/07/2018,15,51.55,2018-07-30,2018-07-30T15:00:00.000000+0200
30/07/2018,16,49.4,2018-07-30,2018-07-30T16:00:00.000000+0200
30/07/2018,17,49.84,2018-07-30,2018-07-30T17:00:00.000000+0200
30/07/2018,18,50.82,2018-07-30,2018-07-30T18:00:00.000000+0200
30/07/2018,19,51.61,2018-07-30,2018-07-30T19:00:00.000000+0200
30/07/2018,20,52.86,2018-07-30,2018-07-30T20:00:00.000000+0200
30/07/2018,21,64.01,2018-07-30,2018-07-30T21:00:00.000000+0200
30/07/2018,22,84.84,2018-07-30,2018-07-30T22:00:00.000000+0200
30/07/2018,23,66.88,2018-07-30,2018-07-30T23:00:00.000000+0200
30/07/2018,24,58.36,2018-07-30,2018-07-31T00:00:00.000000+0200
31/07/2018,1,52.29,2018-07-31,2018-07-31T01:00:00.000000+0200
31/07/2018,2,49.1,2018-07-31,2018-07-31T02:00:00.000000+0200
31/07/2018,3,49.31,2018-07-31,2018-07-31T03:00:00.000000+0200
31/07/2018,4,45.47,2018-07-31,2018-07-31T04:00:00.000000+0200
31/07/2018,5,44.07,2018-07-31,2018-07-31T05:00:00.000000+0200
31/07/2018,6,44.06,2018-07-31,2018-07-31T06:00:00.000000+0200
31/07/2018,7,44.1,2018-07-31,2018-07-31T07:00:00.000000+0200
31/07/2018,8,44.46,2018-07-31,2018-07-31T08:00:00.000000+0200
31/07/2018,9,47.75,2018-07-31,2018-07-31T09:00:00.000000+0200
31/07/2018,10,51.25,2018-07-31,2018-07-31T10:00:00.000000+0200
31/07/2018,11,72.19,2018-07-31,2018-07-31T11:00:00.000000+0200
31/07/2018,12,73.98,2018-07-31,2018-07-31T12:00:00.000000+0200
31/07/2018,13,63.01,2018-07-31,2018-07-31T13:00:00.000000+0200
31/07/2018,14,52.87,2018-07-31,2018-07-31T14:00:00.000000+0200
31/07/2018,15,51.79,2018-07-31,2018-07-31T15:00:00.000000+0200
31/07/2018,16,49.0,2018-07-31,2018-07-31T16:00:00.000000+0200
31/07/2018,17,49.0,2018-07-31,2018-07-31T17:00:00.000000+0200
31/07/2018,18,50.51,2018-07-31,2018-07-31T18:00:00.000000+0200
31/07/2018,19,52.87,2018-07-31,2018-07-31T19:00:00.000000+0200
31/07/2018,20,68.91,2018-07-31,2018-07-31T20:00:00.000000+0200
31/07/2018,21,74.28,2018-07-31,2018-07-31T21:00:00.000000+0200
31/07/2018,22,80.05,2018-07-31,2018-07-31T22:00:00.000000+0200
31/07/2018,23,75.42,2018-07-31,2018-07-31T23:00:00.000000+0200
31/07/2018,24,67.01,2018-07-31,2018-08-01T00:00:00.000000+0200
01/08/2018,1,57.43,2018-08-01,2018-08-01T01:00:00.000000+0200
01/08/2018,2,54.27,2018-08-01,2018-08-01T02:00:00.000000+0200
01/08/2018,3,52.85,2018-08-01,2018-08-01T03:00:00.000000+0200
01/08/2018,4,50.77,2018-08-01,2018-08-01T04:00:00.000000+0200
01/08/2018,5,48.52,2018-08-01,2018-08-01T05:00:00.000000+0200
01/08/2018,6,47.96,2018-08-01,2018-08-01T06:00:00.000000+0200
01/08/2018,7,45.93,2018-08-01,2018-08-01T07:00:00.000000+0200
01/08/2018,8,46.23,2018-08-01,2018-08-01T08:00:00.000000+0200
01/08/2018,9,47.95,2018-08-01,2018-08-01T09:00:00.000000+0200
01/08/2018,10,47.22,2018-08-01,2018-08-01T10:00:00.000000+0200
01/08/2018,11,47.0,2018-08-01,2018-08-01T11:00:00.000000+0200
01/08/2018,12,47.99,2018-08-01,2018-08-01T12:00:00.000000+0200
01/08/2018,13,48.66,2018-08-01,2018-08-01T13:00:00.000000+0200
01/08/2018,14,47.95,2018-08-01,2018-08-01T14:00:00.000000+0200
01/08/2018,15,47.95,2018-08-01,2018-08-01T15:00:00.000000+0200
01/08/2018,16,45.93,2018-08-01,2018-08-01T16:00:00.000000+0200
01/08/2018,17,44.24,2018-08-01,2018-08-01T17:00:00.000000+0200
01/08/2018,18,44.61,2018-08-01,2018-08-01T18:00:00.000000+0200
01/08/2018,19,44.3,2018-08-01,2018-08-01T19:00:00.000000+0200
01/08/2018,20,45.51,2018-08-01,2018-08-01T20:00:00.000000+0200
01/08/2018,21,48.16,2018-08-01,2018-08-01T21:00:00.000000+0200
01/08/2018,22,51.84,2018-08-01,2018-08-01T22:00:00.000000+0200
01/08/2018,23,51.85,2018-08-01,2018-08-01T23:00:00.000000+0200
01/08/2018,24,48.09,2018-08-01,2018-08-02T00:00:00.000000+0200
02/08/2018,1,46.47,2018-08-02,2018-08-02T01:00:00.000000+0200
02/08/2018,2,45.91,2018-08-02,2018-08-02T02:00:00.000000+0200
02/08/2018,3,46.46,2018-08-02,2018-08-02T03:00:00.000000+0200
02/08/2018,4,43.62,2018-08-02,2018-08-02T04:00:00.000000+0200
02/08/2018,5,40.21,2018-08-02,2018-08-02T05:00:00.000000+0200
02/08/2018,6,40.71,2018-08-02,2018-08-02T06:00:00.000000+0200
02/08/2018,7,39.15,2018-08-02,2018-08-02T07:00:00.000000+0200
02/08/2018,8,39.27,2018-08-02,2018-08-02T08:00:00.000000+0200
02/08/2018,9,40.2,2018-08-02,2018-08-02T09:00:00.000000+0200
02/08/2018,10,40.11,2018-08-02,2018-08-02T10:00:00.000000+0200
02/08/2018,11,43.01,2018-08-02,2018-08-02T11:00:00.000000+0200
02/08/2018,12,44.12,2018-08-02,2018-08-02T12:00:00.000000+0200
02/08/2018,13,45.93,2018-08-02,2018-08-02T13:00:00.000000+0200
02/08/2018,14,46.1,2018-08-02,2018-08-02T14:00:00.000000+0200
02/08/2018,15,47.0,2018-08-02,2018-08-02T15:00:00.000000+0200
02/08/2018,16,47.0,2018-08-02,2018-08-02T16:00:00.000000+0200
02/08/2018,17,43.49,2018-08-02,2018-08-02T17:00:00.000000+0200
02/08/2018,18,43.24,2018-08-02,2018-08-02T18:00:00.000000+0200
02/08/2018,19,44.1,2018-08-02,2018-08-02T19:00:00.000000+0200
02/08/2018,20,46.1,2018-08-02,2018-08-02T20:00:00.000000+0200
02/08/2018,21,48.74,2018-08-02,2018-08-02T21:00:00.000000+0200
02/08/2018,22,61.91,2018-08-02,2018-08-02T22:00:00.000000+0200
02/08/2018,23,73.98,2018-08-02,2018-08-02T23:00:00.000000+0200
02/08/2018,24,72.01,2018-08-02,2018-08-03T00:00:00.000000+0200
03/08/2018,1,62.43,2018-08-03,2018-08-03T01:00:00.000000+0200
03/08/2018,2,50.1,2018-08-03,2018-08-03T02:00:00.000000+0200
03/08/2018,3,47.23,2018-08-03,2018-08-03T03:00:00.000000+0200
03/08/2018,4,44.6,2018-08-03,2018-08-03T04:00:00.000000+0200
03/08/2018,5,41.34,2018-08-03,2018-08-03T05:00:00.000000+0200
03/08/2018,6,40.07,2018-08-03,2018-08-03T06:00:00.000000+0200
03/08/2018,7,38.91,2018-08-03,2018-08-03T07:00:00.000000+0200
03/08/2018,8,40.01,2018-08-03,2018-08-03T08:00:00.000000+0200
03/08/2018,9,42.62,2018-08-03,2018-08-03T09:00:00.000000+0200
03/08/2018,10,53.96,2018-08-03,2018-08-03T10:00:00.000000+0200
03/08/2018,11,57.96,2018-08-03,2018-08-03T11:00:00.000000+0200
03/08/2018,12,69.1,2018-08-03,2018-08-03T12:00:00.000000+0200
03/08/2018,13,63.01,2018-08-03,2018-08-03T13:00:00.000000+0200
03/08/2018,14,59.68,2018-08-03,2018-08-03T14:00:00.000000+0200
03/08/2018,15,58.12,2018-08-03,2018-08-03T15:00:00.000000+0200
03/08/2018,16,54.25,2018-08-03,2018-08-03T16:00:00.000000+0200
03/08/2018,17,53.02,2018-08-03,2018-08-03T17:00:00.000000+0200
03/08/2018,18,54.56,2018-08-03,2018-08-03T18:00:00.000000+0200
03/08/2018,19,53.98,2018-08-03,2018-08-03T19:00:00.000000+0200
03/08/2018,20,52.85,2018-08-03,2018-08-03T20:00:00.000000+0200
03/08/2018,21,59.93,2018-08-03,2018-08-03T21:00:00.000000+0200
03/08/2018,22,73.01,2018-08-03,2018-08-03T22:00:00.000000+0200
03/08/2018,23,63.01,2018-08-03,2018-08-03T23:00:00.000000+0200
03/08/2018,24,59.91,2018-08-03,2018-08-04T00:00:00.000000+0200
04/08/2018,1,51.55,2018-08-04,2018-08-04T01:00:00.000000+0200
04/08/2018,2,49.71,2018-08-04,2018-08-04T02:00:00.000000+0200
04/08/2018,3,49.0,2018-08-04,2018-08-04T03:00:00.000000+0200
04/08/2018,4,49.5,2018-08-04,2018-08-04T04:00:00.000000+0200
04/08/2018,5,43.3,2018-08-04,2018-08-04T05:00:00.000000+0200
04/08/2018,6,43.18,2018-08-04,2018-08-04T06:00:00.000000+0200
04/08/2018,7,43.0,2018-08-04,2018-08-04T07:00:00.000000+0200
04/08/2018,8,43.93,2018-08-04,2018-08-04T08:00:00.000000+0200
04/08/2018,9,46.39,2018-08-04,2018-08-04T09:00:00.000000+0200
04/08/2018,10,54.05,2018-08-04,2018-08-04T10:00:00.000000+0200
04/08/2018,11,60.06,2018-08-04,2018-08-04T11:00:00.000000+0200
04/08/2018,12,62.84,2018-08-04,2018-08-04T12:00:00.000000+0200
04/08/2018,13,61.86,2018-08-04,2018-08-04T13:00:00.000000+0200
04/08/2018,14,59.9,2018-08-04,2018-08-04T14:00:00.000000+0200
04/08/2018,15,56.11,2018-08-04,2018-08-04T15:00:00.000000+0200
04/08/2018,16,53.39,2018-08-04,2018-08-04T16:00:00.000000+0200
04/08/2018,17,51.68,2018-08-04,2018-08-04T17:00:00.000000+0200
04/08/2018,18,52.2,2018-08-04,2018-08-04T18:00:00.000000+0200
04/08/2018,19,54.11,2018-08-04,2018-08-04T19:00:00.000000+0200
04/08/2018,20,58.12,2018-08-04,2018-08-04T20:00:00.000000+0200
04/08/2018,21,63.93,2018-08-04,2018-08-04T21:00:00.000000+0200
04/08/2018,22,70.13,2018-08-04,2018-08-04T22:00:00.000000+0200
04/08/2018,23,65.01,2018-08-04,2018-08-04T23:00:00.000000+0200
04/08/2018,24,55.82,2018-08-04,2018-08-05T00:00:00.000000+0200
05/08/2018,1,53.96,2018-08-05,2018-08-05T01:00:00.000000+0200
05/08/2018,2,52.39,2018-08-05,2018-08-05T02:00:00.000000+0200
05/08/2018,3,49.85,2018-08-05,2018-08-05T03:00:00.000000+0200
05/08/2018,4,53.01,2018-08-05,2018-08-05T04:00:00.000000+0200
05/08/2018,5,49.86,2018-08-05,2018-08-05T05:00:00.000000+0200
05/08/2018,6,46.73,2018-08-05,2018-08-05T06:00:00.000000+0200
05/08/2018,7,45.08,2018-08-05,2018-08-05T07:00:00.000000+0200
05/08/2018,8,45.12,2018-08-05,2018-08-05T08:00:00.000000+0200
05/08/2018,9,49.81,2018-08-05,2018-08-05T09:00:00.000000+0200
05/08/2018,10,56.13,2018-08-05,2018-08-05T10:00:00.000000+0200
05/08/2018,11,59.14,2018-08-05,2018-08-05T11:00:00.000000+0200
05/08/2018,12,63.01,2018-08-05,2018-08-05T12:00:00.000000+0200
05/08/2018,13,61.05,2018-08-05,2018-08-05T13:00:00.000000+0200
05/08/2018,14,58.45,2018-08-05,2018-08-05T14:00:00.000000+0200
05/08/2018,15,56.99,2018-08-05,2018-08-05T15:00:00.000000+0200
05/08/2018,16,54.86,2018-08-05,2018-08-05T16:00:00.000000+0200
05/08/2018,17,53.52,2018-08-05,2018-08-05T17:00:00.000000+0200
05/08/2018,18,55.23,2018-08-05,2018-08-05T18:00:00.000000+0200
05/08/2018,19,56.68,2018-08-05,2018-08-05T19:00:00.000000+0200
05/08/2018,20,56.146,2018-08-05,2018-08-05T20:00:00.000000+0200
05/08/2018,21,58.44,2018-08-05,2018-08-05T21:00:00.000000+0200
05/08/2018,22,66.36,2018-08-05,2018-08-05T22:00:00.000000+0200
05/08/2018,23,61.06,2018-08-05,2018-08-05T23:00:00.000000+0200
05/08/2018,24,56.89,2018-08-05,2018-08-06T00:00:00.000000+0200
06/08/2018,1,55.63,2018-08-06,2018-08-06T01:00:00.000000+0200
06/08/2018,2,55.64,2018-08-06,2018-08-06T02:00:00.000000+0200
06/08/2018,3,53.52,2018-08-06,2018-08-06T03:00:00.000000+0200
06/08/2018,4,55.93,2018-08-06,2018-08-06T04:00:00.000000+0200
06/08/2018,5,53.77,2018-08-06,2018-08-06T05:00:00.000000+0200
06/08/2018,6,47.123,2018-08-06,2018-08-06T06:00:00.000000+0200
06/08/2018,7,47.148,2018-08-06,2018-08-06T07:00:00.000000+0200
06/08/2018,8,46.66,2018-08-06,2018-08-06T08:00:00.000000+0200
06/08/2018,9,54.01,2018-08-06,2018-08-06T09:00:00.000000+0200
06/08/2018,10,57.98,2018-08-06,2018-08-06T10:00:00.000000+0200
06/08/2018,11,60.86,2018-08-06,2018-08-06T11:00:00.000000+0200
06/08/2018,12,72.7,2018-08-06,2018-08-06T12:00:00.000000+0200
06/08/2018,13,64.47,2018-08-06,2018-08-06T13:00:00.000000+0200
06/08/2018,14,60.32,2018-08-06,2018-08-06T14:00:00.000000+0200
06/08/2018,15,60.64,2018-08-06,2018-08-06T15:00:00.000000+0200
06/08/2018,16,58.88,2018-08-06,2018-08-06T16:00:00.000000+0200
06/08/2018,17,58.9,2018-08-06,2018-08-06T17:00:00.000000+0200
06/08/2018,18,61.53,2018-08-06,2018-08-06T18:00:00.000000+0200
06/08/2018,19,63.01,2018-08-06,2018-08-06T19:00:00.000000+0200
06/08/2018,20,68.01,2018-08-06,2018-08-06T20:00:00.000000+0200
06/08/2018,21,71.03,2018-08-06,2018-08-06T21:00:00.000000+0200
06/08/2018,22,74.11,2018-08-06,2018-08-06T22:00:00.000000+0200
06/08/2018,23,73.81,2018-08-06,2018-08-06T23:00:00.000000+0200
06/08/2018,24,61.55,2018-08-06,2018-08-07T00:00:00.000000+0200
07/08/2018,1,60.33,2018-08-07,2018-08-07T01:00:00.000000+0200
07/08/2018,2,58.9,2018-08-07,2018-08-07T02:00:00.000000+0200
07/08/2018,3,55.93,2018-08-07,2018-08-07T03:00:00.000000+0200
07/08/2018,4,60.13,2018-08-07,2018-08-07T04:00:00.000000+0200
07/08/2018,5,54.01,2018-08-07,2018-08-07T05:00:00.000000+0200
07/08/2018,6,51.1,2018-08-07,2018-08-07T06:00:00.000000+0200
07/08/2018,7,51.2,2018-08-07,2018-08-07T07:00:00.000000+0200
07/08/2018,8,51.6,2018-08-07,2018-08-07T08:00:00.000000+0200
07/08/2018,9,55.65,2018-08-07,2018-08-07T09:00:00.000000+0200
07/08/2018,10,63.8,2018-08-07,2018-08-07T10:00:00.000000+0200
07/08/2018,11,67.94,2018-08-07,2018-08-07T11:00:00.000000+0200
07/08/2018,12,77.01,2018-08-07,2018-08-07T12:00:00.000000+0200
07/08/2018,13,85.01,2018-08-07,2018-08-07T13:00:00.000000+0200
07/08/2018,14,90.01,2018-08-07,2018-08-07T14:00:00.000000+0200
07/08/2018,15,93.37,2018-08-07,2018-08-07T15:00:00.000000+0200
07/08/2018,16,84.56,2018-08-07,2018-08-07T16:00:00.000000+0200
07/08/2018,17,75.77,2018-08-07,2018-08-07T17:00:00.000000+0200
07/08/2018,18,91.34,2018-08-07,2018-08-07T18:00:00.000000+0200
07/08/2018,19,76.43,2018-08-07,2018-08-07T19:00:00.000000+0200
07/08/2018,20,74.1,2018-08-07,2018-08-07T20:00:00.000000+0200
07/08/2018,21,74.18,2018-08-07,2018-08-07T21:00:00.000000+0200
07/08/2018,22,73.81,2018-08-07,2018-08-07T22:00:00.000000+0200
07/08/2018,23,71.26,2018-08-07,2018-08-07T23:00:00.000000+0200
07/08/2018,24,65.1,2018-08-07,2018-08-08T00:00:00.000000+0200
08/08/2018,1,63.25,2018-08-08,2018-08-08T01:00:00.000000+0200
08/08/2018,2,60.13,2018-08-08,2018-08-08T02:00:00.000000+0200
08/08/2018,3,53.78,2018-08-08,2018-08-08T03:00:00.000000+0200
08/08/2018,4,57.06,2018-08-08,2018-08-08T04:00:00.000000+0200
08/08/2018,5,54.66,2018-08-08,2018-08-08T05:00:00.000000+0200
08/08/2018,6,51.68,2018-08-08,2018-08-08T06:00:00.000000+0200
08/08/2018,7,48.6,2018-08-08,2018-08-08T07:00:00.000000+0200
08/08/2018,8,48.6,2018-08-08,2018-08-08T08:00:00.000000+0200
08/08/2018,9,53.61,2018-08-08,2018-08-08T09:00:00.000000+0200
08/08/2018,10,61.38,2018-08-08,2018-08-08T10:00:00.000000+0200
08/08/2018,11,67.88,2018-08-08,2018-08-08T11:00:00.000000+0200
08/08/2018,12,74.11,2018-08-08,2018-08-08T12:00:00.000000+0200
08/08/2018,13,90.01,2018-08-08,2018-08-08T13:00:00.000000+0200
08/08/2018,14,86.83,2018-08-08,2018-08-08T14:00:00.000000+0200
08/08/2018,15,79.59,2018-08-08,2018-08-08T15:00:00.000000+0200
08/08/2018,16,68.55,2018-08-08,2018-08-08T16:00:00.000000+0200
08/08/2018,17,62.79,2018-08-08,2018-08-08T17:00:00.000000+0200
08/08/2018,18,63.25,2018-08-08,2018-08-08T18:00:00.000000+0200
08/08/2018,19,66.01,2018-08-08,2018-08-08T19:00:00.000000+0200
08/08/2018,20,70.01,2018-08-08,2018-08-08T20:00:00.000000+0200
08/08/2018,21,75.25,2018-08-08,2018-08-08T21:00:00.000000+0200
08/08/2018,22,100.0,2018-08-08,2018-08-08T22:00:00.000000+0200
08/08/2018,23,100.0,2018-08-08,2018-08-08T23:00:00.000000+0200
08/08/2018,24,80.01,2018-08-08,2018-08-09T00:00:00.000000+0200
09/08/2018,1,74.11,2018-08-09,2018-08-09T01:00:00.000000+0200
09/08/2018,2,65.01,2018-08-09,2018-08-09T02:00:00.000000+0200
09/08/2018,3,57.51,2018-08-09,2018-08-09T03:00:00.000000+0200
09/08/2018,4,53.01,2018-08-09,2018-08-09T04:00:00.000000+0200
09/08/2018,5,50.89,2018-08-09,2018-08-09T05:00:00.000000+0200
09/08/2018,6,48.11,2018-08-09,2018-08-09T06:00:00.000000+0200
09/08/2018,7,43.58,2018-08-09,2018-08-09T07:00:00.000000+0200
09/08/2018,8,43.131,2018-08-09,2018-08-09T08:00:00.000000+0200
09/08/2018,9,45.2,2018-08-09,2018-08-09T09:00:00.000000+0200
09/08/2018,10,46.72,2018-08-09,2018-08-09T10:00:00.000000+0200
09/08/2018,11,45.37,2018-08-09,2018-08-09T11:00:00.000000+0200
09/08/2018,12,49.21,2018-08-09,2018-08-09T12:00:00.000000+0200
09/08/2018,13,52.5,2018-08-09,2018-08-09T13:00:00.000000+0200
09/08/2018,14,52.5,2018-08-09,2018-08-09T14:00:00.000000+0200
09/08/2018,15,54.87,2018-08-09,2018-08-09T15:00:00.000000+0200
09/08/2018,16,55.36,2018-08-09,2018-08-09T16:00:00.000000+0200
09/08/2018,17,51.12,2018-08-09,2018-08-09T17:00:00.000000+0200
09/08/2018,18,50.13,2018-08-09,2018-08-09T18:00:00.000000+0200
09/08/2018,19,50.37,2018-08-09,2018-08-09T19:00:00.000000+0200
09/08/2018,20,51.36,2018-08-09,2018-08-09T20:00:00.000000+0200
09/08/2018,21,55.37,2018-08-09,2018-08-09T21:00:00.000000+0200
09/08/2018,22,63.3,2018-08-09,2018-08-09T22:00:00.000000+0200
09/08/2018,23,63.3,2018-08-09,2018-08-09T23:00:00.000000+0200
09/08/2018,24,62.51,2018-08-09,2018-08-10T00:00:00.000000+0200
10/08/2018,1,57.51,2018-08-10,2018-08-10T01:00:00.000000+0200
10/08/2018,2,55.51,2018-08-10,2018-08-10T02:00:00.000000+0200
10/08/2018,3,52.4,2018-08-10,2018-08-10T03:00:00.000000+0200
10/08/2018,4,50.65,2018-08-10,2018-08-10T04:00:00.000000+0200
10/08/2018,5,47.01,2018-08-10,2018-08-10T05:00:00.000000+0200
10/08/2018,6,46.28,2018-08-10,2018-08-10T06:00:00.000000+0200
10/08/2018,7,44.115,2018-08-10,2018-08-10T07:00:00.000000+0200
10/08/2018,8,44.169,2018-08-10,2018-08-10T08:00:00.000000+0200
10/08/2018,9,46.72,2018-08-10,2018-08-10T09:00:00.000000+0200
10/08/2018,10,75.12,2018-08-10,2018-08-10T10:00:00.000000+0200
10/08/2018,11,89.1,2018-08-10,2018-08-10T11:00:00.000000+0200
10/08/2018,12,107.76,2018-08-10,2018-08-10T12:00:00.000000+0200
10/08/2018,13,114.1,2018-08-10,2018-08-10T13:00:00.000000+0200
10/08/2018,14,105.2,2018-08-10,2018-08-10T14:00:00.000000+0200
10/08/2018,15,103.71,2018-08-10,2018-08-10T15:00:00.000000+0200
10/08/2018,16,89.1,2018-08-10,2018-08-10T16:00:00.000000+0200
10/08/2018,17,92.86,2018-08-10,2018-08-10T17:00:00.000000+0200
10/08/2018,18,105.01,2018-08-10,2018-08-10T18:00:00.000000+0200
10/08/2018,19,108.19,2018-08-10,2018-08-10T19:00:00.000000+0200
10/08/2018,20,120.73,2018-08-10,2018-08-10T20:00:00.000000+0200
10/08/2018,21,117.12,2018-08-10,2018-08-10T21:00:00.000000+0200
10/08/2018,22,120.01,2018-08-10,2018-08-10T22:00:00.000000+0200
10/08/2018,23,114.42,2018-08-10,2018-08-10T23:00:00.000000+0200
10/08/2018,24,107.75,2018-08-10,2018-08-11T00:00:00.000000+0200
11/08/2018,1,105.01,2018-08-11,2018-08-11T01:00:00.000000+0200
11/08/2018,2,101.02,2018-08-11,2018-08-11T02:00:00.000000+0200
11/08/2018,3,89.1,2018-08-11,2018-08-11T03:00:00.000000+0200
11/08/2018,4,76.27,2018-08-11,2018-08-11T04:00:00.000000+0200
11/08/2018,5,75.12,2018-08-11,2018-08-11T05:00:00.000000+0200
11/08/2018,6,61.21,2018-08-11,2018-08-11T06:00:00.000000+0200
11/08/2018,7,74.81,2018-08-11,2018-08-11T07:00:00.000000+0200
11/08/2018,8,75.12,2018-08-11,2018-08-11T08:00:00.000000+0200
11/08/2018,9,76.67,2018-08-11,2018-08-11T09:00:00.000000+0200
11/08/2018,10,104.28,2018-08-11,2018-08-11T10:00:00.000000+0200
11/08/2018,11,109.51,2018-08-11,2018-08-11T11:00:00.000000+0200
11/08/2018,12,130.0,2018-08-11,2018-08-11T12:00:00.000000+0200
11/08/2018,13,130.0,2018-08-11,2018-08-11T13:00:00.000000+0200
11/08/2018,14,115.19,2018-08-11,2018-08-11T14:00:00.000000+0200
11/08/2018,15,113.56,2018-08-11,2018-08-11T15:00:00.000000+0200
11/08/2018,16,112.8,2018-08-11,2018-08-11T16:00:00.000000+0200
11/08/2018,17,100.28,2018-08-11,2018-08-11T17:00:00.000000+0200
11/08/2018,18,114.46,2018-08-11,2018-08-11T18:00:00.000000+0200
11/08/2018,19,118.47,2018-08-11,2018-08-11T19:00:00.000000+0200
11/08/2018,20,125.58,2018-08-11,2018-08-11T20:00:00.000000+0200
11/08/2018,21,139.61,2018-08-11,2018-08-11T21:00:00.000000+0200
11/08/2018,22,151.43,2018-08-11,2018-08-11T22:00:00.000000+0200
11/08/2018,23,159.41,2018-08-11,2018-08-11T23:00:00.000000+0200
11/08/2018,24,129.51,2018-08-11,2018-08-12T00:00:00.000000+0200
12/08/2018,1,103.55,2018-08-12,2018-08-12T01:00:00.000000+0200
12/08/2018,2,100.01,2018-08-12,2018-08-12T02:00:00.000000+0200
12/08/2018,3,90.01,2018-08-12,2018-08-12T03:00:00.000000+0200
12/08/2018,4,76.67,2018-08-12,2018-08-12T04:00:00.000000+0200
12/08/2018,5,75.12,2018-08-12,2018-08-12T05:00:00.000000+0200
12/08/2018,6,71.97,2018-08-12,2018-08-12T06:00:00.000000+0200
12/08/2018,7,68.1,2018-08-12,2018-08-12T07:00:00.000000+0200
12/08/2018,8,65.39,2018-08-12,2018-08-12T08:00:00.000000+0200
12/08/2018,9,68.64,2018-08-12,2018-08-12T09:00:00.000000+0200
12/08/2018,10,82.01,2018-08-12,2018-08-12T10:00:00.000000+0200
12/08/2018,11,95.43,2018-08-12,2018-08-12T11:00:00.000000+0200
12/08/2018,12,120.11,2018-08-12,2018-08-12T12:00:00.000000+0200
12/08/2018,13,114.42,2018-08-12,2018-08-12T13:00:00.000000+0200
12/08/2018,14,97.01,2018-08-12,2018-08-12T14:00:00.000000+0200
12/08/2018,15,88.46,2018-08-12,2018-08-12T15:00:00.000000+0200
12/08/2018,16,79.95,2018-08-12,2018-08-12T16:00:00.000000+0200
12/08/2018,17,79.131,2018-08-12,2018-08-12T17:00:00.000000+0200
12/08/2018,18,80.55,2018-08-12,2018-08-12T18:00:00.000000+0200
12/08/2018,19,81.82,2018-08-12,2018-08-12T19:00:00.000000+0200
12/08/2018,20,86.22,2018-08-12,2018-08-12T20:00:00.000000+0200
12/08/2018,21,85.28,2018-08-12,2018-08-12T21:00:00.000000+0200
12/08/2018,22,92.8,2018-08-12,2018-08-12T22:00:00.000000+0200
12/08/2018,23,105.55,2018-08-12,2018-08-12T23:00:00.000000+0200
12/08/2018,24,83.85,2018-08-12,2018-08-13T00:00:00.000000+0200
13/08/2018,1,80.33,2018-08-13,2018-08-13T01:00:00.000000+0200
13/08/2018,2,79.15,2018-08-13,2018-08-13T02:00:00.000000+0200
13/08/2018,3,75.12,2018-08-13,2018-08-13T03:00:00.000000+0200
13/08/2018,4,80.8,2018-08-13,2018-08-13T04:00:00.000000+0200
13/08/2018,5,76.67,2018-08-13,2018-08-13T05:00:00.000000+0200
13/08/2018,6,75.12,2018-08-13,2018-08-13T06:00:00.000000+0200
13/08/2018,7,69.01,2018-08-13,2018-08-13T07:00:00.000000+0200
13/08/2018,8,60.41,2018-08-13,2018-08-13T08:00:00.000000+0200
13/08/2018,9,68.02,2018-08-13,2018-08-13T09:00:00.000000+0200
13/08/2018,10,92.11,2018-08-13,2018-08-13T10:00:00.000000+0200
13/08/2018,11,94.11,2018-08-13,2018-08-13T11:00:00.000000+0200
13/08/2018,12,104.27,2018-08-13,2018-08-13T12:00:00.000000+0200
13/08/2018,13,115.42,2018-08-13,2018-08-13T13:00:00.000000+0200
13/08/2018,14,112.03,2018-08-13,2018-08-13T14:00:00.000000+0200
13/08/2018,15,113.56,2018-08-13,2018-08-13T15:00:00.000000+0200
13/08/2018,16,99.5,2018-08-13,2018-08-13T16:00:00.000000+0200
13/08/2018,17,99.5,2018-08-13,2018-08-13T17:00:00.000000+0200
13/08/2018,18,101.02,2018-08-13,2018-08-13T18:00:00.000000+0200
13/08/2018,19,114.42,2018-08-13,2018-08-13T19:00:00.000000+0200
13/08/2018,20,100.01,2018-08-13,2018-08-13T20:00:00.000000+0200
13/08/2018,21,99.135,2018-08-13,2018-08-13T21:00:00.000000+0200
13/08/2018,22,99.175,2018-08-13,2018-08-13T22:00:00.000000+0200
13/08/2018,23,106.16,2018-08-13,2018-08-13T23:00:00.000000+0200
13/08/2018,24,99.1,2018-08-13,2018-08-14T00:00:00.000000+0200
14/08/2018,1,91.7,2018-08-14,2018-08-14T01:00:00.000000+0200
14/08/2018,2,85.01,2018-08-14,2018-08-14T02:00:00.000000+0200
14/08/2018,3,76.27,2018-08-14,2018-08-14T03:00:00.000000+0200
14/08/2018,4,77.71,2018-08-14,2018-08-14T04:00:00.000000+0200
14/08/2018,5,74.8,2018-08-14,2018-08-14T05:00:00.000000+0200
14/08/2018,6,74.8,2018-08-14,2018-08-14T06:00:00.000000+0200
14/08/2018,7,74.8,2018-08-14,2018-08-14T07:00:00.000000+0200
14/08/2018,8,75.12,2018-08-14,2018-08-14T08:00:00.000000+0200
14/08/2018,9,76.27,2018-08-14,2018-08-14T09:00:00.000000+0200
14/08/2018,10,95.83,2018-08-14,2018-08-14T10:00:00.000000+0200
14/08/2018,11,113.68,2018-08-14,2018-08-14T11:00:00.000000+0200
14/08/2018,12,118.21,2018-08-14,2018-08-14T12:00:00.000000+0200
14/08/2018,13,125.87,2018-08-14,2018-08-14T13:00:00.000000+0200
14/08/2018,14,121.1,2018-08-14,2018-08-14T14:00:00.000000+0200
14/08/2018,15,121.15,2018-08-14,2018-08-14T15:00:00.000000+0200
14/08/2018,16,110.87,2018-08-14,2018-08-14T16:00:00.000000+0200
14/08/2018,17,108.65,2018-08-14,2018-08-14T17:00:00.000000+0200
14/08/2018,18,110.56,2018-08-14,2018-08-14T18:00:00.000000+0200
14/08/2018,19,116.97,2018-08-14,2018-08-14T19:00:00.000000+0200
14/08/2018,20,108.51,2018-08-14,2018-08-14T20:00:00.000000+0200
14/08/2018,21,107.28,2018-08-14,2018-08-14T21:00:00.000000+0200
14/08/2018,22,114.42,2018-08-14,2018-08-14T22:00:00.000000+0200
14/08/2018,23,133.4,2018-08-14,2018-08-14T23:00:00.000000+0200
14/08/2018,24,107.9,2018-08-14,2018-08-15T00:00:00.000000+0200
15/08/2018,1,97.27,2018-08-15,2018-08-15T01:00:00.000000+0200
15/08/2018,2,82.38,2018-08-15,2018-08-15T02:00:00.000000+0200
15/08/2018,3,75.01,2018-08-15,2018-08-15T03:00:00.000000+0200
15/08/2018,4,74.81,2018-08-15,2018-08-15T04:00:00.000000+0200
15/08/2018,5,59.04,2018-08-15,2018-08-15T05:00:00.000000+0200
15/08/2018,6,51.4,2018-08-15,2018-08-15T06:00:00.000000+0200
15/08/2018,7,51.4,2018-08-15,2018-08-15T07:00:00.000000+0200
15/08/2018,8,51.62,2018-08-15,2018-08-15T08:00:00.000000+0200
15/08/2018,9,59.35,2018-08-15,2018-08-15T09:00:00.000000+0200
15/08/2018,10,74.8,2018-08-15,2018-08-15T10:00:00.000000+0200
15/08/2018,11,74.8,2018-08-15,2018-08-15T11:00:00.000000+0200
15/08/2018,12,75.69,2018-08-15,2018-08-15T12:00:00.000000+0200
15/08/2018,13,74.81,2018-08-15,2018-08-15T13:00:00.000000+0200
15/08/2018,14,72.3,2018-08-15,2018-08-15T14:00:00.000000+0200
15/08/2018,15,72.22,2018-08-15,2018-08-15T15:00:00.000000+0200
15/08/2018,16,69.94,2018-08-15,2018-08-15T16:00:00.000000+0200
15/08/2018,17,65.01,2018-08-15,2018-08-15T17:00:00.000000+0200
15/08/2018,18,63.1,2018-08-15,2018-08-15T18:00:00.000000+0200
15/08/2018,19,65.42,2018-08-15,2018-08-15T19:00:00.000000+0200
15/08/2018,20,65.5,2018-08-15,2018-08-15T20:00:00.000000+0200
15/08/2018,21,70.94,2018-08-15,2018-08-15T21:00:00.000000+0200
15/08/2018,22,76.38,2018-08-15,2018-08-15T22:00:00.000000+0200
15/08/2018,23,76.66,2018-08-15,2018-08-15T23:00:00.000000+0200
15/08/2018,24,76.26,2018-08-15,2018-08-16T00:00:00.000000+0200
16/08/2018,1,70.93,2018-08-16,2018-08-16T01:00:00.000000+0200
16/08/2018,2,65.01,2018-08-16,2018-08-16T02:00:00.000000+0200
16/08/2018,3,51.41,2018-08-16,2018-08-16T03:00:00.000000+0200
16/08/2018,4,50.01,2018-08-16,2018-08-16T04:00:00.000000+0200
16/08/2018,5,45.95,2018-08-16,2018-08-16T05:00:00.000000+0200
16/08/2018,6,44.41,2018-08-16,2018-08-16T06:00:00.000000+0200
16/08/2018,7,45.11,2018-08-16,2018-08-16T07:00:00.000000+0200
16/08/2018,8,46.42,2018-08-16,2018-08-16T08:00:00.000000+0200
16/08/2018,9,47.32,2018-08-16,2018-08-16T09:00:00.000000+0200
16/08/2018,10,49.128,2018-08-16,2018-08-16T10:00:00.000000+0200
16/08/2018,11,49.166,2018-08-16,2018-08-16T11:00:00.000000+0200
16/08/2018,12,50.61,2018-08-16,2018-08-16T12:00:00.000000+0200
16/08/2018,13,51.8,2018-08-16,2018-08-16T13:00:00.000000+0200
16/08/2018,14,51.53,2018-08-16,2018-08-16T14:00:00.000000+0200
16/08/2018,15,51.19,2018-08-16,2018-08-16T15:00:00.000000+0200
16/08/2018,16,50.89,2018-08-16,2018-08-16T16:00:00.000000+0200
16/08/2018,17,49.3,2018-08-16,2018-08-16T17:00:00.000000+0200
16/08/2018,18,43.92,2018-08-16,2018-08-16T18:00:00.000000+0200
16/08/2018,19,49.41,2018-08-16,2018-08-16T19:00:00.000000+0200
16/08/2018,20,52.54,2018-08-16,2018-08-16T20:00:00.000000+0200
16/08/2018,21,54.89,2018-08-16,2018-08-16T21:00:00.000000+0200
16/08/2018,22,70.01,2018-08-16,2018-08-16T22:00:00.000000+0200
16/08/2018,23,75.12,2018-08-16,2018-08-16T23:00:00.000000+0200
16/08/2018,24,74.81,2018-08-16,2018-08-17T00:00:00.000000+0200
17/08/2018,1,65.01,2018-08-17,2018-08-17T01:00:00.000000+0200
17/08/2018,2,56.61,2018-08-17,2018-08-17T02:00:00.000000+0200
17/08/2018,3,53.13,2018-08-17,2018-08-17T03:00:00.000000+0200
17/08/2018,4,46.83,2018-08-17,2018-08-17T04:00:00.000000+0200
17/08/2018,5,43.76,2018-08-17,2018-08-17T05:00:00.000000+0200
17/08/2018,6,42.89,2018-08-17,2018-08-17T06:00:00.000000+0200
17/08/2018,7,42.85,2018-08-17,2018-08-17T07:00:00.000000+0200
17/08/2018,8,43.76,2018-08-17,2018-08-17T08:00:00.000000+0200
17/08/2018,9,46.83,2018-08-17,2018-08-17T09:00:00.000000+0200
17/08/2018,10,67.8,2018-08-17,2018-08-17T10:00:00.000000+0200
17/08/2018,11,74.5,2018-08-17,2018-08-17T11:00:00.000000+0200
17/08/2018,12,95.0,2018-08-17,2018-08-17T12:00:00.000000+0200
17/08/2018,13,95.0,2018-08-17,2018-08-17T13:00:00.000000+0200
17/08/2018,14,91.13,2018-08-17,2018-08-17T14:00:00.000000+0200
17/08/2018,15,88.04,2018-08-17,2018-08-17T15:00:00.000000+0200
17/08/2018,16,78.0,2018-08-17,2018-08-17T16:00:00.000000+0200
17/08/2018,17,78.0,2018-08-17,2018-08-17T17:00:00.000000+0200
17/08/2018,18,79.51,2018-08-17,2018-08-17T18:00:00.000000+0200
17/08/2018,19,83.23,2018-08-17,2018-08-17T19:00:00.000000+0200
17/08/2018,20,90.99,2018-08-17,2018-08-17T20:00:00.000000+0200
17/08/2018,21,81.59,2018-08-17,2018-08-17T21:00:00.000000+0200
17/08/2018,22,95.02,2018-08-17,2018-08-17T22:00:00.000000+0200
17/08/2018,23,89.79,2018-08-17,2018-08-17T23:00:00.000000+0200
17/08/2018,24,76.03,2018-08-17,2018-08-18T00:00:00.000000+0200
18/08/2018,1,74.5,2018-08-18,2018-08-18T01:00:00.000000+0200
18/08/2018,2,72.91,2018-08-18,2018-08-18T02:00:00.000000+0200
18/08/2018,3,66.26,2018-08-18,2018-08-18T03:00:00.000000+0200
18/08/2018,4,47.89,2018-08-18,2018-08-18T04:00:00.000000+0200
18/08/2018,5,44.01,2018-08-18,2018-08-18T05:00:00.000000+0200
18/08/2018,6,43.01,2018-08-18,2018-08-18T06:00:00.000000+0200
18/08/2018,7,42.97,2018-08-18,2018-08-18T07:00:00.000000+0200
18/08/2018,8,42.97,2018-08-18,2018-08-18T08:00:00.000000+0200
18/08/2018,9,46.3,2018-08-18,2018-08-18T09:00:00.000000+0200
18/08/2018,10,53.49,2018-08-18,2018-08-18T10:00:00.000000+0200
18/08/2018,11,61.69,2018-08-18,2018-08-18T11:00:00.000000+0200
18/08/2018,12,73.67,2018-08-18,2018-08-18T12:00:00.000000+0200
18/08/2018,13,73.137,2018-08-18,2018-08-18T13:00:00.000000+0200
18/08/2018,14,69.08,2018-08-18,2018-08-18T14:00:00.000000+0200
18/08/2018,15,66.92,2018-08-18,2018-08-18T15:00:00.000000+0200
18/08/2018,16,58.5,2018-08-18,2018-08-18T16:00:00.000000+0200
18/08/2018,17,52.53,2018-08-18,2018-08-18T17:00:00.000000+0200
18/08/2018,18,66.53,2018-08-18,2018-08-18T18:00:00.000000+0200
18/08/2018,19,66.109,2018-08-18,2018-08-18T19:00:00.000000+0200
18/08/2018,20,68.51,2018-08-18,2018-08-18T20:00:00.000000+0200
18/08/2018,21,67.13,2018-08-18,2018-08-18T21:00:00.000000+0200
18/08/2018,22,74.28,2018-08-18,2018-08-18T22:00:00.000000+0200
18/08/2018,23,74.33,2018-08-18,2018-08-18T23:00:00.000000+0200
18/08/2018,24,68.61,2018-08-18,2018-08-19T00:00:00.000000+0200
19/08/2018,1,54.44,2018-08-19,2018-08-19T01:00:00.000000+0200
19/08/2018,2,53.49,2018-08-19,2018-08-19T02:00:00.000000+0200
19/08/2018,3,50.1,2018-08-19,2018-08-19T03:00:00.000000+0200
19/08/2018,4,43.92,2018-08-19,2018-08-19T04:00:00.000000+0200
19/08/2018,5,39.12,2018-08-19,2018-08-19T05:00:00.000000+0200
19/08/2018,6,39.0,2018-08-19,2018-08-19T06:00:00.000000+0200
19/08/2018,7,39.0,2018-08-19,2018-08-19T07:00:00.000000+0200
19/08/2018,8,39.11,2018-08-19,2018-08-19T08:00:00.000000+0200
19/08/2018,9,42.98,2018-08-19,2018-08-19T09:00:00.000000+0200
19/08/2018,10,49.91,2018-08-19,2018-08-19T10:00:00.000000+0200
19/08/2018,11,56.11,2018-08-19,2018-08-19T11:00:00.000000+0200
19/08/2018,12,61.8,2018-08-19,2018-08-19T12:00:00.000000+0200
19/08/2018,13,59.78,2018-08-19,2018-08-19T13:00:00.000000+0200
19/08/2018,14,49.91,2018-08-19,2018-08-19T14:00:00.000000+0200
19/08/2018,15,56.79,2018-08-19,2018-08-19T15:00:00.000000+0200
19/08/2018,16,49.9,2018-08-19,2018-08-19T16:00:00.000000+0200
19/08/2018,17,49.9,2018-08-19,2018-08-19T17:00:00.000000+0200
19/08/2018,18,49.9,2018-08-19,2018-08-19T18:00:00.000000+0200
19/08/2018,19,49.9,2018-08-19,2018-08-19T19:00:00.000000+0200
19/08/2018,20,56.79,2018-08-19,2018-08-19T20:00:00.000000+0200
19/08/2018,21,57.11,2018-08-19,2018-08-19T21:00:00.000000+0200
19/08/2018,22,71.16,2018-08-19,2018-08-19T22:00:00.000000+0200
19/08/2018,23,72.24,2018-08-19,2018-08-19T23:00:00.000000+0200
19/08/2018,24,58.01,2018-08-19,2018-08-20T00:00:00.000000+0200
20/08/2018,1,53.95,2018-08-20,2018-08-20T01:00:00.000000+0200
20/08/2018,2,50.01,2018-08-20,2018-08-20T02:00:00.000000+0200
20/08/2018,3,46.61,2018-08-20,2018-08-20T03:00:00.000000+0200
20/08/2018,4,43.01,2018-08-20,2018-08-20T04:00:00.000000+0200
20/08/2018,5,41.45,2018-08-20,2018-08-20T05:00:00.000000+0200
20/08/2018,6,38.1,2018-08-20,2018-08-20T06:00:00.000000+0200
20/08/2018,7,38.2,2018-08-20,2018-08-20T07:00:00.000000+0200
20/08/2018,8,37.41,2018-08-20,2018-08-20T08:00:00.000000+0200
20/08/2018,9,42.98,2018-08-20,2018-08-20T09:00:00.000000+0200
20/08/2018,10,50.56,2018-08-20,2018-08-20T10:00:00.000000+0200
20/08/2018,11,54.01,2018-08-20,2018-08-20T11:00:00.000000+0200
20/08/2018,12,55.54,2018-08-20,2018-08-20T12:00:00.000000+0200
20/08/2018,13,55.108,2018-08-20,2018-08-20T13:00:00.000000+0200
20/08/2018,14,53.34,2018-08-20,2018-08-20T14:00:00.000000+0200
20/08/2018,15,51.81,2018-08-20,2018-08-20T15:00:00.000000+0200
20/08/2018,16,49.46,2018-08-20,2018-08-20T16:00:00.000000+0200
20/08/2018,17,50.01,2018-08-20,2018-08-20T17:00:00.000000+0200
20/08/2018,18,53.37,2018-08-20,2018-08-20T18:00:00.000000+0200
20/08/2018,19,57.01,2018-08-20,2018-08-20T19:00:00.000000+0200
20/08/2018,20,55.4,2018-08-20,2018-08-20T20:00:00.000000+0200
20/08/2018,21,62.01,2018-08-20,2018-08-20T21:00:00.000000+0200
20/08/2018,22,75.102,2018-08-20,2018-08-20T22:00:00.000000+0200
20/08/2018,23,75.122,2018-08-20,2018-08-20T23:00:00.000000+0200
20/08/2018,24,61.91,2018-08-20,2018-08-21T00:00:00.000000+0200
21/08/2018,1,55.01,2018-08-21,2018-08-21T01:00:00.000000+0200
21/08/2018,2,51.83,2018-08-21,2018-08-21T02:00:00.000000+0200
21/08/2018,3,49.27,2018-08-21,2018-08-21T03:00:00.000000+0200
21/08/2018,4,46.51,2018-08-21,2018-08-21T04:00:00.000000+0200
21/08/2018,5,43.87,2018-08-21,2018-08-21T05:00:00.000000+0200
21/08/2018,6,42.97,2018-08-21,2018-08-21T06:00:00.000000+0200
21/08/2018,7,42.5,2018-08-21,2018-08-21T07:00:00.000000+0200
21/08/2018,8,42.46,2018-08-21,2018-08-21T08:00:00.000000+0200
21/08/2018,9,44.77,2018-08-21,2018-08-21T09:00:00.000000+0200
21/08/2018,10,52.11,2018-08-21,2018-08-21T10:00:00.000000+0200
21/08/2018,11,54.84,2018-08-21,2018-08-21T11:00:00.000000+0200
21/08/2018,12,55.71,2018-08-21,2018-08-21T12:00:00.000000+0200
21/08/2018,13,54.02,2018-08-21,2018-08-21T13:00:00.000000+0200
21/08/2018,14,52.25,2018-08-21,2018-08-21T14:00:00.000000+0200
21/08/2018,15,50.91,2018-08-21,2018-08-21T15:00:00.000000+0200
21/08/2018,16,48.68,2018-08-21,2018-08-21T16:00:00.000000+0200
21/08/2018,17,49.35,2018-08-21,2018-08-21T17:00:00.000000+0200
21/08/2018,18,51.66,2018-08-21,2018-08-21T18:00:00.000000+0200
21/08/2018,19,53.01,2018-08-21,2018-08-21T19:00:00.000000+0200
21/08/2018,20,54.51,2018-08-21,2018-08-21T20:00:00.000000+0200
21/08/2018,21,56.44,2018-08-21,2018-08-21T21:00:00.000000+0200
21/08/2018,22,74.18,2018-08-21,2018-08-21T22:00:00.000000+0200
21/08/2018,23,74.18,2018-08-21,2018-08-21T23:00:00.000000+0200
21/08/2018,24,54.84,2018-08-21,2018-08-22T00:00:00.000000+0200
22/08/2018,1,53.93,2018-08-22,2018-08-22T01:00:00.000000+0200
22/08/2018,2,50.63,2018-08-22,2018-08-22T02:00:00.000000+0200
22/08/2018,3,49.95,2018-08-22,2018-08-22T03:00:00.000000+0200
22/08/2018,4,49.19,2018-08-22,2018-08-22T04:00:00.000000+0200
22/08/2018,5,45.25,2018-08-22,2018-08-22T05:00:00.000000+0200
22/08/2018,6,43.26,2018-08-22,2018-08-22T06:00:00.000000+0200
22/08/2018,7,43.78,2018-08-22,2018-08-22T07:00:00.000000+0200
22/08/2018,8,42.66,2018-08-22,2018-08-22T08:00:00.000000+0200
22/08/2018,9,43.82,2018-08-22,2018-08-22T09:00:00.000000+0200
22/08/2018,10,45.25,2018-08-22,2018-08-22T10:00:00.000000+0200
22/08/2018,11,47.53,2018-08-22,2018-08-22T11:00:00.000000+0200
22/08/2018,12,50.86,2018-08-22,2018-08-22T12:00:00.000000+0200
22/08/2018,13,54.02,2018-08-22,2018-08-22T13:00:00.000000+0200
22/08/2018,14,49.1,2018-08-22,2018-08-22T14:00:00.000000+0200
22/08/2018,15,44.75,2018-08-22,2018-08-22T15:00:00.000000+0200
22/08/2018,16,46.01,2018-08-22,2018-08-22T16:00:00.000000+0200
22/08/2018,17,45.42,2018-08-22,2018-08-22T17:00:00.000000+0200
22/08/2018,18,43.27,2018-08-22,2018-08-22T18:00:00.000000+0200
22/08/2018,19,45.72,2018-08-22,2018-08-22T19:00:00.000000+0200
22/08/2018,20,48.5,2018-08-22,2018-08-22T20:00:00.000000+0200
22/08/2018,21,49.53,2018-08-22,2018-08-22T21:00:00.000000+0200
22/08/2018,22,54.9,2018-08-22,2018-08-22T22:00:00.000000+0200
22/08/2018,23,63.32,2018-08-22,2018-08-22T23:00:00.000000+0200
22/08/2018,24,52.93,2018-08-22,2018-08-23T00:00:00.000000+0200
23/08/2018,1,49.31,2018-08-23,2018-08-23T01:00:00.000000+0200
23/08/2018,2,46.45,2018-08-23,2018-08-23T02:00:00.000000+0200
23/08/2018,3,43.01,2018-08-23,2018-08-23T03:00:00.000000+0200
23/08/2018,4,41.58,2018-08-23,2018-08-23T04:00:00.000000+0200
23/08/2018,5,40.01,2018-08-23,2018-08-23T05:00:00.000000+0200
23/08/2018,6,34.95,2018-08-23,2018-08-23T06:00:00.000000+0200
23/08/2018,7,31.52,2018-08-23,2018-08-23T07:00:00.000000+0200
23/08/2018,8,35.01,2018-08-23,2018-08-23T08:00:00.000000+0200
23/08/2018,9,40.69,2018-08-23,2018-08-23T09:00:00.000000+0200
23/08/2018,10,39.26,2018-08-23,2018-08-23T10:00:00.000000+0200
23/08/2018,11,40.69,2018-08-23,2018-08-23T11:00:00.000000+0200
23/08/2018,12,46.55,2018-08-23,2018-08-23T12:00:00.000000+0200
23/08/2018,13,46.78,2018-08-23,2018-08-23T13:00:00.000000+0200
23/08/2018,14,46.78,2018-08-23,2018-08-23T14:00:00.000000+0200
23/08/2018,15,46.78,2018-08-23,2018-08-23T15:00:00.000000+0200
23/08/2018,16,46.78,2018-08-23,2018-08-23T16:00:00.000000+0200
23/08/2018,17,10.01,2018-08-23,2018-08-23T17:00:00.000000+0200
23/08/2018,18,19.91,2018-08-23,2018-08-23T18:00:00.000000+0200
23/08/2018,19,46.79,2018-08-23,2018-08-23T19:00:00.000000+0200
23/08/2018,20,47.79,2018-08-23,2018-08-23T20:00:00.000000+0200
23/08/2018,21,54.44,2018-08-23,2018-08-23T21:00:00.000000+0200
23/08/2018,22,74.18,2018-08-23,2018-08-23T22:00:00.000000+0200
23/08/2018,23,74.18,2018-08-23,2018-08-23T23:00:00.000000+0200
23/08/2018,24,55.01,2018-08-23,2018-08-24T00:00:00.000000+0200
24/08/2018,1,50.13,2018-08-24,2018-08-24T01:00:00.000000+0200
24/08/2018,2,45.01,2018-08-24,2018-08-24T02:00:00.000000+0200
24/08/2018,3,40.69,2018-08-24,2018-08-24T03:00:00.000000+0200
24/08/2018,4,32.11,2018-08-24,2018-08-24T04:00:00.000000+0200
24/08/2018,5,28.47,2018-08-24,2018-08-24T05:00:00.000000+0200
24/08/2018,6,19.81,2018-08-24,2018-08-24T06:00:00.000000+0200
24/08/2018,7,12.01,2018-08-24,2018-08-24T07:00:00.000000+0200
24/08/2018,8,19.35,2018-08-24,2018-08-24T08:00:00.000000+0200
24/08/2018,9,30.01,2018-08-24,2018-08-24T09:00:00.000000+0200
24/08/2018,10,44.7,2018-08-24,2018-08-24T10:00:00.000000+0200
24/08/2018,11,50.59,2018-08-24,2018-08-24T11:00:00.000000+0200
24/08/2018,12,52.86,2018-08-24,2018-08-24T12:00:00.000000+0200
24/08/2018,13,49.67,2018-08-24,2018-08-24T13:00:00.000000+0200
24/08/2018,14,49.67,2018-08-24,2018-08-24T14:00:00.000000+0200
24/08/2018,15,50.01,2018-08-24,2018-08-24T15:00:00.000000+0200
24/08/2018,16,45.57,2018-08-24,2018-08-24T16:00:00.000000+0200
24/08/2018,17,46.16,2018-08-24,2018-08-24T17:00:00.000000+0200
24/08/2018,18,49.46,2018-08-24,2018-08-24T18:00:00.000000+0200
24/08/2018,19,49.67,2018-08-24,2018-08-24T19:00:00.000000+0200
24/08/2018,20,49.67,2018-08-24,2018-08-24T20:00:00.000000+0200
24/08/2018,21,51.26,2018-08-24,2018-08-24T21:00:00.000000+0200
24/08/2018,22,56.01,2018-08-24,2018-08-24T22:00:00.000000+0200
24/08/2018,23,62.01,2018-08-24,2018-08-24T23:00:00.000000+0200
24/08/2018,24,55.24,2018-08-24,2018-08-25T00:00:00.000000+0200
25/08/2018,1,50.47,2018-08-25,2018-08-25T01:00:00.000000+0200
25/08/2018,2,45.57,2018-08-25,2018-08-25T02:00:00.000000+0200
25/08/2018,3,40.86,2018-08-25,2018-08-25T03:00:00.000000+0200
25/08/2018,4,40.104,2018-08-25,2018-08-25T04:00:00.000000+0200
25/08/2018,5,32.91,2018-08-25,2018-08-25T05:00:00.000000+0200
25/08/2018,6,28.87,2018-08-25,2018-08-25T06:00:00.000000+0200
25/08/2018,7,27.01,2018-08-25,2018-08-25T07:00:00.000000+0200
25/08/2018,8,29.5,2018-08-25,2018-08-25T08:00:00.000000+0200
25/08/2018,9,40.31,2018-08-25,2018-08-25T09:00:00.000000+0200
25/08/2018,10,49.68,2018-08-25,2018-08-25T10:00:00.000000+0200
25/08/2018,11,59.01,2018-08-25,2018-08-25T11:00:00.000000+0200
25/08/2018,12,65.51,2018-08-25,2018-08-25T12:00:00.000000+0200
25/08/2018,13,55.26,2018-08-25,2018-08-25T13:00:00.000000+0200
25/08/2018,14,49.68,2018-08-25,2018-08-25T14:00:00.000000+0200
25/08/2018,15,55.01,2018-08-25,2018-08-25T15:00:00.000000+0200
25/08/2018,16,49.68,2018-08-25,2018-08-25T16:00:00.000000+0200
25/08/2018,17,53.3,2018-08-25,2018-08-25T17:00:00.000000+0200
25/08/2018,18,55.2,2018-08-25,2018-08-25T18:00:00.000000+0200
25/08/2018,19,49.68,2018-08-25,2018-08-25T19:00:00.000000+0200
25/08/2018,20,59.92,2018-08-25,2018-08-25T20:00:00.000000+0200
25/08/2018,21,66.51,2018-08-25,2018-08-25T21:00:00.000000+0200
25/08/2018,22,79.01,2018-08-25,2018-08-25T22:00:00.000000+0200
25/08/2018,23,95.01,2018-08-25,2018-08-25T23:00:00.000000+0200
25/08/2018,24,74.04,2018-08-25,2018-08-26T00:00:00.000000+0200
26/08/2018,1,66.88,2018-08-26,2018-08-26T01:00:00.000000+0200
26/08/2018,2,61.25,2018-08-26,2018-08-26T02:00:00.000000+0200
26/08/2018,3,51.47,2018-08-26,2018-08-26T03:00:00.000000+0200
26/08/2018,4,43.93,2018-08-26,2018-08-26T04:00:00.000000+0200
26/08/2018,5,40.5,2018-08-26,2018-08-26T05:00:00.000000+0200
26/08/2018,6,37.03,2018-08-26,2018-08-26T06:00:00.000000+0200
26/08/2018,7,35.56,2018-08-26,2018-08-26T07:00:00.000000+0200
26/08/2018,8,35.56,2018-08-26,2018-08-26T08:00:00.000000+0200
26/08/2018,9,41.01,2018-08-26,2018-08-26T09:00:00.000000+0200
26/08/2018,10,49.01,2018-08-26,2018-08-26T10:00:00.000000+0200
26/08/2018,11,63.71,2018-08-26,2018-08-26T11:00:00.000000+0200
26/08/2018,12,62.88,2018-08-26,2018-08-26T12:00:00.000000+0200
26/08/2018,13,52.31,2018-08-26,2018-08-26T13:00:00.000000+0200
26/08/2018,14,47.02,2018-08-26,2018-08-26T14:00:00.000000+0200
26/08/2018,15,42.01,2018-08-26,2018-08-26T15:00:00.000000+0200
26/08/2018,16,41.42,2018-08-26,2018-08-26T16:00:00.000000+0200
26/08/2018,17,41.42,2018-08-26,2018-08-26T17:00:00.000000+0200
26/08/2018,18,46.1,2018-08-26,2018-08-26T18:00:00.000000+0200
26/08/2018,19,50.97,2018-08-26,2018-08-26T19:00:00.000000+0200
26/08/2018,20,56.62,2018-08-26,2018-08-26T20:00:00.000000+0200
26/08/2018,21,65.12,2018-08-26,2018-08-26T21:00:00.000000+0200
26/08/2018,22,74.04,2018-08-26,2018-08-26T22:00:00.000000+0200
26/08/2018,23,75.57,2018-08-26,2018-08-26T23:00:00.000000+0200
26/08/2018,24,72.49,2018-08-26,2018-08-27T00:00:00.000000+0200
27/08/2018,1,62.65,2018-08-27,2018-08-27T01:00:00.000000+0200
27/08/2018,2,55.51,2018-08-27,2018-08-27T02:00:00.000000+0200
27/08/2018,3,47.54,2018-08-27,2018-08-27T03:00:00.000000+0200
27/08/2018,4,47.128,2018-08-27,2018-08-27T04:00:00.000000+0200
27/08/2018,5,44.93,2018-08-27,2018-08-27T05:00:00.000000+0200
27/08/2018,6,43.69,2018-08-27,2018-08-27T06:00:00.000000+0200
27/08/2018,7,42.27,2018-08-27,2018-08-27T07:00:00.000000+0200
27/08/2018,8,41.43,2018-08-27,2018-08-27T08:00:00.000000+0200
27/08/2018,9,45.01,2018-08-27,2018-08-27T09:00:00.000000+0200
27/08/2018,10,59.42,2018-08-27,2018-08-27T10:00:00.000000+0200
27/08/2018,11,66.71,2018-08-27,2018-08-27T11:00:00.000000+0200
27/08/2018,12,73.74,2018-08-27,2018-08-27T12:00:00.000000+0200
27/08/2018,13,57.06,2018-08-27,2018-08-27T13:00:00.000000+0200
27/08/2018,14,53.03,2018-08-27,2018-08-27T14:00:00.000000+0200
27/08/2018,15,54.85,2018-08-27,2018-08-27T15:00:00.000000+0200
27/08/2018,16,41.27,2018-08-27,2018-08-27T16:00:00.000000+0200
27/08/2018,17,41.12,2018-08-27,2018-08-27T17:00:00.000000+0200
27/08/2018,18,55.91,2018-08-27,2018-08-27T18:00:00.000000+0200
27/08/2018,19,62.65,2018-08-27,2018-08-27T19:00:00.000000+0200
27/08/2018,20,63.01,2018-08-27,2018-08-27T20:00:00.000000+0200
27/08/2018,21,66.58,2018-08-27,2018-08-27T21:00:00.000000+0200
27/08/2018,22,74.04,2018-08-27,2018-08-27T22:00:00.000000+0200
27/08/2018,23,75.57,2018-08-27,2018-08-27T23:00:00.000000+0200
27/08/2018,24,66.81,2018-08-27,2018-08-28T00:00:00.000000+0200
28/08/2018,1,56.36,2018-08-28,2018-08-28T01:00:00.000000+0200
28/08/2018,2,52.08,2018-08-28,2018-08-28T02:00:00.000000+0200
28/08/2018,3,45.39,2018-08-28,2018-08-28T03:00:00.000000+0200
28/08/2018,4,45.36,2018-08-28,2018-08-28T04:00:00.000000+0200
28/08/2018,5,40.69,2018-08-28,2018-08-28T05:00:00.000000+0200
28/08/2018,6,35.9,2018-08-28,2018-08-28T06:00:00.000000+0200
28/08/2018,7,36.91,2018-08-28,2018-08-28T07:00:00.000000+0200
28/08/2018,8,39.11,2018-08-28,2018-08-28T08:00:00.000000+0200
28/08/2018,9,43.56,2018-08-28,2018-08-28T09:00:00.000000+0200
28/08/2018,10,52.01,2018-08-28,2018-08-28T10:00:00.000000+0200
28/08/2018,11,55.01,2018-08-28,2018-08-28T11:00:00.000000+0200
28/08/2018,12,58.2,2018-08-28,2018-08-28T12:00:00.000000+0200
28/08/2018,13,55.1,2018-08-28,2018-08-28T13:00:00.000000+0200
28/08/2018,14,52.87,2018-08-28,2018-08-28T14:00:00.000000+0200
28/08/2018,15,53.41,2018-08-28,2018-08-28T15:00:00.000000+0200
28/08/2018,16,52.12,2018-08-28,2018-08-28T16:00:00.000000+0200
28/08/2018,17,50.19,2018-08-28,2018-08-28T17:00:00.000000+0200
28/08/2018,18,52.171,2018-08-28,2018-08-28T18:00:00.000000+0200
28/08/2018,19,52.243,2018-08-28,2018-08-28T19:00:00.000000+0200
28/08/2018,20,56.01,2018-08-28,2018-08-28T20:00:00.000000+0200
28/08/2018,21,60.02,2018-08-28,2018-08-28T21:00:00.000000+0200
28/08/2018,22,74.04,2018-08-28,2018-08-28T22:00:00.000000+0200
28/08/2018,23,75.57,2018-08-28,2018-08-28T23:00:00.000000+0200
28/08/2018,24,73.74,2018-08-28,2018-08-29T00:00:00.000000+0200
29/08/2018,1,56.1,2018-08-29,2018-08-29T01:00:00.000000+0200
29/08/2018,2,54.24,2018-08-29,2018-08-29T02:00:00.000000+0200
29/08/2018,3,51.31,2018-08-29,2018-08-29T03:00:00.000000+0200
29/08/2018,4,57.01,2018-08-29,2018-08-29T04:00:00.000000+0200
29/08/2018,5,51.01,2018-08-29,2018-08-29T05:00:00.000000+0200
29/08/2018,6,49.73,2018-08-29,2018-08-29T06:00:00.000000+0200
29/08/2018,7,47.78,2018-08-29,2018-08-29T07:00:00.000000+0200
29/08/2018,8,46.73,2018-08-29,2018-08-29T08:00:00.000000+0200
29/08/2018,9,48.1,2018-08-29,2018-08-29T09:00:00.000000+0200
29/08/2018,10,52.54,2018-08-29,2018-08-29T10:00:00.000000+0200
29/08/2018,11,56.57,2018-08-29,2018-08-29T11:00:00.000000+0200
29/08/2018,12,60.45,2018-08-29,2018-08-29T12:00:00.000000+0200
29/08/2018,13,66.81,2018-08-29,2018-08-29T13:00:00.000000+0200
29/08/2018,14,68.42,2018-08-29,2018-08-29T14:00:00.000000+0200
29/08/2018,15,52.54,2018-08-29,2018-08-29T15:00:00.000000+0200
29/08/2018,16,45.82,2018-08-29,2018-08-29T16:00:00.000000+0200
29/08/2018,17,45.66,2018-08-29,2018-08-29T17:00:00.000000+0200
29/08/2018,18,45.66,2018-08-29,2018-08-29T18:00:00.000000+0200
29/08/2018,19,45.82,2018-08-29,2018-08-29T19:00:00.000000+0200
29/08/2018,20,51.1,2018-08-29,2018-08-29T20:00:00.000000+0200
29/08/2018,21,52.54,2018-08-29,2018-08-29T21:00:00.000000+0200
29/08/2018,22,62.91,2018-08-29,2018-08-29T22:00:00.000000+0200
29/08/2018,23,73.62,2018-08-29,2018-08-29T23:00:00.000000+0200
29/08/2018,24,63.84,2018-08-29,2018-08-30T00:00:00.000000+0200
30/08/2018,1,57.138,2018-08-30,2018-08-30T01:00:00.000000+0200
30/08/2018,2,57.187,2018-08-30,2018-08-30T02:00:00.000000+0200
30/08/2018,3,52.54,2018-08-30,2018-08-30T03:00:00.000000+0200
30/08/2018,4,46.73,2018-08-30,2018-08-30T04:00:00.000000+0200
30/08/2018,5,43.98,2018-08-30,2018-08-30T05:00:00.000000+0200
30/08/2018,6,40.64,2018-08-30,2018-08-30T06:00:00.000000+0200
30/08/2018,7,38.76,2018-08-30,2018-08-30T07:00:00.000000+0200
30/08/2018,8,37.1,2018-08-30,2018-08-30T08:00:00.000000+0200
30/08/2018,9,37.89,2018-08-30,2018-08-30T09:00:00.000000+0200
30/08/2018,10,37.6,2018-08-30,2018-08-30T10:00:00.000000+0200
30/08/2018,11,36.3,2018-08-30,2018-08-30T11:00:00.000000+0200
30/08/2018,12,37.06,2018-08-30,2018-08-30T12:00:00.000000+0200
30/08/2018,13,41.65,2018-08-30,2018-08-30T13:00:00.000000+0200
30/08/2018,14,47.01,2018-08-30,2018-08-30T14:00:00.000000+0200
30/08/2018,15,45.99,2018-08-30,2018-08-30T15:00:00.000000+0200
30/08/2018,16,47.69,2018-08-30,2018-08-30T16:00:00.000000+0200
30/08/2018,17,44.37,2018-08-30,2018-08-30T17:00:00.000000+0200
30/08/2018,18,37.71,2018-08-30,2018-08-30T18:00:00.000000+0200
30/08/2018,19,38.01,2018-08-30,2018-08-30T19:00:00.000000+0200
30/08/2018,20,45.75,2018-08-30,2018-08-30T20:00:00.000000+0200
30/08/2018,21,49.5,2018-08-30,2018-08-30T21:00:00.000000+0200
30/08/2018,22,60.01,2018-08-30,2018-08-30T22:00:00.000000+0200
30/08/2018,23,66.01,2018-08-30,2018-08-30T23:00:00.000000+0200
30/08/2018,24,64.51,2018-08-30,2018-08-31T00:00:00.000000+0200
31/08/2018,1,59.96,2018-08-31,2018-08-31T01:00:00.000000+0200
31/08/2018,2,54.93,2018-08-31,2018-08-31T02:00:00.000000+0200
31/08/2018,3,48.71,2018-08-31,2018-08-31T03:00:00.000000+0200
31/08/2018,4,45.88,2018-08-31,2018-08-31T04:00:00.000000+0200
31/08/2018,5,41.91,2018-08-31,2018-08-31T05:00:00.000000+0200
31/08/2018,6,40.01,2018-08-31,2018-08-31T06:00:00.000000+0200
31/08/2018,7,37.71,2018-08-31,2018-08-31T07:00:00.000000+0200
31/08/2018,8,38.11,2018-08-31,2018-08-31T08:00:00.000000+0200
31/08/2018,9,43.05,2018-08-31,2018-08-31T09:00:00.000000+0200
31/08/2018,10,57.14,2018-08-31,2018-08-31T10:00:00.000000+0200
31/08/2018,11,65.81,2018-08-31,2018-08-31T11:00:00.000000+0200
31/08/2018,12,70.01,2018-08-31,2018-08-31T12:00:00.000000+0200
31/08/2018,13,71.96,2018-08-31,2018-08-31T13:00:00.000000+0200
31/08/2018,14,69.3,2018-08-31,2018-08-31T14:00:00.000000+0200
31/08/2018,15,69.3,2018-08-31,2018-08-31T15:00:00.000000+0200
31/08/2018,16,60.41,2018-08-31,2018-08-31T16:00:00.000000+0200
31/08/2018,17,59.23,2018-08-31,2018-08-31T17:00:00.000000+0200
31/08/2018,18,62.5,2018-08-31,2018-08-31T18:00:00.000000+0200
31/08/2018,19,64.56,2018-08-31,2018-08-31T19:00:00.000000+0200
31/08/2018,20,71.01,2018-08-31,2018-08-31T20:00:00.000000+0200
31/08/2018,21,67.78,2018-08-31,2018-08-31T21:00:00.000000+0200
31/08/2018,22,73.01,2018-08-31,2018-08-31T22:00:00.000000+0200
31/08/2018,23,98.2,2018-08-31,2018-08-31T23:00:00.000000+0200
31/08/2018,24,67.91,2018-08-31,2018-09-01T00:00:00.000000+0200
01/09/2018,1,61.42,2018-09-01,2018-09-01T01:00:00.000000+0200
01/09/2018,2,59.23,2018-09-01,2018-09-01T02:00:00.000000+0200
01/09/2018,3,51.16,2018-09-01,2018-09-01T03:00:00.000000+0200
01/09/2018,4,46.6,2018-09-01,2018-09-01T04:00:00.000000+0200
01/09/2018,5,46.6,2018-09-01,2018-09-01T05:00:00.000000+0200
01/09/2018,6,44.83,2018-09-01,2018-09-01T06:00:00.000000+0200
01/09/2018,7,46.154,2018-09-01,2018-09-01T07:00:00.000000+0200
01/09/2018,8,46.211,2018-09-01,2018-09-01T08:00:00.000000+0200
01/09/2018,9,48.25,2018-09-01,2018-09-01T09:00:00.000000+0200
01/09/2018,10,58.28,2018-09-01,2018-09-01T10:00:00.000000+0200
01/09/2018,11,70.55,2018-09-01,2018-09-01T11:00:00.000000+0200
01/09/2018,12,74.16,2018-09-01,2018-09-01T12:00:00.000000+0200
01/09/2018,13,71.46,2018-09-01,2018-09-01T13:00:00.000000+0200
01/09/2018,14,68.81,2018-09-01,2018-09-01T14:00:00.000000+0200
01/09/2018,15,64.51,2018-09-01,2018-09-01T15:00:00.000000+0200
01/09/2018,16,58.7,2018-09-01,2018-09-01T16:00:00.000000+0200
01/09/2018,17,58.24,2018-09-01,2018-09-01T17:00:00.000000+0200
01/09/2018,18,65.01,2018-09-01,2018-09-01T18:00:00.000000+0200
01/09/2018,19,71.0,2018-09-01,2018-09-01T19:00:00.000000+0200
01/09/2018,20,71.0,2018-09-01,2018-09-01T20:00:00.000000+0200
01/09/2018,21,73.51,2018-09-01,2018-09-01T21:00:00.000000+0200
01/09/2018,22,75.107,2018-09-01,2018-09-01T22:00:00.000000+0200
01/09/2018,23,75.146,2018-09-01,2018-09-01T23:00:00.000000+0200
01/09/2018,24,71.74,2018-09-01,2018-09-02T00:00:00.000000+0200
02/09/2018,1,60.95,2018-09-02,2018-09-02T01:00:00.000000+0200
02/09/2018,2,56.01,2018-09-02,2018-09-02T02:00:00.000000+0200
02/09/2018,3,52.12,2018-09-02,2018-09-02T03:00:00.000000+0200
02/09/2018,4,48.24,2018-09-02,2018-09-02T04:00:00.000000+0200
02/09/2018,5,44.66,2018-09-02,2018-09-02T05:00:00.000000+0200
02/09/2018,6,44.0,2018-09-02,2018-09-02T06:00:00.000000+0200
02/09/2018,7,44.4,2018-09-02,2018-09-02T07:00:00.000000+0200
02/09/2018,8,44.9,2018-09-02,2018-09-02T08:00:00.000000+0200
02/09/2018,9,46.41,2018-09-02,2018-09-02T09:00:00.000000+0200
02/09/2018,10,57.16,2018-09-02,2018-09-02T10:00:00.000000+0200
02/09/2018,11,71.01,2018-09-02,2018-09-02T11:00:00.000000+0200
02/09/2018,12,78.34,2018-09-02,2018-09-02T12:00:00.000000+0200
02/09/2018,13,70.35,2018-09-02,2018-09-02T13:00:00.000000+0200
02/09/2018,14,61.47,2018-09-02,2018-09-02T14:00:00.000000+0200
02/09/2018,15,57.1,2018-09-02,2018-09-02T15:00:00.000000+0200
02/09/2018,16,55.1,2018-09-02,2018-09-02T16:00:00.000000+0200
02/09/2018,17,55.28,2018-09-02,2018-09-02T17:00:00.000000+0200
02/09/2018,18,56.02,2018-09-02,2018-09-02T18:00:00.000000+0200
02/09/2018,19,57.01,2018-09-02,2018-09-02T19:00:00.000000+0200
02/09/2018,20,58.01,2018-09-02,2018-09-02T20:00:00.000000+0200
02/09/2018,21,59.89,2018-09-02,2018-09-02T21:00:00.000000+0200
02/09/2018,22,70.7,2018-09-02,2018-09-02T22:00:00.000000+0200
02/09/2018,23,78.92,2018-09-02,2018-09-02T23:00:00.000000+0200
02/09/2018,24,65.74,2018-09-02,2018-09-03T00:00:00.000000+0200
03/09/2018,1,57.1,2018-09-03,2018-09-03T01:00:00.000000+0200
03/09/2018,2,55.75,2018-09-03,2018-09-03T02:00:00.000000+0200
03/09/2018,3,49.71,2018-09-03,2018-09-03T03:00:00.000000+0200
03/09/2018,4,58.73,2018-09-03,2018-09-03T04:00:00.000000+0200
03/09/2018,5,51.62,2018-09-03,2018-09-03T05:00:00.000000+0200
03/09/2018,6,54.25,2018-09-03,2018-09-03T06:00:00.000000+0200
03/09/2018,7,48.17,2018-09-03,2018-09-03T07:00:00.000000+0200
03/09/2018,8,48.64,2018-09-03,2018-09-03T08:00:00.000000+0200
03/09/2018,9,51.87,2018-09-03,2018-09-03T09:00:00.000000+0200
03/09/2018,10,58.73,2018-09-03,2018-09-03T10:00:00.000000+0200
03/09/2018,11,73.01,2018-09-03,2018-09-03T11:00:00.000000+0200
03/09/2018,12,75.0,2018-09-03,2018-09-03T12:00:00.000000+0200
03/09/2018,13,75.0,2018-09-03,2018-09-03T13:00:00.000000+0200
03/09/2018,14,71.01,2018-09-03,2018-09-03T14:00:00.000000+0200
03/09/2018,15,63.89,2018-09-03,2018-09-03T15:00:00.000000+0200
03/09/2018,16,58.72,2018-09-03,2018-09-03T16:00:00.000000+0200
03/09/2018,17,58.72,2018-09-03,2018-09-03T17:00:00.000000+0200
03/09/2018,18,62.02,2018-09-03,2018-09-03T18:00:00.000000+0200
03/09/2018,19,70.02,2018-09-03,2018-09-03T19:00:00.000000+0200
03/09/2018,20,75.01,2018-09-03,2018-09-03T20:00:00.000000+0200
03/09/2018,21,82.57,2018-09-03,2018-09-03T21:00:00.000000+0200
03/09/2018,22,96.01,2018-09-03,2018-09-03T22:00:00.000000+0200
03/09/2018,23,113.17,2018-09-03,2018-09-03T23:00:00.000000+0200
03/09/2018,24,82.65,2018-09-03,2018-09-04T00:00:00.000000+0200
04/09/2018,1,73.01,2018-09-04,2018-09-04T01:00:00.000000+0200
04/09/2018,2,64.08,2018-09-04,2018-09-04T02:00:00.000000+0200
04/09/2018,3,58.01,2018-09-04,2018-09-04T03:00:00.000000+0200
04/09/2018,4,44.67,2018-09-04,2018-09-04T04:00:00.000000+0200
04/09/2018,5,43.91,2018-09-04,2018-09-04T05:00:00.000000+0200
04/09/2018,6,41.14,2018-09-04,2018-09-04T06:00:00.000000+0200
04/09/2018,7,40.61,2018-09-04,2018-09-04T07:00:00.000000+0200
04/09/2018,8,40.67,2018-09-04,2018-09-04T08:00:00.000000+0200
04/09/2018,9,44.21,2018-09-04,2018-09-04T09:00:00.000000+0200
04/09/2018,10,50.6,2018-09-04,2018-09-04T10:00:00.000000+0200
04/09/2018,11,64.08,2018-09-04,2018-09-04T11:00:00.000000+0200
04/09/2018,12,70.43,2018-09-04,2018-09-04T12:00:00.000000+0200
04/09/2018,13,65.73,2018-09-04,2018-09-04T13:00:00.000000+0200
04/09/2018,14,55.24,2018-09-04,2018-09-04T14:00:00.000000+0200
04/09/2018,15,54.41,2018-09-04,2018-09-04T15:00:00.000000+0200
04/09/2018,16,48.33,2018-09-04,2018-09-04T16:00:00.000000+0200
04/09/2018,17,50.36,2018-09-04,2018-09-04T17:00:00.000000+0200
04/09/2018,18,49.73,2018-09-04,2018-09-04T18:00:00.000000+0200
04/09/2018,19,52.06,2018-09-04,2018-09-04T19:00:00.000000+0200
04/09/2018,20,55.01,2018-09-04,2018-09-04T20:00:00.000000+0200
04/09/2018,21,57.1,2018-09-04,2018-09-04T21:00:00.000000+0200
04/09/2018,22,69.2,2018-09-04,2018-09-04T22:00:00.000000+0200
04/09/2018,23,77.82,2018-09-04,2018-09-04T23:00:00.000000+0200
04/09/2018,24,70.01,2018-09-04,2018-09-05T00:00:00.000000+0200
05/09/2018,1,57.16,2018-09-05,2018-09-05T01:00:00.000000+0200
05/09/2018,2,54.95,2018-09-05,2018-09-05T02:00:00.000000+0200
05/09/2018,3,49.38,2018-09-05,2018-09-05T03:00:00.000000+0200
05/09/2018,4,47.4,2018-09-05,2018-09-05T04:00:00.000000+0200
05/09/2018,5,46.09,2018-09-05,2018-09-05T05:00:00.000000+0200
05/09/2018,6,45.69,2018-09-05,2018-09-05T06:00:00.000000+0200
05/09/2018,7,44.94,2018-09-05,2018-09-05T07:00:00.000000+0200
05/09/2018,8,45.26,2018-09-05,2018-09-05T08:00:00.000000+0200
05/09/2018,9,45.29,2018-09-05,2018-09-05T09:00:00.000000+0200
05/09/2018,10,45.6,2018-09-05,2018-09-05T10:00:00.000000+0200
05/09/2018,11,47.4,2018-09-05,2018-09-05T11:00:00.000000+0200
05/09/2018,12,49.1,2018-09-05,2018-09-05T12:00:00.000000+0200
05/09/2018,13,52.74,2018-09-05,2018-09-05T13:00:00.000000+0200
05/09/2018,14,48.77,2018-09-05,2018-09-05T14:00:00.000000+0200
05/09/2018,15,47.65,2018-09-05,2018-09-05T15:00:00.000000+0200
05/09/2018,16,46.09,2018-09-05,2018-09-05T16:00:00.000000+0200
05/09/2018,17,45.01,2018-09-05,2018-09-05T17:00:00.000000+0200
05/09/2018,18,43.78,2018-09-05,2018-09-05T18:00:00.000000+0200
05/09/2018,19,45.51,2018-09-05,2018-09-05T19:00:00.000000+0200
05/09/2018,20,47.11,2018-09-05,2018-09-05T20:00:00.000000+0200
05/09/2018,21,51.51,2018-09-05,2018-09-05T21:00:00.000000+0200
05/09/2018,22,72.02,2018-09-05,2018-09-05T22:00:00.000000+0200
05/09/2018,23,80.01,2018-09-05,2018-09-05T23:00:00.000000+0200
05/09/2018,24,66.46,2018-09-05,2018-09-06T00:00:00.000000+0200
06/09/2018,1,52.15,2018-09-06,2018-09-06T01:00:00.000000+0200
06/09/2018,2,47.69,2018-09-06,2018-09-06T02:00:00.000000+0200
06/09/2018,3,46.08,2018-09-06,2018-09-06T03:00:00.000000+0200
06/09/2018,4,46.74,2018-09-06,2018-09-06T04:00:00.000000+0200
06/09/2018,5,46.0,2018-09-06,2018-09-06T05:00:00.000000+0200
06/09/2018,6,37.1,2018-09-06,2018-09-06T06:00:00.000000+0200
06/09/2018,7,37.41,2018-09-06,2018-09-06T07:00:00.000000+0200
06/09/2018,8,43.01,2018-09-06,2018-09-06T08:00:00.000000+0200
06/09/2018,9,42.25,2018-09-06,2018-09-06T09:00:00.000000+0200
06/09/2018,10,43.68,2018-09-06,2018-09-06T10:00:00.000000+0200
06/09/2018,11,46.08,2018-09-06,2018-09-06T11:00:00.000000+0200
06/09/2018,12,46.08,2018-09-06,2018-09-06T12:00:00.000000+0200
06/09/2018,13,46.36,2018-09-06,2018-09-06T13:00:00.000000+0200
06/09/2018,14,46.17,2018-09-06,2018-09-06T14:00:00.000000+0200
06/09/2018,15,45.71,2018-09-06,2018-09-06T15:00:00.000000+0200
06/09/2018,16,42.11,2018-09-06,2018-09-06T16:00:00.000000+0200
06/09/2018,17,37.96,2018-09-06,2018-09-06T17:00:00.000000+0200
06/09/2018,18,35.61,2018-09-06,2018-09-06T18:00:00.000000+0200
06/09/2018,19,39.83,2018-09-06,2018-09-06T19:00:00.000000+0200
06/09/2018,20,45.02,2018-09-06,2018-09-06T20:00:00.000000+0200
06/09/2018,21,51.19,2018-09-06,2018-09-06T21:00:00.000000+0200
06/09/2018,22,70.0,2018-09-06,2018-09-06T22:00:00.000000+0200
06/09/2018,23,70.0,2018-09-06,2018-09-06T23:00:00.000000+0200
06/09/2018,24,60.01,2018-09-06,2018-09-07T00:00:00.000000+0200
07/09/2018,1,54.5,2018-09-07,2018-09-07T01:00:00.000000+0200
07/09/2018,2,49.4,2018-09-07,2018-09-07T02:00:00.000000+0200
07/09/2018,3,44.13,2018-09-07,2018-09-07T03:00:00.000000+0200
07/09/2018,4,39.54,2018-09-07,2018-09-07T04:00:00.000000+0200
07/09/2018,5,38.9,2018-09-07,2018-09-07T05:00:00.000000+0200
07/09/2018,6,38.181,2018-09-07,2018-09-07T06:00:00.000000+0200
07/09/2018,7,37.26,2018-09-07,2018-09-07T07:00:00.000000+0200
07/09/2018,8,40.87,2018-09-07,2018-09-07T08:00:00.000000+0200
07/09/2018,9,52.29,2018-09-07,2018-09-07T09:00:00.000000+0200
07/09/2018,10,63.04,2018-09-07,2018-09-07T10:00:00.000000+0200
07/09/2018,11,79.48,2018-09-07,2018-09-07T11:00:00.000000+0200
07/09/2018,12,76.62,2018-09-07,2018-09-07T12:00:00.000000+0200
07/09/2018,13,51.81,2018-09-07,2018-09-07T13:00:00.000000+0200
07/09/2018,14,50.01,2018-09-07,2018-09-07T14:00:00.000000+0200
07/09/2018,15,49.31,2018-09-07,2018-09-07T15:00:00.000000+0200
07/09/2018,16,51.29,2018-09-07,2018-09-07T16:00:00.000000+0200
07/09/2018,17,51.29,2018-09-07,2018-09-07T17:00:00.000000+0200
07/09/2018,18,49.3,2018-09-07,2018-09-07T18:00:00.000000+0200
07/09/2018,19,54.02,2018-09-07,2018-09-07T19:00:00.000000+0200
07/09/2018,20,55.59,2018-09-07,2018-09-07T20:00:00.000000+0200
07/09/2018,21,75.93,2018-09-07,2018-09-07T21:00:00.000000+0200
07/09/2018,22,113.8,2018-09-07,2018-09-07T22:00:00.000000+0200
07/09/2018,23,89.08,2018-09-07,2018-09-07T23:00:00.000000+0200
07/09/2018,24,74.01,2018-09-07,2018-09-08T00:00:00.000000+0200
08/09/2018,1,54.92,2018-09-08,2018-09-08T01:00:00.000000+0200
08/09/2018,2,52.39,2018-09-08,2018-09-08T02:00:00.000000+0200
08/09/2018,3,54.02,2018-09-08,2018-09-08T03:00:00.000000+0200
08/09/2018,4,51.22,2018-09-08,2018-09-08T04:00:00.000000+0200
08/09/2018,5,51.7,2018-09-08,2018-09-08T05:00:00.000000+0200
08/09/2018,6,49.2,2018-09-08,2018-09-08T06:00:00.000000+0200
08/09/2018,7,47.68,2018-09-08,2018-09-08T07:00:00.000000+0200
08/09/2018,8,51.52,2018-09-08,2018-09-08T08:00:00.000000+0200
08/09/2018,9,54.41,2018-09-08,2018-09-08T09:00:00.000000+0200
08/09/2018,10,74.4,2018-09-08,2018-09-08T10:00:00.000000+0200
08/09/2018,11,78.01,2018-09-08,2018-09-08T11:00:00.000000+0200
08/09/2018,12,61.02,2018-09-08,2018-09-08T12:00:00.000000+0200
08/09/2018,13,56.33,2018-09-08,2018-09-08T13:00:00.000000+0200
08/09/2018,14,52.74,2018-09-08,2018-09-08T14:00:00.000000+0200
08/09/2018,15,49.53,2018-09-08,2018-09-08T15:00:00.000000+0200
08/09/2018,16,47.41,2018-09-08,2018-09-08T16:00:00.000000+0200
08/09/2018,17,49.71,2018-09-08,2018-09-08T17:00:00.000000+0200
08/09/2018,18,51.55,2018-09-08,2018-09-08T18:00:00.000000+0200
08/09/2018,19,51.68,2018-09-08,2018-09-08T19:00:00.000000+0200
08/09/2018,20,52.74,2018-09-08,2018-09-08T20:00:00.000000+0200
08/09/2018,21,56.33,2018-09-08,2018-09-08T21:00:00.000000+0200
08/09/2018,22,75.93,2018-09-08,2018-09-08T22:00:00.000000+0200
08/09/2018,23,70.01,2018-09-08,2018-09-08T23:00:00.000000+0200
08/09/2018,24,54.41,2018-09-08,2018-09-09T00:00:00.000000+0200
09/09/2018,1,52.17,2018-09-09,2018-09-09T01:00:00.000000+0200
09/09/2018,2,49.25,2018-09-09,2018-09-09T02:00:00.000000+0200
09/09/2018,3,51.61,2018-09-09,2018-09-09T03:00:00.000000+0200
09/09/2018,4,48.01,2018-09-09,2018-09-09T04:00:00.000000+0200
09/09/2018,5,45.31,2018-09-09,2018-09-09T05:00:00.000000+0200
09/09/2018,6,45.46,2018-09-09,2018-09-09T06:00:00.000000+0200
09/09/2018,7,43.97,2018-09-09,2018-09-09T07:00:00.000000+0200
09/09/2018,8,46.89,2018-09-09,2018-09-09T08:00:00.000000+0200
09/09/2018,9,52.1,2018-09-09,2018-09-09T09:00:00.000000+0200
09/09/2018,10,55.13,2018-09-09,2018-09-09T10:00:00.000000+0200
09/09/2018,11,70.01,2018-09-09,2018-09-09T11:00:00.000000+0200
09/09/2018,12,56.81,2018-09-09,2018-09-09T12:00:00.000000+0200
09/09/2018,13,53.03,2018-09-09,2018-09-09T13:00:00.000000+0200
09/09/2018,14,49.3,2018-09-09,2018-09-09T14:00:00.000000+0200
09/09/2018,15,49.3,2018-09-09,2018-09-09T15:00:00.000000+0200
09/09/2018,16,48.1,2018-09-09,2018-09-09T16:00:00.000000+0200
09/09/2018,17,49.3,2018-09-09,2018-09-09T17:00:00.000000+0200
09/09/2018,18,49.74,2018-09-09,2018-09-09T18:00:00.000000+0200
09/09/2018,19,49.88,2018-09-09,2018-09-09T19:00:00.000000+0200
09/09/2018,20,51.68,2018-09-09,2018-09-09T20:00:00.000000+0200
09/09/2018,21,55.91,2018-09-09,2018-09-09T21:00:00.000000+0200
09/09/2018,22,74.56,2018-09-09,2018-09-09T22:00:00.000000+0200
09/09/2018,23,70.01,2018-09-09,2018-09-09T23:00:00.000000+0200
09/09/2018,24,54.78,2018-09-09,2018-09-10T00:00:00.000000+0200
10/09/2018,1,51.68,2018-09-10,2018-09-10T01:00:00.000000+0200
10/09/2018,2,50.01,2018-09-10,2018-09-10T02:00:00.000000+0200
10/09/2018,3,47.67,2018-09-10,2018-09-10T03:00:00.000000+0200
10/09/2018,4,45.01,2018-09-10,2018-09-10T04:00:00.000000+0200
10/09/2018,5,42.68,2018-09-10,2018-09-10T05:00:00.000000+0200
10/09/2018,6,41.01,2018-09-10,2018-09-10T06:00:00.000000+0200
10/09/2018,7,40.51,2018-09-10,2018-09-10T07:00:00.000000+0200
10/09/2018,8,45.44,2018-09-10,2018-09-10T08:00:00.000000+0200
10/09/2018,9,49.31,2018-09-10,2018-09-10T09:00:00.000000+0200
10/09/2018,10,57.58,2018-09-10,2018-09-10T10:00:00.000000+0200
10/09/2018,11,71.36,2018-09-10,2018-09-10T11:00:00.000000+0200
10/09/2018,12,67.98,2018-09-10,2018-09-10T12:00:00.000000+0200
10/09/2018,13,54.36,2018-09-10,2018-09-10T13:00:00.000000+0200
10/09/2018,14,49.44,2018-09-10,2018-09-10T14:00:00.000000+0200
10/09/2018,15,49.32,2018-09-10,2018-09-10T15:00:00.000000+0200
10/09/2018,16,40.01,2018-09-10,2018-09-10T16:00:00.000000+0200
10/09/2018,17,49.69,2018-09-10,2018-09-10T17:00:00.000000+0200
10/09/2018,18,47.68,2018-09-10,2018-09-10T18:00:00.000000+0200
10/09/2018,19,49.102,2018-09-10,2018-09-10T19:00:00.000000+0200
10/09/2018,20,49.119,2018-09-10,2018-09-10T20:00:00.000000+0200
10/09/2018,21,54.78,2018-09-10,2018-09-10T21:00:00.000000+0200
10/09/2018,22,70.01,2018-09-10,2018-09-10T22:00:00.000000+0200
10/09/2018,23,62.7,2018-09-10,2018-09-10T23:00:00.000000+0200
10/09/2018,24,52.79,2018-09-10,2018-09-11T00:00:00.000000+0200
11/09/2018,1,50.01,2018-09-11,2018-09-11T01:00:00.000000+0200
11/09/2018,2,48.51,2018-09-11,2018-09-11T02:00:00.000000+0200
11/09/2018,3,46.61,2018-09-11,2018-09-11T03:00:00.000000+0200
11/09/2018,4,43.3,2018-09-11,2018-09-11T04:00:00.000000+0200
11/09/2018,5,41.64,2018-09-11,2018-09-11T05:00:00.000000+0200
11/09/2018,6,40.0,2018-09-11,2018-09-11T06:00:00.000000+0200
11/09/2018,7,40.0,2018-09-11,2018-09-11T07:00:00.000000+0200
11/09/2018,8,45.25,2018-09-11,2018-09-11T08:00:00.000000+0200
11/09/2018,9,49.57,2018-09-11,2018-09-11T09:00:00.000000+0200
11/09/2018,10,61.19,2018-09-11,2018-09-11T10:00:00.000000+0200
11/09/2018,11,78.01,2018-09-11,2018-09-11T11:00:00.000000+0200
11/09/2018,12,80.01,2018-09-11,2018-09-11T12:00:00.000000+0200
11/09/2018,13,49.57,2018-09-11,2018-09-11T13:00:00.000000+0200
11/09/2018,14,48.3,2018-09-11,2018-09-11T14:00:00.000000+0200
11/09/2018,15,48.3,2018-09-11,2018-09-11T15:00:00.000000+0200
11/09/2018,16,48.01,2018-09-11,2018-09-11T16:00:00.000000+0200
11/09/2018,17,49.56,2018-09-11,2018-09-11T17:00:00.000000+0200
11/09/2018,18,49.56,2018-09-11,2018-09-11T18:00:00.000000+0200
11/09/2018,19,52.62,2018-09-11,2018-09-11T19:00:00.000000+0200
11/09/2018,20,52.61,2018-09-11,2018-09-11T20:00:00.000000+0200
11/09/2018,21,55.62,2018-09-11,2018-09-11T21:00:00.000000+0200
11/09/2018,22,75.54,2018-09-11,2018-09-11T22:00:00.000000+0200
11/09/2018,23,68.01,2018-09-11,2018-09-11T23:00:00.000000+0200
11/09/2018,24,54.77,2018-09-11,2018-09-12T00:00:00.000000+0200
12/09/2018,1,51.54,2018-09-12,2018-09-12T01:00:00.000000+0200
12/09/2018,2,48.02,2018-09-12,2018-09-12T02:00:00.000000+0200
12/09/2018,3,46.24,2018-09-12,2018-09-12T03:00:00.000000+0200
12/09/2018,4,35.96,2018-09-12,2018-09-12T04:00:00.000000+0200
12/09/2018,5,31.01,2018-09-12,2018-09-12T05:00:00.000000+0200
12/09/2018,6,29.05,2018-09-12,2018-09-12T06:00:00.000000+0200
12/09/2018,7,26.68,2018-09-12,2018-09-12T07:00:00.000000+0200
12/09/2018,8,28.19,2018-09-12,2018-09-12T08:00:00.000000+0200
12/09/2018,9,27.85,2018-09-12,2018-09-12T09:00:00.000000+0200
12/09/2018,10,44.14,2018-09-12,2018-09-12T10:00:00.000000+0200
12/09/2018,11,46.22,2018-09-12,2018-09-12T11:00:00.000000+0200
12/09/2018,12,47.31,2018-09-12,2018-09-12T12:00:00.000000+0200
12/09/2018,13,49.96,2018-09-12,2018-09-12T13:00:00.000000+0200
12/09/2018,14,46.92,2018-09-12,2018-09-12T14:00:00.000000+0200
12/09/2018,15,43.29,2018-09-12,2018-09-12T15:00:00.000000+0200
12/09/2018,16,39.36,2018-09-12,2018-09-12T16:00:00.000000+0200
12/09/2018,17,38.1,2018-09-12,2018-09-12T17:00:00.000000+0200
12/09/2018,18,40.18,2018-09-12,2018-09-12T18:00:00.000000+0200
12/09/2018,19,41.57,2018-09-12,2018-09-12T19:00:00.000000+0200
12/09/2018,20,46.31,2018-09-12,2018-09-12T20:00:00.000000+0200
12/09/2018,21,52.74,2018-09-12,2018-09-12T21:00:00.000000+0200
12/09/2018,22,55.01,2018-09-12,2018-09-12T22:00:00.000000+0200
12/09/2018,23,50.1,2018-09-12,2018-09-12T23:00:00.000000+0200
12/09/2018,24,48.41,2018-09-12,2018-09-13T00:00:00.000000+0200
13/09/2018,1,45.07,2018-09-13,2018-09-13T01:00:00.000000+0200
13/09/2018,2,41.04,2018-09-13,2018-09-13T02:00:00.000000+0200
13/09/2018,3,40.44,2018-09-13,2018-09-13T03:00:00.000000+0200
13/09/2018,4,43.68,2018-09-13,2018-09-13T04:00:00.000000+0200
13/09/2018,5,35.01,2018-09-13,2018-09-13T05:00:00.000000+0200
13/09/2018,6,27.32,2018-09-13,2018-09-13T06:00:00.000000+0200
13/09/2018,7,25.09,2018-09-13,2018-09-13T07:00:00.000000+0200
13/09/2018,8,9.91,2018-09-13,2018-09-13T08:00:00.000000+0200
13/09/2018,9,27.4,2018-09-13,2018-09-13T09:00:00.000000+0200
13/09/2018,10,10.01,2018-09-13,2018-09-13T10:00:00.000000+0200
13/09/2018,11,32.08,2018-09-13,2018-09-13T11:00:00.000000+0200
13/09/2018,12,34.45,2018-09-13,2018-09-13T12:00:00.000000+0200
13/09/2018,13,8.01,2018-09-13,2018-09-13T13:00:00.000000+0200
13/09/2018,14,5.01,2018-09-13,2018-09-13T14:00:00.000000+0200
13/09/2018,15,1.02,2018-09-13,2018-09-13T15:00:00.000000+0200
13/09/2018,16,0.0,2018-09-13,2018-09-13T16:00:00.000000+0200
13/09/2018,17,0.0,2018-09-13,2018-09-13T17:00:00.000000+0200
13/09/2018,18,0.0,2018-09-13,2018-09-13T18:00:00.000000+0200
13/09/2018,19,5.01,2018-09-13,2018-09-13T19:00:00.000000+0200
13/09/2018,20,35.57,2018-09-13,2018-09-13T20:00:00.000000+0200
13/09/2018,21,48.16,2018-09-13,2018-09-13T21:00:00.000000+0200
13/09/2018,22,56.64,2018-09-13,2018-09-13T22:00:00.000000+0200
13/09/2018,23,75.54,2018-09-13,2018-09-13T23:00:00.000000+0200
13/09/2018,24,74.4,2018-09-13,2018-09-14T00:00:00.000000+0200
14/09/2018,1,59.1,2018-09-14,2018-09-14T01:00:00.000000+0200
14/09/2018,2,54.35,2018-09-14,2018-09-14T02:00:00.000000+0200
14/09/2018,3,54.23,2018-09-14,2018-09-14T03:00:00.000000+0200
14/09/2018,4,49.96,2018-09-14,2018-09-14T04:00:00.000000+0200
14/09/2018,5,46.97,2018-09-14,2018-09-14T05:00:00.000000+0200
14/09/2018,6,46.01,2018-09-14,2018-09-14T06:00:00.000000+0200
14/09/2018,7,46.04,2018-09-14,2018-09-14T07:00:00.000000+0200
14/09/2018,8,49.96,2018-09-14,2018-09-14T08:00:00.000000+0200
14/09/2018,9,54.22,2018-09-14,2018-09-14T09:00:00.000000+0200
14/09/2018,10,54.47,2018-09-14,2018-09-14T10:00:00.000000+0200
14/09/2018,11,54.47,2018-09-14,2018-09-14T11:00:00.000000+0200
14/09/2018,12,50.77,2018-09-14,2018-09-14T12:00:00.000000+0200
14/09/2018,13,49.61,2018-09-14,2018-09-14T13:00:00.000000+0200
14/09/2018,14,46.3,2018-09-14,2018-09-14T14:00:00.000000+0200
14/09/2018,15,40.01,2018-09-14,2018-09-14T15:00:00.000000+0200
14/09/2018,16,24.94,2018-09-14,2018-09-14T16:00:00.000000+0200
14/09/2018,17,21.76,2018-09-14,2018-09-14T17:00:00.000000+0200
14/09/2018,18,29.93,2018-09-14,2018-09-14T18:00:00.000000+0200
14/09/2018,19,44.37,2018-09-14,2018-09-14T19:00:00.000000+0200
14/09/2018,20,50.01,2018-09-14,2018-09-14T20:00:00.000000+0200
14/09/2018,21,57.34,2018-09-14,2018-09-14T21:00:00.000000+0200
14/09/2018,22,77.9,2018-09-14,2018-09-14T22:00:00.000000+0200
14/09/2018,23,100.54,2018-09-14,2018-09-14T23:00:00.000000+0200
14/09/2018,24,89.31,2018-09-14,2018-09-15T00:00:00.000000+0200
15/09/2018,1,77.9,2018-09-15,2018-09-15T01:00:00.000000+0200
15/09/2018,2,62.26,2018-09-15,2018-09-15T02:00:00.000000+0200
15/09/2018,3,52.17,2018-09-15,2018-09-15T03:00:00.000000+0200
15/09/2018,4,47.76,2018-09-15,2018-09-15T04:00:00.000000+0200
15/09/2018,5,44.3,2018-09-15,2018-09-15T05:00:00.000000+0200
15/09/2018,6,43.94,2018-09-15,2018-09-15T06:00:00.000000+0200
15/09/2018,7,39.01,2018-09-15,2018-09-15T07:00:00.000000+0200
15/09/2018,8,40.5,2018-09-15,2018-09-15T08:00:00.000000+0200
15/09/2018,9,49.76,2018-09-15,2018-09-15T09:00:00.000000+0200
15/09/2018,10,52.72,2018-09-15,2018-09-15T10:00:00.000000+0200
15/09/2018,11,60.83,2018-09-15,2018-09-15T11:00:00.000000+0200
15/09/2018,12,56.48,2018-09-15,2018-09-15T12:00:00.000000+0200
15/09/2018,13,52.17,2018-09-15,2018-09-15T13:00:00.000000+0200
15/09/2018,14,51.45,2018-09-15,2018-09-15T14:00:00.000000+0200
15/09/2018,15,48.01,2018-09-15,2018-09-15T15:00:00.000000+0200
15/09/2018,16,46.54,2018-09-15,2018-09-15T16:00:00.000000+0200
15/09/2018,17,49.51,2018-09-15,2018-09-15T17:00:00.000000+0200
15/09/2018,18,51.06,2018-09-15,2018-09-15T18:00:00.000000+0200
15/09/2018,19,53.45,2018-09-15,2018-09-15T19:00:00.000000+0200
15/09/2018,20,54.77,2018-09-15,2018-09-15T20:00:00.000000+0200
15/09/2018,21,59.88,2018-09-15,2018-09-15T21:00:00.000000+0200
15/09/2018,22,67.45,2018-09-15,2018-09-15T22:00:00.000000+0200
15/09/2018,23,77.5,2018-09-15,2018-09-15T23:00:00.000000+0200
15/09/2018,24,67.31,2018-09-15,2018-09-16T00:00:00.000000+0200
16/09/2018,1,57.22,2018-09-16,2018-09-16T01:00:00.000000+0200
16/09/2018,2,50.9,2018-09-16,2018-09-16T02:00:00.000000+0200
16/09/2018,3,48.52,2018-09-16,2018-09-16T03:00:00.000000+0200
16/09/2018,4,46.6,2018-09-16,2018-09-16T04:00:00.000000+0200
16/09/2018,5,46.74,2018-09-16,2018-09-16T05:00:00.000000+0200
16/09/2018,6,50.95,2018-09-16,2018-09-16T06:00:00.000000+0200
16/09/2018,7,50.95,2018-09-16,2018-09-16T07:00:00.000000+0200
16/09/2018,8,53.01,2018-09-16,2018-09-16T08:00:00.000000+0200
16/09/2018,9,58.86,2018-09-16,2018-09-16T09:00:00.000000+0200
16/09/2018,10,62.81,2018-09-16,2018-09-16T10:00:00.000000+0200
16/09/2018,11,80.01,2018-09-16,2018-09-16T11:00:00.000000+0200
16/09/2018,12,78.72,2018-09-16,2018-09-16T12:00:00.000000+0200
16/09/2018,13,73.58,2018-09-16,2018-09-16T13:00:00.000000+0200
16/09/2018,14,62.81,2018-09-16,2018-09-16T14:00:00.000000+0200
16/09/2018,15,58.86,2018-09-16,2018-09-16T15:00:00.000000+0200
16/09/2018,16,55.23,2018-09-16,2018-09-16T16:00:00.000000+0200
16/09/2018,17,62.81,2018-09-16,2018-09-16T17:00:00.000000+0200
16/09/2018,18,58.55,2018-09-16,2018-09-16T18:00:00.000000+0200
16/09/2018,19,55.23,2018-09-16,2018-09-16T19:00:00.000000+0200
16/09/2018,20,55.24,2018-09-16,2018-09-16T20:00:00.000000+0200
16/09/2018,21,57.5,2018-09-16,2018-09-16T21:00:00.000000+0200
16/09/2018,22,66.38,2018-09-16,2018-09-16T22:00:00.000000+0200
16/09/2018,23,76.34,2018-09-16,2018-09-16T23:00:00.000000+0200
16/09/2018,24,61.01,2018-09-16,2018-09-17T00:00:00.000000+0200
17/09/2018,1,54.95,2018-09-17,2018-09-17T01:00:00.000000+0200
17/09/2018,2,49.5,2018-09-17,2018-09-17T02:00:00.000000+0200
17/09/2018,3,49.4,2018-09-17,2018-09-17T03:00:00.000000+0200
17/09/2018,4,45.94,2018-09-17,2018-09-17T04:00:00.000000+0200
17/09/2018,5,43.1,2018-09-17,2018-09-17T05:00:00.000000+0200
17/09/2018,6,42.114,2018-09-17,2018-09-17T06:00:00.000000+0200
17/09/2018,7,42.143,2018-09-17,2018-09-17T07:00:00.000000+0200
17/09/2018,8,45.58,2018-09-17,2018-09-17T08:00:00.000000+0200
17/09/2018,9,52.51,2018-09-17,2018-09-17T09:00:00.000000+0200
17/09/2018,10,55.96,2018-09-17,2018-09-17T10:00:00.000000+0200
17/09/2018,11,63.67,2018-09-17,2018-09-17T11:00:00.000000+0200
17/09/2018,12,55.93,2018-09-17,2018-09-17T12:00:00.000000+0200
17/09/2018,13,53.42,2018-09-17,2018-09-17T13:00:00.000000+0200
17/09/2018,14,51.53,2018-09-17,2018-09-17T14:00:00.000000+0200
17/09/2018,15,46.88,2018-09-17,2018-09-17T15:00:00.000000+0200
17/09/2018,16,46.46,2018-09-17,2018-09-17T16:00:00.000000+0200
17/09/2018,17,46.7,2018-09-17,2018-09-17T17:00:00.000000+0200
17/09/2018,18,50.1,2018-09-17,2018-09-17T18:00:00.000000+0200
17/09/2018,19,51.72,2018-09-17,2018-09-17T19:00:00.000000+0200
17/09/2018,20,49.96,2018-09-17,2018-09-17T20:00:00.000000+0200
17/09/2018,21,53.96,2018-09-17,2018-09-17T21:00:00.000000+0200
17/09/2018,22,63.67,2018-09-17,2018-09-17T22:00:00.000000+0200
17/09/2018,23,75.01,2018-09-17,2018-09-17T23:00:00.000000+0200
17/09/2018,24,57.08,2018-09-17,2018-09-18T00:00:00.000000+0200
18/09/2018,1,54.3,2018-09-18,2018-09-18T01:00:00.000000+0200
18/09/2018,2,49.51,2018-09-18,2018-09-18T02:00:00.000000+0200
18/09/2018,3,53.08,2018-09-18,2018-09-18T03:00:00.000000+0200
18/09/2018,4,49.96,2018-09-18,2018-09-18T04:00:00.000000+0200
18/09/2018,5,46.46,2018-09-18,2018-09-18T05:00:00.000000+0200
18/09/2018,6,45.94,2018-09-18,2018-09-18T06:00:00.000000+0200
18/09/2018,7,44.86,2018-09-18,2018-09-18T07:00:00.000000+0200
18/09/2018,8,48.49,2018-09-18,2018-09-18T08:00:00.000000+0200
18/09/2018,9,55.11,2018-09-18,2018-09-18T09:00:00.000000+0200
18/09/2018,10,62.3,2018-09-18,2018-09-18T10:00:00.000000+0200
18/09/2018,11,81.01,2018-09-18,2018-09-18T11:00:00.000000+0200
18/09/2018,12,67.31,2018-09-18,2018-09-18T12:00:00.000000+0200
18/09/2018,13,56.72,2018-09-18,2018-09-18T13:00:00.000000+0200
18/09/2018,14,51.1,2018-09-18,2018-09-18T14:00:00.000000+0200
18/09/2018,15,47.68,2018-09-18,2018-09-18T15:00:00.000000+0200
18/09/2018,16,46.17,2018-09-18,2018-09-18T16:00:00.000000+0200
18/09/2018,17,48.49,2018-09-18,2018-09-18T17:00:00.000000+0200
18/09/2018,18,50.1,2018-09-18,2018-09-18T18:00:00.000000+0200
18/09/2018,19,51.72,2018-09-18,2018-09-18T19:00:00.000000+0200
18/09/2018,20,52.51,2018-09-18,2018-09-18T20:00:00.000000+0200
18/09/2018,21,56.67,2018-09-18,2018-09-18T21:00:00.000000+0200
18/09/2018,22,68.88,2018-09-18,2018-09-18T22:00:00.000000+0200
18/09/2018,23,77.5,2018-09-18,2018-09-18T23:00:00.000000+0200
18/09/2018,24,59.22,2018-09-18,2018-09-19T00:00:00.000000+0200
19/09/2018,1,55.01,2018-09-19,2018-09-19T01:00:00.000000+0200
19/09/2018,2,49.96,2018-09-19,2018-09-19T02:00:00.000000+0200
19/09/2018,3,51.41,2018-09-19,2018-09-19T03:00:00.000000+0200
19/09/2018,4,46.51,2018-09-19,2018-09-19T04:00:00.000000+0200
19/09/2018,5,44.113,2018-09-19,2018-09-19T05:00:00.000000+0200
19/09/2018,6,44.128,2018-09-19,2018-09-19T06:00:00.000000+0200
19/09/2018,7,45.77,2018-09-19,2018-09-19T07:00:00.000000+0200
19/09/2018,8,48.2,2018-09-19,2018-09-19T08:00:00.000000+0200
19/09/2018,9,53.25,2018-09-19,2018-09-19T09:00:00.000000+0200
19/09/2018,10,58.51,2018-09-19,2018-09-19T10:00:00.000000+0200
19/09/2018,11,65.01,2018-09-19,2018-09-19T11:00:00.000000+0200
19/09/2018,12,56.18,2018-09-19,2018-09-19T12:00:00.000000+0200
19/09/2018,13,48.49,2018-09-19,2018-09-19T13:00:00.000000+0200
19/09/2018,14,44.38,2018-09-19,2018-09-19T14:00:00.000000+0200
19/09/2018,15,37.23,2018-09-19,2018-09-19T15:00:00.000000+0200
19/09/2018,16,21.75,2018-09-19,2018-09-19T16:00:00.000000+0200
19/09/2018,17,20.01,2018-09-19,2018-09-19T17:00:00.000000+0200
19/09/2018,18,29.95,2018-09-19,2018-09-19T18:00:00.000000+0200
19/09/2018,19,39.94,2018-09-19,2018-09-19T19:00:00.000000+0200
19/09/2018,20,48.49,2018-09-19,2018-09-19T20:00:00.000000+0200
19/09/2018,21,56.13,2018-09-19,2018-09-19T21:00:00.000000+0200
19/09/2018,22,69.01,2018-09-19,2018-09-19T22:00:00.000000+0200
19/09/2018,23,77.9,2018-09-19,2018-09-19T23:00:00.000000+0200
19/09/2018,24,70.01,2018-09-19,2018-09-20T00:00:00.000000+0200
20/09/2018,1,56.45,2018-09-20,2018-09-20T01:00:00.000000+0200
20/09/2018,2,51.41,2018-09-20,2018-09-20T02:00:00.000000+0200
20/09/2018,3,50.86,2018-09-20,2018-09-20T03:00:00.000000+0200
20/09/2018,4,46.5,2018-09-20,2018-09-20T04:00:00.000000+0200
20/09/2018,5,43.84,2018-09-20,2018-09-20T05:00:00.000000+0200
20/09/2018,6,43.169,2018-09-20,2018-09-20T06:00:00.000000+0200
20/09/2018,7,41.72,2018-09-20,2018-09-20T07:00:00.000000+0200
20/09/2018,8,45.7,2018-09-20,2018-09-20T08:00:00.000000+0200
20/09/2018,9,45.76,2018-09-20,2018-09-20T09:00:00.000000+0200
20/09/2018,10,45.85,2018-09-20,2018-09-20T10:00:00.000000+0200
20/09/2018,11,45.31,2018-09-20,2018-09-20T11:00:00.000000+0200
20/09/2018,12,38.62,2018-09-20,2018-09-20T12:00:00.000000+0200
20/09/2018,13,34.99,2018-09-20,2018-09-20T13:00:00.000000+0200
20/09/2018,14,30.01,2018-09-20,2018-09-20T14:00:00.000000+0200
20/09/2018,15,19.4,2018-09-20,2018-09-20T15:00:00.000000+0200
20/09/2018,16,19.103,2018-09-20,2018-09-20T16:00:00.000000+0200
20/09/2018,17,9.4,2018-09-20,2018-09-20T17:00:00.000000+0200
20/09/2018,18,12.37,2018-09-20,2018-09-20T18:00:00.000000+0200
20/09/2018,19,20.01,2018-09-20,2018-09-20T19:00:00.000000+0200
20/09/2018,20,41.01,2018-09-20,2018-09-20T20:00:00.000000+0200
20/09/2018,21,49.31,2018-09-20,2018-09-20T21:00:00.000000+0200
20/09/2018,22,58.52,2018-09-20,2018-09-20T22:00:00.000000+0200
20/09/2018,23,76.29,2018-09-20,2018-09-20T23:00:00.000000+0200
20/09/2018,24,60.41,2018-09-20,2018-09-21T00:00:00.000000+0200
21/09/2018,1,53.89,2018-09-21,2018-09-21T01:00:00.000000+0200
21/09/2018,2,48.96,2018-09-21,2018-09-21T02:00:00.000000+0200
21/09/2018,3,46.3,2018-09-21,2018-09-21T03:00:00.000000+0200
21/09/2018,4,35.01,2018-09-21,2018-09-21T04:00:00.000000+0200
21/09/2018,5,32.29,2018-09-21,2018-09-21T05:00:00.000000+0200
21/09/2018,6,33.69,2018-09-21,2018-09-21T06:00:00.000000+0200
21/09/2018,7,35.1,2018-09-21,2018-09-21T07:00:00.000000+0200
21/09/2018,8,40.01,2018-09-21,2018-09-21T08:00:00.000000+0200
21/09/2018,9,50.53,2018-09-21,2018-09-21T09:00:00.000000+0200
21/09/2018,10,61.91,2018-09-21,2018-09-21T10:00:00.000000+0200
21/09/2018,11,80.01,2018-09-21,2018-09-21T11:00:00.000000+0200
21/09/2018,12,76.68,2018-09-21,2018-09-21T12:00:00.000000+0200
21/09/2018,13,70.01,2018-09-21,2018-09-21T13:00:00.000000+0200
21/09/2018,14,60.01,2018-09-21,2018-09-21T14:00:00.000000+0200
21/09/2018,15,56.23,2018-09-21,2018-09-21T15:00:00.000000+0200
21/09/2018,16,53.7,2018-09-21,2018-09-21T16:00:00.000000+0200
21/09/2018,17,57.32,2018-09-21,2018-09-21T17:00:00.000000+0200
21/09/2018,18,60.99,2018-09-21,2018-09-21T18:00:00.000000+0200
21/09/2018,19,59.16,2018-09-21,2018-09-21T19:00:00.000000+0200
21/09/2018,20,57.47,2018-09-21,2018-09-21T20:00:00.000000+0200
21/09/2018,21,57.47,2018-09-21,2018-09-21T21:00:00.000000+0200
21/09/2018,22,67.49,2018-09-21,2018-09-21T22:00:00.000000+0200
21/09/2018,23,75.54,2018-09-21,2018-09-21T23:00:00.000000+0200
21/09/2018,24,59.01,2018-09-21,2018-09-22T00:00:00.000000+0200
22/09/2018,1,54.53,2018-09-22,2018-09-22T01:00:00.000000+0200
22/09/2018,2,49.08,2018-09-22,2018-09-22T02:00:00.000000+0200
22/09/2018,3,45.23,2018-09-22,2018-09-22T03:00:00.000000+0200
22/09/2018,4,35.2,2018-09-22,2018-09-22T04:00:00.000000+0200
22/09/2018,5,35.0,2018-09-22,2018-09-22T05:00:00.000000+0200
22/09/2018,6,35.0,2018-09-22,2018-09-22T06:00:00.000000+0200
22/09/2018,7,35.35,2018-09-22,2018-09-22T07:00:00.000000+0200
22/09/2018,8,43.03,2018-09-22,2018-09-22T08:00:00.000000+0200
22/09/2018,9,50.1,2018-09-22,2018-09-22T09:00:00.000000+0200
22/09/2018,10,54.55,2018-09-22,2018-09-22T10:00:00.000000+0200
22/09/2018,11,66.62,2018-09-22,2018-09-22T11:00:00.000000+0200
22/09/2018,12,56.7,2018-09-22,2018-09-22T12:00:00.000000+0200
22/09/2018,13,52.6,2018-09-22,2018-09-22T13:00:00.000000+0200
22/09/2018,14,52.16,2018-09-22,2018-09-22T14:00:00.000000+0200
22/09/2018,15,50.0,2018-09-22,2018-09-22T15:00:00.000000+0200
22/09/2018,16,50.0,2018-09-22,2018-09-22T16:00:00.000000+0200
22/09/2018,17,51.87,2018-09-22,2018-09-22T17:00:00.000000+0200
22/09/2018,18,51.12,2018-09-22,2018-09-22T18:00:00.000000+0200
22/09/2018,19,54.14,2018-09-22,2018-09-22T19:00:00.000000+0200
22/09/2018,20,55.32,2018-09-22,2018-09-22T20:00:00.000000+0200
22/09/2018,21,59.24,2018-09-22,2018-09-22T21:00:00.000000+0200
22/09/2018,22,75.01,2018-09-22,2018-09-22T22:00:00.000000+0200
22/09/2018,23,76.68,2018-09-22,2018-09-22T23:00:00.000000+0200
22/09/2018,24,56.8,2018-09-22,2018-09-23T00:00:00.000000+0200
23/09/2018,1,52.01,2018-09-23,2018-09-23T01:00:00.000000+0200
23/09/2018,2,49.53,2018-09-23,2018-09-23T02:00:00.000000+0200
23/09/2018,3,54.58,2018-09-23,2018-09-23T03:00:00.000000+0200
23/09/2018,4,50.53,2018-09-23,2018-09-23T04:00:00.000000+0200
23/09/2018,5,49.08,2018-09-23,2018-09-23T05:00:00.000000+0200
23/09/2018,6,46.05,2018-09-23,2018-09-23T06:00:00.000000+0200
23/09/2018,7,46.05,2018-09-23,2018-09-23T07:00:00.000000+0200
23/09/2018,8,49.08,2018-09-23,2018-09-23T08:00:00.000000+0200
23/09/2018,9,55.04,2018-09-23,2018-09-23T09:00:00.000000+0200
23/09/2018,10,75.54,2018-09-23,2018-09-23T10:00:00.000000+0200
23/09/2018,11,90.5,2018-09-23,2018-09-23T11:00:00.000000+0200
23/09/2018,12,77.08,2018-09-23,2018-09-23T12:00:00.000000+0200
23/09/2018,13,60.83,2018-09-23,2018-09-23T13:00:00.000000+0200
23/09/2018,14,55.79,2018-09-23,2018-09-23T14:00:00.000000+0200
23/09/2018,15,51.51,2018-09-23,2018-09-23T15:00:00.000000+0200
23/09/2018,16,51.41,2018-09-23,2018-09-23T16:00:00.000000+0200
23/09/2018,17,51.5,2018-09-23,2018-09-23T17:00:00.000000+0200
23/09/2018,18,52.01,2018-09-23,2018-09-23T18:00:00.000000+0200
23/09/2018,19,54.58,2018-09-23,2018-09-23T19:00:00.000000+0200
23/09/2018,20,55.01,2018-09-23,2018-09-23T20:00:00.000000+0200
23/09/2018,21,54.1,2018-09-23,2018-09-23T21:00:00.000000+0200
23/09/2018,22,60.83,2018-09-23,2018-09-23T22:00:00.000000+0200
23/09/2018,23,68.57,2018-09-23,2018-09-23T23:00:00.000000+0200
23/09/2018,24,60.6,2018-09-23,2018-09-24T00:00:00.000000+0200
24/09/2018,1,55.65,2018-09-24,2018-09-24T01:00:00.000000+0200
24/09/2018,2,51.42,2018-09-24,2018-09-24T02:00:00.000000+0200
24/09/2018,3,49.53,2018-09-24,2018-09-24T03:00:00.000000+0200
24/09/2018,4,47.94,2018-09-24,2018-09-24T04:00:00.000000+0200
24/09/2018,5,46.01,2018-09-24,2018-09-24T05:00:00.000000+0200
24/09/2018,6,45.16,2018-09-24,2018-09-24T06:00:00.000000+0200
24/09/2018,7,45.24,2018-09-24,2018-09-24T07:00:00.000000+0200
24/09/2018,8,48.2,2018-09-24,2018-09-24T08:00:00.000000+0200
24/09/2018,9,52.77,2018-09-24,2018-09-24T09:00:00.000000+0200
24/09/2018,10,64.64,2018-09-24,2018-09-24T10:00:00.000000+0200
24/09/2018,11,80.51,2018-09-24,2018-09-24T11:00:00.000000+0200
24/09/2018,12,69.6,2018-09-24,2018-09-24T12:00:00.000000+0200
24/09/2018,13,58.75,2018-09-24,2018-09-24T13:00:00.000000+0200
24/09/2018,14,54.97,2018-09-24,2018-09-24T14:00:00.000000+0200
24/09/2018,15,52.7,2018-09-24,2018-09-24T15:00:00.000000+0200
24/09/2018,16,52.2,2018-09-24,2018-09-24T16:00:00.000000+0200
24/09/2018,17,50.87,2018-09-24,2018-09-24T17:00:00.000000+0200
24/09/2018,18,52.01,2018-09-24,2018-09-24T18:00:00.000000+0200
24/09/2018,19,51.99,2018-09-24,2018-09-24T19:00:00.000000+0200
24/09/2018,20,51.99,2018-09-24,2018-09-24T20:00:00.000000+0200
24/09/2018,21,52.97,2018-09-24,2018-09-24T21:00:00.000000+0200
24/09/2018,22,61.3,2018-09-24,2018-09-24T22:00:00.000000+0200
24/09/2018,23,66.37,2018-09-24,2018-09-24T23:00:00.000000+0200
24/09/2018,24,54.64,2018-09-24,2018-09-25T00:00:00.000000+0200
25/09/2018,1,52.01,2018-09-25,2018-09-25T01:00:00.000000+0200
25/09/2018,2,48.42,2018-09-25,2018-09-25T02:00:00.000000+0200
25/09/2018,3,51.05,2018-09-25,2018-09-25T03:00:00.000000+0200
25/09/2018,4,46.95,2018-09-25,2018-09-25T04:00:00.000000+0200
25/09/2018,5,44.6,2018-09-25,2018-09-25T05:00:00.000000+0200
25/09/2018,6,44.6,2018-09-25,2018-09-25T06:00:00.000000+0200
25/09/2018,7,44.5,2018-09-25,2018-09-25T07:00:00.000000+0200
25/09/2018,8,47.4,2018-09-25,2018-09-25T08:00:00.000000+0200
25/09/2018,9,55.22,2018-09-25,2018-09-25T09:00:00.000000+0200
25/09/2018,10,61.31,2018-09-25,2018-09-25T10:00:00.000000+0200
25/09/2018,11,77.08,2018-09-25,2018-09-25T11:00:00.000000+0200
25/09/2018,12,65.05,2018-09-25,2018-09-25T12:00:00.000000+0200
25/09/2018,13,58.75,2018-09-25,2018-09-25T13:00:00.000000+0200
25/09/2018,14,55.22,2018-09-25,2018-09-25T14:00:00.000000+0200
25/09/2018,15,50.13,2018-09-25,2018-09-25T15:00:00.000000+0200
25/09/2018,16,49.56,2018-09-25,2018-09-25T16:00:00.000000+0200
25/09/2018,17,50.12,2018-09-25,2018-09-25T17:00:00.000000+0200
25/09/2018,18,51.31,2018-09-25,2018-09-25T18:00:00.000000+0200
25/09/2018,19,52.01,2018-09-25,2018-09-25T19:00:00.000000+0200
25/09/2018,20,55.22,2018-09-25,2018-09-25T20:00:00.000000+0200
25/09/2018,21,57.22,2018-09-25,2018-09-25T21:00:00.000000+0200
25/09/2018,22,61.59,2018-09-25,2018-09-25T22:00:00.000000+0200
25/09/2018,23,64.01,2018-09-25,2018-09-25T23:00:00.000000+0200
25/09/2018,24,57.04,2018-09-25,2018-09-26T00:00:00.000000+0200
26/09/2018,1,54.46,2018-09-26,2018-09-26T01:00:00.000000+0200
26/09/2018,2,49.53,2018-09-26,2018-09-26T02:00:00.000000+0200
26/09/2018,3,52.43,2018-09-26,2018-09-26T03:00:00.000000+0200
26/09/2018,4,45.67,2018-09-26,2018-09-26T04:00:00.000000+0200
26/09/2018,5,43.08,2018-09-26,2018-09-26T05:00:00.000000+0200
26/09/2018,6,41.59,2018-09-26,2018-09-26T06:00:00.000000+0200
26/09/2018,7,41.134,2018-09-26,2018-09-26T07:00:00.000000+0200
26/09/2018,8,43.25,2018-09-26,2018-09-26T08:00:00.000000+0200
26/09/2018,9,44.01,2018-09-26,2018-09-26T09:00:00.000000+0200
26/09/2018,10,48.22,2018-09-26,2018-09-26T10:00:00.000000+0200
26/09/2018,11,51.7,2018-09-26,2018-09-26T11:00:00.000000+0200
26/09/2018,12,51.105,2018-09-26,2018-09-26T12:00:00.000000+0200
26/09/2018,13,49.53,2018-09-26,2018-09-26T13:00:00.000000+0200
26/09/2018,14,47.11,2018-09-26,2018-09-26T14:00:00.000000+0200
26/09/2018,15,40.53,2018-09-26,2018-09-26T15:00:00.000000+0200
26/09/2018,16,30.83,2018-09-26,2018-09-26T16:00:00.000000+0200
26/09/2018,17,28.62,2018-09-26,2018-09-26T17:00:00.000000+0200
26/09/2018,18,33.01,2018-09-26,2018-09-26T18:00:00.000000+0200
26/09/2018,19,42.7,2018-09-26,2018-09-26T19:00:00.000000+0200
26/09/2018,20,44.01,2018-09-26,2018-09-26T20:00:00.000000+0200
26/09/2018,21,47.72,2018-09-26,2018-09-26T21:00:00.000000+0200
26/09/2018,22,50.72,2018-09-26,2018-09-26T22:00:00.000000+0200
26/09/2018,23,52.01,2018-09-26,2018-09-26T23:00:00.000000+0200
26/09/2018,24,50.07,2018-09-26,2018-09-27T00:00:00.000000+0200
27/09/2018,1,46.75,2018-09-27,2018-09-27T01:00:00.000000+0200
27/09/2018,2,42.71,2018-09-27,2018-09-27T02:00:00.000000+0200
27/09/2018,3,45.17,2018-09-27,2018-09-27T03:00:00.000000+0200
27/09/2018,4,31.6,2018-09-27,2018-09-27T04:00:00.000000+0200
27/09/2018,5,30.74,2018-09-27,2018-09-27T05:00:00.000000+0200
27/09/2018,6,29.17,2018-09-27,2018-09-27T06:00:00.000000+0200
27/09/2018,7,27.33,2018-09-27,2018-09-27T07:00:00.000000+0200
27/09/2018,8,39.31,2018-09-27,2018-09-27T08:00:00.000000+0200
27/09/2018,9,43.51,2018-09-27,2018-09-27T09:00:00.000000+0200
27/09/2018,10,41.1,2018-09-27,2018-09-27T10:00:00.000000+0200
27/09/2018,11,47.67,2018-09-27,2018-09-27T11:00:00.000000+0200
27/09/2018,12,49.0,2018-09-27,2018-09-27T12:00:00.000000+0200
27/09/2018,13,49.54,2018-09-27,2018-09-27T13:00:00.000000+0200
27/09/2018,14,49.16,2018-09-27,2018-09-27T14:00:00.000000+0200
27/09/2018,15,49.07,2018-09-27,2018-09-27T15:00:00.000000+0200
27/09/2018,16,43.51,2018-09-27,2018-09-27T16:00:00.000000+0200
27/09/2018,17,39.41,2018-09-27,2018-09-27T17:00:00.000000+0200
27/09/2018,18,43.85,2018-09-27,2018-09-27T18:00:00.000000+0200
27/09/2018,19,48.85,2018-09-27,2018-09-27T19:00:00.000000+0200
27/09/2018,20,48.84,2018-09-27,2018-09-27T20:00:00.000000+0200
27/09/2018,21,52.01,2018-09-27,2018-09-27T21:00:00.000000+0200
27/09/2018,22,58.08,2018-09-27,2018-09-27T22:00:00.000000+0200
27/09/2018,23,75.53,2018-09-27,2018-09-27T23:00:00.000000+0200
27/09/2018,24,75.53,2018-09-27,2018-09-28T00:00:00.000000+0200
28/09/2018,1,61.17,2018-09-28,2018-09-28T01:00:00.000000+0200
28/09/2018,2,55.26,2018-09-28,2018-09-28T02:00:00.000000+0200
28/09/2018,3,47.84,2018-09-28,2018-09-28T03:00:00.000000+0200
28/09/2018,4,39.06,2018-09-28,2018-09-28T04:00:00.000000+0200
28/09/2018,5,38.81,2018-09-28,2018-09-28T05:00:00.000000+0200
28/09/2018,6,37.31,2018-09-28,2018-09-28T06:00:00.000000+0200
28/09/2018,7,38.61,2018-09-28,2018-09-28T07:00:00.000000+0200
28/09/2018,8,40.01,2018-09-28,2018-09-28T08:00:00.000000+0200
28/09/2018,9,50.67,2018-09-28,2018-09-28T09:00:00.000000+0200
28/09/2018,10,57.57,2018-09-28,2018-09-28T10:00:00.000000+0200
28/09/2018,11,76.47,2018-09-28,2018-09-28T11:00:00.000000+0200
28/09/2018,12,75.01,2018-09-28,2018-09-28T12:00:00.000000+0200
28/09/2018,13,61.27,2018-09-28,2018-09-28T13:00:00.000000+0200
28/09/2018,14,59.1,2018-09-28,2018-09-28T14:00:00.000000+0200
28/09/2018,15,52.95,2018-09-28,2018-09-28T15:00:00.000000+0200
28/09/2018,16,52.192,2018-09-28,2018-09-28T16:00:00.000000+0200
28/09/2018,17,54.71,2018-09-28,2018-09-28T17:00:00.000000+0200
28/09/2018,18,52.1,2018-09-28,2018-09-28T18:00:00.000000+0200
28/09/2018,19,54.45,2018-09-28,2018-09-28T19:00:00.000000+0200
28/09/2018,20,56.72,2018-09-28,2018-09-28T20:00:00.000000+0200
28/09/2018,21,57.65,2018-09-28,2018-09-28T21:00:00.000000+0200
28/09/2018,22,63.16,2018-09-28,2018-09-28T22:00:00.000000+0200
28/09/2018,23,73.01,2018-09-28,2018-09-28T23:00:00.000000+0200
28/09/2018,24,60.22,2018-09-28,2018-09-29T00:00:00.000000+0200
29/09/2018,1,57.33,2018-09-29,2018-09-29T01:00:00.000000+0200
29/09/2018,2,50.04,2018-09-29,2018-09-29T02:00:00.000000+0200
29/09/2018,3,40.1,2018-09-29,2018-09-29T03:00:00.000000+0200
29/09/2018,4,36.29,2018-09-29,2018-09-29T04:00:00.000000+0200
29/09/2018,5,36.8,2018-09-29,2018-09-29T05:00:00.000000+0200
29/09/2018,6,35.5,2018-09-29,2018-09-29T06:00:00.000000+0200
29/09/2018,7,35.91,2018-09-29,2018-09-29T07:00:00.000000+0200
29/09/2018,8,35.24,2018-09-29,2018-09-29T08:00:00.000000+0200
29/09/2018,9,54.01,2018-09-29,2018-09-29T09:00:00.000000+0200
29/09/2018,10,56.94,2018-09-29,2018-09-29T10:00:00.000000+0200
29/09/2018,11,60.27,2018-09-29,2018-09-29T11:00:00.000000+0200
29/09/2018,12,54.98,2018-09-29,2018-09-29T12:00:00.000000+0200
29/09/2018,13,52.01,2018-09-29,2018-09-29T13:00:00.000000+0200
29/09/2018,14,49.1,2018-09-29,2018-09-29T14:00:00.000000+0200
29/09/2018,15,47.97,2018-09-29,2018-09-29T15:00:00.000000+0200
29/09/2018,16,48.4,2018-09-29,2018-09-29T16:00:00.000000+0200
29/09/2018,17,49.5,2018-09-29,2018-09-29T17:00:00.000000+0200
29/09/2018,18,51.48,2018-09-29,2018-09-29T18:00:00.000000+0200
29/09/2018,19,53.113,2018-09-29,2018-09-29T19:00:00.000000+0200
29/09/2018,20,53.166,2018-09-29,2018-09-29T20:00:00.000000+0200
29/09/2018,21,55.25,2018-09-29,2018-09-29T21:00:00.000000+0200
29/09/2018,22,60.01,2018-09-29,2018-09-29T22:00:00.000000+0200
29/09/2018,23,63.16,2018-09-29,2018-09-29T23:00:00.000000+0200
29/09/2018,24,57.79,2018-09-29,2018-09-30T00:00:00.000000+0200
30/09/2018,1,54.16,2018-09-30,2018-09-30T01:00:00.000000+0200
30/09/2018,2,48.99,2018-09-30,2018-09-30T02:00:00.000000+0200
30/09/2018,3,48.138,2018-09-30,2018-09-30T03:00:00.000000+0200
30/09/2018,4,44.88,2018-09-30,2018-09-30T04:00:00.000000+0200
30/09/2018,5,40.1,2018-09-30,2018-09-30T05:00:00.000000+0200
30/09/2018,6,33.76,2018-09-30,2018-09-30T06:00:00.000000+0200
30/09/2018,7,36.01,2018-09-30,2018-09-30T07:00:00.000000+0200
30/09/2018,8,43.29,2018-09-30,2018-09-30T08:00:00.000000+0200
30/09/2018,9,48.42,2018-09-30,2018-09-30T09:00:00.000000+0200
30/09/2018,10,55.67,2018-09-30,2018-09-30T10:00:00.000000+0200
30/09/2018,11,63.01,2018-09-30,2018-09-30T11:00:00.000000+0200
30/09/2018,12,55.98,2018-09-30,2018-09-30T12:00:00.000000+0200
30/09/2018,13,49.03,2018-09-30,2018-09-30T13:00:00.000000+0200
30/09/2018,14,48.08,2018-09-30,2018-09-30T14:00:00.000000+0200
30/09/2018,15,44.01,2018-09-30,2018-09-30T15:00:00.000000+0200
30/09/2018,16,42.1,2018-09-30,2018-09-30T16:00:00.000000+0200
30/09/2018,17,45.28,2018-09-30,2018-09-30T17:00:00.000000+0200
30/09/2018,18,47.57,2018-09-30,2018-09-30T18:00:00.000000+0200
30/09/2018,19,48.143,2018-09-30,2018-09-30T19:00:00.000000+0200
30/09/2018,20,48.194,2018-09-30,2018-09-30T20:00:00.000000+0200
30/09/2018,21,52.01,2018-09-30,2018-09-30T21:00:00.000000+0200
30/09/2018,22,57.46,2018-09-30,2018-09-30T22:00:00.000000+0200
30/09/2018,23,60.12,2018-09-30,2018-09-30T23:00:00.000000+0200
30/09/2018,24,57.12,2018-09-30,2018-10-01T00:00:00.000000+0200
01/10/2018,1,51.68,2018-10-01,2018-10-01T01:00:00.000000+0200
01/10/2018,2,46.78,2018-10-01,2018-10-01T02:00:00.000000+0200
01/10/2018,3,35.87,2018-10-01,2018-10-01T03:00:00.000000+0200
01/10/2018,4,35.174,2018-10-01,2018-10-01T04:00:00.000000+0200
01/10/2018,5,32.54,2018-10-01,2018-10-01T05:00:00.000000+0200
01/10/2018,6,31.19,2018-10-01,2018-10-01T06:00:00.000000+0200
01/10/2018,7,31.28,2018-10-01,2018-10-01T07:00:00.000000+0200
01/10/2018,8,35.49,2018-10-01,2018-10-01T08:00:00.000000+0200
01/10/2018,9,48.31,2018-10-01,2018-10-01T09:00:00.000000+0200
01/10/2018,10,53.4,2018-10-01,2018-10-01T10:00:00.000000+0200
01/10/2018,11,60.38,2018-10-01,2018-10-01T11:00:00.000000+0200
01/10/2018,12,49.18,2018-10-01,2018-10-01T12:00:00.000000+0200
01/10/2018,13,47.74,2018-10-01,2018-10-01T13:00:00.000000+0200
01/10/2018,14,43.57,2018-10-01,2018-10-01T14:00:00.000000+0200
01/10/2018,15,36.53,2018-10-01,2018-10-01T15:00:00.000000+0200
01/10/2018,16,34.38,2018-10-01,2018-10-01T16:00:00.000000+0200
01/10/2018,17,35.56,2018-10-01,2018-10-01T17:00:00.000000+0200
01/10/2018,18,41.86,2018-10-01,2018-10-01T18:00:00.000000+0200
01/10/2018,19,46.48,2018-10-01,2018-10-01T19:00:00.000000+0200
01/10/2018,20,48.19,2018-10-01,2018-10-01T20:00:00.000000+0200
01/10/2018,21,50.14,2018-10-01,2018-10-01T21:00:00.000000+0200
01/10/2018,22,59.42,2018-10-01,2018-10-01T22:00:00.000000+0200
01/10/2018,23,60.38,2018-10-01,2018-10-01T23:00:00.000000+0200
01/10/2018,24,54.1,2018-10-01,2018-10-02T00:00:00.000000+0200
02/10/2018,1,49.79,2018-10-02,2018-10-02T01:00:00.000000+0200
02/10/2018,2,45.01,2018-10-02,2018-10-02T02:00:00.000000+0200
02/10/2018,3,44.63,2018-10-02,2018-10-02T03:00:00.000000+0200
02/10/2018,4,32.21,2018-10-02,2018-10-02T04:00:00.000000+0200
02/10/2018,5,31.24,2018-10-02,2018-10-02T05:00:00.000000+0200
02/10/2018,6,30.96,2018-10-02,2018-10-02T06:00:00.000000+0200
02/10/2018,7,30.141,2018-10-02,2018-10-02T07:00:00.000000+0200
02/10/2018,8,42.57,2018-10-02,2018-10-02T08:00:00.000000+0200
02/10/2018,9,49.51,2018-10-02,2018-10-02T09:00:00.000000+0200
02/10/2018,10,54.14,2018-10-02,2018-10-02T10:00:00.000000+0200
02/10/2018,11,60.06,2018-10-02,2018-10-02T11:00:00.000000+0200
02/10/2018,12,50.4,2018-10-02,2018-10-02T12:00:00.000000+0200
02/10/2018,13,48.42,2018-10-02,2018-10-02T13:00:00.000000+0200
02/10/2018,14,44.91,2018-10-02,2018-10-02T14:00:00.000000+0200
02/10/2018,15,38.85,2018-10-02,2018-10-02T15:00:00.000000+0200
02/10/2018,16,35.01,2018-10-02,2018-10-02T16:00:00.000000+0200
02/10/2018,17,34.98,2018-10-02,2018-10-02T17:00:00.000000+0200
02/10/2018,18,37.9,2018-10-02,2018-10-02T18:00:00.000000+0200
02/10/2018,19,45.1,2018-10-02,2018-10-02T19:00:00.000000+0200
02/10/2018,20,48.42,2018-10-02,2018-10-02T20:00:00.000000+0200
02/10/2018,21,49.05,2018-10-02,2018-10-02T21:00:00.000000+0200
02/10/2018,22,55.59,2018-10-02,2018-10-02T22:00:00.000000+0200
02/10/2018,23,59.08,2018-10-02,2018-10-02T23:00:00.000000+0200
02/10/2018,24,53.87,2018-10-02,2018-10-03T00:00:00.000000+0200
03/10/2018,1,48.86,2018-10-03,2018-10-03T01:00:00.000000+0200
03/10/2018,2,44.79,2018-10-03,2018-10-03T02:00:00.000000+0200
03/10/2018,3,48.42,2018-10-03,2018-10-03T03:00:00.000000+0200
03/10/2018,4,45.49,2018-10-03,2018-10-03T04:00:00.000000+0200
03/10/2018,5,40.95,2018-10-03,2018-10-03T05:00:00.000000+0200
03/10/2018,6,44.75,2018-10-03,2018-10-03T06:00:00.000000+0200
03/10/2018,7,45.151,2018-10-03,2018-10-03T07:00:00.000000+0200
03/10/2018,8,45.203,2018-10-03,2018-10-03T08:00:00.000000+0200
03/10/2018,9,42.7,2018-10-03,2018-10-03T09:00:00.000000+0200
03/10/2018,10,51.24,2018-10-03,2018-10-03T10:00:00.000000+0200
03/10/2018,11,59.11,2018-10-03,2018-10-03T11:00:00.000000+0200
03/10/2018,12,59.11,2018-10-03,2018-10-03T12:00:00.000000+0200
03/10/2018,13,50.14,2018-10-03,2018-10-03T13:00:00.000000+0200
03/10/2018,14,48.42,2018-10-03,2018-10-03T14:00:00.000000+0200
03/10/2018,15,41.56,2018-10-03,2018-10-03T15:00:00.000000+0200
03/10/2018,16,30.97,2018-10-03,2018-10-03T16:00:00.000000+0200
03/10/2018,17,30.194,2018-10-03,2018-10-03T17:00:00.000000+0200
03/10/2018,18,35.93,2018-10-03,2018-10-03T18:00:00.000000+0200
03/10/2018,19,48.42,2018-10-03,2018-10-03T19:00:00.000000+0200
03/10/2018,20,50.11,2018-10-03,2018-10-03T20:00:00.000000+0200
03/10/2018,21,54.13,2018-10-03,2018-10-03T21:00:00.000000+0200
03/10/2018,22,57.46,2018-10-03,2018-10-03T22:00:00.000000+0200
03/10/2018,23,71.97,2018-10-03,2018-10-03T23:00:00.000000+0200
03/10/2018,24,55.79,2018-10-03,2018-10-04T00:00:00.000000+0200
04/10/2018,1,55.79,2018-10-04,2018-10-04T01:00:00.000000+0200
04/10/2018,2,42.23,2018-10-04,2018-10-04T02:00:00.000000+0200
04/10/2018,3,46.8,2018-10-04,2018-10-04T03:00:00.000000+0200
04/10/2018,4,39.18,2018-10-04,2018-10-04T04:00:00.000000+0200
04/10/2018,5,35.51,2018-10-04,2018-10-04T05:00:00.000000+0200
04/10/2018,6,33.01,2018-10-04,2018-10-04T06:00:00.000000+0200
04/10/2018,7,46.51,2018-10-04,2018-10-04T07:00:00.000000+0200
04/10/2018,8,53.81,2018-10-04,2018-10-04T08:00:00.000000+0200
04/10/2018,9,48.81,2018-10-04,2018-10-04T09:00:00.000000+0200
04/10/2018,10,50.01,2018-10-04,2018-10-04T10:00:00.000000+0200
04/10/2018,11,48.42,2018-10-04,2018-10-04T11:00:00.000000+0200
04/10/2018,12,45.51,2018-10-04,2018-10-04T12:00:00.000000+0200
04/10/2018,13,42.73,2018-10-04,2018-10-04T13:00:00.000000+0200
04/10/2018,14,33.56,2018-10-04,2018-10-04T14:00:00.000000+0200
04/10/2018,15,32.01,2018-10-04,2018-10-04T15:00:00.000000+0200
04/10/2018,16,26.62,2018-10-04,2018-10-04T16:00:00.000000+0200
04/10/2018,17,22.33,2018-10-04,2018-10-04T17:00:00.000000+0200
04/10/2018,18,30.01,2018-10-04,2018-10-04T18:00:00.000000+0200
04/10/2018,19,35.01,2018-10-04,2018-10-04T19:00:00.000000+0200
04/10/2018,20,43.01,2018-10-04,2018-10-04T20:00:00.000000+0200
04/10/2018,21,51.34,2018-10-04,2018-10-04T21:00:00.000000+0200
04/10/2018,22,60.28,2018-10-04,2018-10-04T22:00:00.000000+0200
04/10/2018,23,76.47,2018-10-04,2018-10-04T23:00:00.000000+0200
04/10/2018,24,75.01,2018-10-04,2018-10-05T00:00:00.000000+0200
05/10/2018,1,59.12,2018-10-05,2018-10-05T01:00:00.000000+0200
05/10/2018,2,50.01,2018-10-05,2018-10-05T02:00:00.000000+0200
05/10/2018,3,40.03,2018-10-05,2018-10-05T03:00:00.000000+0200
05/10/2018,4,29.6,2018-10-05,2018-10-05T04:00:00.000000+0200
05/10/2018,5,29.51,2018-10-05,2018-10-05T05:00:00.000000+0200
05/10/2018,6,29.46,2018-10-05,2018-10-05T06:00:00.000000+0200
05/10/2018,7,29.51,2018-10-05,2018-10-05T07:00:00.000000+0200
05/10/2018,8,29.51,2018-10-05,2018-10-05T08:00:00.000000+0200
05/10/2018,9,39.17,2018-10-05,2018-10-05T09:00:00.000000+0200
05/10/2018,10,55.98,2018-10-05,2018-10-05T10:00:00.000000+0200
05/10/2018,11,59.29,2018-10-05,2018-10-05T11:00:00.000000+0200
05/10/2018,12,58.34,2018-10-05,2018-10-05T12:00:00.000000+0200
05/10/2018,13,50.63,2018-10-05,2018-10-05T13:00:00.000000+0200
05/10/2018,14,49.11,2018-10-05,2018-10-05T14:00:00.000000+0200
05/10/2018,15,36.62,2018-10-05,2018-10-05T15:00:00.000000+0200
05/10/2018,16,35.36,2018-10-05,2018-10-05T16:00:00.000000+0200
05/10/2018,17,42.36,2018-10-05,2018-10-05T17:00:00.000000+0200
05/10/2018,18,49.46,2018-10-05,2018-10-05T18:00:00.000000+0200
05/10/2018,19,50.01,2018-10-05,2018-10-05T19:00:00.000000+0200
05/10/2018,20,52.84,2018-10-05,2018-10-05T20:00:00.000000+0200
05/10/2018,21,52.126,2018-10-05,2018-10-05T21:00:00.000000+0200
05/10/2018,22,56.98,2018-10-05,2018-10-05T22:00:00.000000+0200
05/10/2018,23,58.69,2018-10-05,2018-10-05T23:00:00.000000+0200
05/10/2018,24,52.09,2018-10-05,2018-10-06T00:00:00.000000+0200
06/10/2018,1,56.98,2018-10-06,2018-10-06T01:00:00.000000+0200
06/10/2018,2,42.74,2018-10-06,2018-10-06T02:00:00.000000+0200
06/10/2018,3,32.69,2018-10-06,2018-10-06T03:00:00.000000+0200
06/10/2018,4,30.01,2018-10-06,2018-10-06T04:00:00.000000+0200
06/10/2018,5,28.46,2018-10-06,2018-10-06T05:00:00.000000+0200
06/10/2018,6,24.13,2018-10-06,2018-10-06T06:00:00.000000+0200
06/10/2018,7,23.41,2018-10-06,2018-10-06T07:00:00.000000+0200
06/10/2018,8,30.11,2018-10-06,2018-10-06T08:00:00.000000+0200
06/10/2018,9,48.7,2018-10-06,2018-10-06T09:00:00.000000+0200
06/10/2018,10,60.45,2018-10-06,2018-10-06T10:00:00.000000+0200
06/10/2018,11,70.51,2018-10-06,2018-10-06T11:00:00.000000+0200
06/10/2018,12,74.92,2018-10-06,2018-10-06T12:00:00.000000+0200
06/10/2018,13,72.01,2018-10-06,2018-10-06T13:00:00.000000+0200
06/10/2018,14,63.93,2018-10-06,2018-10-06T14:00:00.000000+0200
06/10/2018,15,55.98,2018-10-06,2018-10-06T15:00:00.000000+0200
06/10/2018,16,54.03,2018-10-06,2018-10-06T16:00:00.000000+0200
06/10/2018,17,58.35,2018-10-06,2018-10-06T17:00:00.000000+0200
06/10/2018,18,61.51,2018-10-06,2018-10-06T18:00:00.000000+0200
06/10/2018,19,63.93,2018-10-06,2018-10-06T19:00:00.000000+0200
06/10/2018,20,61.91,2018-10-06,2018-10-06T20:00:00.000000+0200
06/10/2018,21,61.115,2018-10-06,2018-10-06T21:00:00.000000+0200
06/10/2018,22,63.93,2018-10-06,2018-10-06T22:00:00.000000+0200
06/10/2018,23,61.51,2018-10-06,2018-10-06T23:00:00.000000+0200
06/10/2018,24,55.98,2018-10-06,2018-10-07T00:00:00.000000+0200
07/10/2018,1,53.53,2018-10-07,2018-10-07T01:00:00.000000+0200
07/10/2018,2,49.11,2018-10-07,2018-10-07T02:00:00.000000+0200
07/10/2018,3,42.93,2018-10-07,2018-10-07T03:00:00.000000+0200
07/10/2018,4,32.91,2018-10-07,2018-10-07T04:00:00.000000+0200
07/10/2018,5,29.49,2018-10-07,2018-10-07T05:00:00.000000+0200
07/10/2018,6,29.99,2018-10-07,2018-10-07T06:00:00.000000+0200
07/10/2018,7,41.79,2018-10-07,2018-10-07T07:00:00.000000+0200
07/10/2018,8,47.6,2018-10-07,2018-10-07T08:00:00.000000+0200
07/10/2018,9,46.84,2018-10-07,2018-10-07T09:00:00.000000+0200
07/10/2018,10,48.12,2018-10-07,2018-10-07T10:00:00.000000+0200
07/10/2018,11,46.68,2018-10-07,2018-10-07T11:00:00.000000+0200
07/10/2018,12,45.55,2018-10-07,2018-10-07T12:00:00.000000+0200
07/10/2018,13,42.63,2018-10-07,2018-10-07T13:00:00.000000+0200
07/10/2018,14,32.91,2018-10-07,2018-10-07T14:00:00.000000+0200
07/10/2018,15,31.16,2018-10-07,2018-10-07T15:00:00.000000+0200
07/10/2018,16,25.36,2018-10-07,2018-10-07T16:00:00.000000+0200
07/10/2018,17,22.08,2018-10-07,2018-10-07T17:00:00.000000+0200
07/10/2018,18,21.29,2018-10-07,2018-10-07T18:00:00.000000+0200
07/10/2018,19,25.81,2018-10-07,2018-10-07T19:00:00.000000+0200
07/10/2018,20,27.01,2018-10-07,2018-10-07T20:00:00.000000+0200
07/10/2018,21,46.95,2018-10-07,2018-10-07T21:00:00.000000+0200
07/10/2018,22,54.24,2018-10-07,2018-10-07T22:00:00.000000+0200
07/10/2018,23,61.8,2018-10-07,2018-10-07T23:00:00.000000+0200
07/10/2018,24,59.91,2018-10-07,2018-10-08T00:00:00.000000+0200
08/10/2018,1,55.17,2018-10-08,2018-10-08T01:00:00.000000+0200
08/10/2018,2,49.02,2018-10-08,2018-10-08T02:00:00.000000+0200
08/10/2018,3,48.01,2018-10-08,2018-10-08T03:00:00.000000+0200
08/10/2018,4,31.91,2018-10-08,2018-10-08T04:00:00.000000+0200
08/10/2018,5,29.51,2018-10-08,2018-10-08T05:00:00.000000+0200
08/10/2018,6,29.51,2018-10-08,2018-10-08T06:00:00.000000+0200
08/10/2018,7,31.31,2018-10-08,2018-10-08T07:00:00.000000+0200
08/10/2018,8,29.11,2018-10-08,2018-10-08T08:00:00.000000+0200
08/10/2018,9,47.1,2018-10-08,2018-10-08T09:00:00.000000+0200
08/10/2018,10,55.78,2018-10-08,2018-10-08T10:00:00.000000+0200
08/10/2018,11,58.81,2018-10-08,2018-10-08T11:00:00.000000+0200
08/10/2018,12,56.26,2018-10-08,2018-10-08T12:00:00.000000+0200
08/10/2018,13,50.53,2018-10-08,2018-10-08T13:00:00.000000+0200
08/10/2018,14,49.63,2018-10-08,2018-10-08T14:00:00.000000+0200
08/10/2018,15,42.93,2018-10-08,2018-10-08T15:00:00.000000+0200
08/10/2018,16,41.47,2018-10-08,2018-10-08T16:00:00.000000+0200
08/10/2018,17,47.95,2018-10-08,2018-10-08T17:00:00.000000+0200
08/10/2018,18,49.83,2018-10-08,2018-10-08T18:00:00.000000+0200
08/10/2018,19,50.97,2018-10-08,2018-10-08T19:00:00.000000+0200
08/10/2018,20,51.68,2018-10-08,2018-10-08T20:00:00.000000+0200
08/10/2018,21,55.77,2018-10-08,2018-10-08T21:00:00.000000+0200
08/10/2018,22,55.77,2018-10-08,2018-10-08T22:00:00.000000+0200
08/10/2018,23,64.1,2018-10-08,2018-10-08T23:00:00.000000+0200
08/10/2018,24,55.77,2018-10-08,2018-10-09T00:00:00.000000+0200
09/10/2018,1,55.77,2018-10-09,2018-10-09T01:00:00.000000+0200
09/10/2018,2,40.92,2018-10-09,2018-10-09T02:00:00.000000+0200
09/10/2018,3,41.46,2018-10-09,2018-10-09T03:00:00.000000+0200
09/10/2018,4,33.22,2018-10-09,2018-10-09T04:00:00.000000+0200
09/10/2018,5,32.62,2018-10-09,2018-10-09T05:00:00.000000+0200
09/10/2018,6,31.02,2018-10-09,2018-10-09T06:00:00.000000+0200
09/10/2018,7,30.01,2018-10-09,2018-10-09T07:00:00.000000+0200
09/10/2018,8,35.56,2018-10-09,2018-10-09T08:00:00.000000+0200
09/10/2018,9,47.46,2018-10-09,2018-10-09T09:00:00.000000+0200
09/10/2018,10,55.78,2018-10-09,2018-10-09T10:00:00.000000+0200
09/10/2018,11,60.2,2018-10-09,2018-10-09T11:00:00.000000+0200
09/10/2018,12,54.4,2018-10-09,2018-10-09T12:00:00.000000+0200
09/10/2018,13,49.11,2018-10-09,2018-10-09T13:00:00.000000+0200
09/10/2018,14,46.63,2018-10-09,2018-10-09T14:00:00.000000+0200
09/10/2018,15,38.71,2018-10-09,2018-10-09T15:00:00.000000+0200
09/10/2018,16,35.14,2018-10-09,2018-10-09T16:00:00.000000+0200
09/10/2018,17,40.55,2018-10-09,2018-10-09T17:00:00.000000+0200
09/10/2018,18,46.36,2018-10-09,2018-10-09T18:00:00.000000+0200
09/10/2018,19,49.1,2018-10-09,2018-10-09T19:00:00.000000+0200
09/10/2018,20,49.1,2018-10-09,2018-10-09T20:00:00.000000+0200
09/10/2018,21,49.75,2018-10-09,2018-10-09T21:00:00.000000+0200
09/10/2018,22,57.01,2018-10-09,2018-10-09T22:00:00.000000+0200
09/10/2018,23,74.46,2018-10-09,2018-10-09T23:00:00.000000+0200
09/10/2018,24,55.78,2018-10-09,2018-10-10T00:00:00.000000+0200
10/10/2018,1,54.01,2018-10-10,2018-10-10T01:00:00.000000+0200
10/10/2018,2,47.64,2018-10-10,2018-10-10T02:00:00.000000+0200
10/10/2018,3,46.33,2018-10-10,2018-10-10T03:00:00.000000+0200
10/10/2018,4,28.21,2018-10-10,2018-10-10T04:00:00.000000+0200
10/10/2018,5,25.27,2018-10-10,2018-10-10T05:00:00.000000+0200
10/10/2018,6,24.74,2018-10-10,2018-10-10T06:00:00.000000+0200
10/10/2018,7,22.79,2018-10-10,2018-10-10T07:00:00.000000+0200
10/10/2018,8,24.12,2018-10-10,2018-10-10T08:00:00.000000+0200
10/10/2018,9,29.41,2018-10-10,2018-10-10T09:00:00.000000+0200
10/10/2018,10,49.1,2018-10-10,2018-10-10T10:00:00.000000+0200
10/10/2018,11,54.58,2018-10-10,2018-10-10T11:00:00.000000+0200
10/10/2018,12,55.98,2018-10-10,2018-10-10T12:00:00.000000+0200
10/10/2018,13,53.07,2018-10-10,2018-10-10T13:00:00.000000+0200
10/10/2018,14,49.01,2018-10-10,2018-10-10T14:00:00.000000+0200
10/10/2018,15,44.01,2018-10-10,2018-10-10T15:00:00.000000+0200
10/10/2018,16,32.01,2018-10-10,2018-10-10T16:00:00.000000+0200
10/10/2018,17,32.02,2018-10-10,2018-10-10T17:00:00.000000+0200
10/10/2018,18,40.02,2018-10-10,2018-10-10T18:00:00.000000+0200
10/10/2018,19,46.24,2018-10-10,2018-10-10T19:00:00.000000+0200
10/10/2018,20,48.16,2018-10-10,2018-10-10T20:00:00.000000+0200
10/10/2018,21,49.11,2018-10-10,2018-10-10T21:00:00.000000+0200
10/10/2018,22,61.3,2018-10-10,2018-10-10T22:00:00.000000+0200
10/10/2018,23,74.92,2018-10-10,2018-10-10T23:00:00.000000+0200
10/10/2018,24,61.31,2018-10-10,2018-10-11T00:00:00.000000+0200
11/10/2018,1,53.07,2018-10-11,2018-10-11T01:00:00.000000+0200
11/10/2018,2,35.97,2018-10-11,2018-10-11T02:00:00.000000+0200
11/10/2018,3,46.25,2018-10-11,2018-10-11T03:00:00.000000+0200
11/10/2018,4,38.6,2018-10-11,2018-10-11T04:00:00.000000+0200
11/10/2018,5,30.01,2018-10-11,2018-10-11T05:00:00.000000+0200
11/10/2018,6,28.03,2018-10-11,2018-10-11T06:00:00.000000+0200
11/10/2018,7,44.77,2018-10-11,2018-10-11T07:00:00.000000+0200
11/10/2018,8,49.11,2018-10-11,2018-10-11T08:00:00.000000+0200
11/10/2018,9,47.75,2018-10-11,2018-10-11T09:00:00.000000+0200
11/10/2018,10,48.33,2018-10-11,2018-10-11T10:00:00.000000+0200
11/10/2018,11,47.74,2018-10-11,2018-10-11T11:00:00.000000+0200
11/10/2018,12,47.148,2018-10-11,2018-10-11T12:00:00.000000+0200
11/10/2018,13,43.62,2018-10-11,2018-10-11T13:00:00.000000+0200
11/10/2018,14,34.08,2018-10-11,2018-10-11T14:00:00.000000+0200
11/10/2018,15,30.11,2018-10-11,2018-10-11T15:00:00.000000+0200
11/10/2018,16,18.91,2018-10-11,2018-10-11T16:00:00.000000+0200
11/10/2018,17,15.01,2018-10-11,2018-10-11T17:00:00.000000+0200
11/10/2018,18,23.79,2018-10-11,2018-10-11T18:00:00.000000+0200
11/10/2018,19,29.92,2018-10-11,2018-10-11T19:00:00.000000+0200
11/10/2018,20,36.97,2018-10-11,2018-10-11T20:00:00.000000+0200
11/10/2018,21,45.1,2018-10-11,2018-10-11T21:00:00.000000+0200
11/10/2018,22,55.25,2018-10-11,2018-10-11T22:00:00.000000+0200
11/10/2018,23,62.86,2018-10-11,2018-10-11T23:00:00.000000+0200
11/10/2018,24,60.74,2018-10-11,2018-10-12T00:00:00.000000+0200
12/10/2018,1,54.87,2018-10-12,2018-10-12T01:00:00.000000+0200
12/10/2018,2,48.01,2018-10-12,2018-10-12T02:00:00.000000+0200
12/10/2018,3,38.26,2018-10-12,2018-10-12T03:00:00.000000+0200
12/10/2018,4,30.01,2018-10-12,2018-10-12T04:00:00.000000+0200
12/10/2018,5,29.31,2018-10-12,2018-10-12T05:00:00.000000+0200
12/10/2018,6,28.51,2018-10-12,2018-10-12T06:00:00.000000+0200
12/10/2018,7,29.52,2018-10-12,2018-10-12T07:00:00.000000+0200
12/10/2018,8,48.17,2018-10-12,2018-10-12T08:00:00.000000+0200
12/10/2018,9,49.44,2018-10-12,2018-10-12T09:00:00.000000+0200
12/10/2018,10,58.16,2018-10-12,2018-10-12T10:00:00.000000+0200
12/10/2018,11,59.42,2018-10-12,2018-10-12T11:00:00.000000+0200
12/10/2018,12,55.16,2018-10-12,2018-10-12T12:00:00.000000+0200
12/10/2018,13,50.01,2018-10-12,2018-10-12T13:00:00.000000+0200
12/10/2018,14,46.91,2018-10-12,2018-10-12T14:00:00.000000+0200
12/10/2018,15,40.01,2018-10-12,2018-10-12T15:00:00.000000+0200
12/10/2018,16,37.43,2018-10-12,2018-10-12T16:00:00.000000+0200
12/10/2018,17,39.02,2018-10-12,2018-10-12T17:00:00.000000+0200
12/10/2018,18,45.91,2018-10-12,2018-10-12T18:00:00.000000+0200
12/10/2018,19,48.119,2018-10-12,2018-10-12T19:00:00.000000+0200
12/10/2018,20,48.149,2018-10-12,2018-10-12T20:00:00.000000+0200
12/10/2018,21,50.01,2018-10-12,2018-10-12T21:00:00.000000+0200
12/10/2018,22,58.15,2018-10-12,2018-10-12T22:00:00.000000+0200
12/10/2018,23,61.99,2018-10-12,2018-10-12T23:00:00.000000+0200
12/10/2018,24,60.22,2018-10-12,2018-10-13T00:00:00.000000+0200
13/10/2018,1,51.45,2018-10-13,2018-10-13T01:00:00.000000+0200
13/10/2018,2,48.159,2018-10-13,2018-10-13T02:00:00.000000+0200
13/10/2018,3,48.223,2018-10-13,2018-10-13T03:00:00.000000+0200
13/10/2018,4,45.51,2018-10-13,2018-10-13T04:00:00.000000+0200
13/10/2018,5,36.01,2018-10-13,2018-10-13T05:00:00.000000+0200
13/10/2018,6,30.01,2018-10-13,2018-10-13T06:00:00.000000+0200
13/10/2018,7,35.94,2018-10-13,2018-10-13T07:00:00.000000+0200
13/10/2018,8,39.42,2018-10-13,2018-10-13T08:00:00.000000+0200
13/10/2018,9,37.99,2018-10-13,2018-10-13T09:00:00.000000+0200
13/10/2018,10,42.85,2018-10-13,2018-10-13T10:00:00.000000+0200
13/10/2018,11,43.85,2018-10-13,2018-10-13T11:00:00.000000+0200
13/10/2018,12,40.13,2018-10-13,2018-10-13T12:00:00.000000+0200
13/10/2018,13,40.62,2018-10-13,2018-10-13T13:00:00.000000+0200
13/10/2018,14,35.5,2018-10-13,2018-10-13T14:00:00.000000+0200
13/10/2018,15,32.52,2018-10-13,2018-10-13T15:00:00.000000+0200
13/10/2018,16,28.57,2018-10-13,2018-10-13T16:00:00.000000+0200
13/10/2018,17,28.124,2018-10-13,2018-10-13T17:00:00.000000+0200
13/10/2018,18,30.01,2018-10-13,2018-10-13T18:00:00.000000+0200
13/10/2018,19,34.03,2018-10-13,2018-10-13T19:00:00.000000+0200
13/10/2018,20,43.1,2018-10-13,2018-10-13T20:00:00.000000+0200
13/10/2018,21,51.01,2018-10-13,2018-10-13T21:00:00.000000+0200
13/10/2018,22,56.64,2018-10-13,2018-10-13T22:00:00.000000+0200
13/10/2018,23,61.57,2018-10-13,2018-10-13T23:00:00.000000+0200
13/10/2018,24,61.124,2018-10-13,2018-10-14T00:00:00.000000+0200
14/10/2018,1,56.29,2018-10-14,2018-10-14T01:00:00.000000+0200
14/10/2018,2,47.86,2018-10-14,2018-10-14T02:00:00.000000+0200
14/10/2018,3,45.17,2018-10-14,2018-10-14T03:00:00.000000+0200
14/10/2018,4,35.74,2018-10-14,2018-10-14T04:00:00.000000+0200
14/10/2018,5,29.51,2018-10-14,2018-10-14T05:00:00.000000+0200
14/10/2018,6,29.51,2018-10-14,2018-10-14T06:00:00.000000+0200
14/10/2018,7,31.51,2018-10-14,2018-10-14T07:00:00.000000+0200
14/10/2018,8,45.16,2018-10-14,2018-10-14T08:00:00.000000+0200
14/10/2018,9,51.86,2018-10-14,2018-10-14T09:00:00.000000+0200
14/10/2018,10,58.9,2018-10-14,2018-10-14T10:00:00.000000+0200
14/10/2018,11,65.23,2018-10-14,2018-10-14T11:00:00.000000+0200
14/10/2018,12,59.44,2018-10-14,2018-10-14T12:00:00.000000+0200
14/10/2018,13,57.18,2018-10-14,2018-10-14T13:00:00.000000+0200
14/10/2018,14,53.99,2018-10-14,2018-10-14T14:00:00.000000+0200
14/10/2018,15,46.17,2018-10-14,2018-10-14T15:00:00.000000+0200
14/10/2018,16,41.1,2018-10-14,2018-10-14T16:00:00.000000+0200
14/10/2018,17,49.149,2018-10-14,2018-10-14T17:00:00.000000+0200
14/10/2018,18,49.218,2018-10-14,2018-10-14T18:00:00.000000+0200
14/10/2018,19,50.186,2018-10-14,2018-10-14T19:00:00.000000+0200
14/10/2018,20,50.279,2018-10-14,2018-10-14T20:00:00.000000+0200
14/10/2018,21,52.03,2018-10-14,2018-10-14T21:00:00.000000+0200
14/10/2018,22,56.17,2018-10-14,2018-10-14T22:00:00.000000+0200
14/10/2018,23,57.5,2018-10-14,2018-10-14T23:00:00.000000+0200
14/10/2018,24,55.01,2018-10-14,2018-10-15T00:00:00.000000+0200
15/10/2018,1,46.31,2018-10-15,2018-10-15T01:00:00.000000+0200
15/10/2018,2,42.93,2018-10-15,2018-10-15T02:00:00.000000+0200
15/10/2018,3,35.96,2018-10-15,2018-10-15T03:00:00.000000+0200
15/10/2018,4,32.13,2018-10-15,2018-10-15T04:00:00.000000+0200
15/10/2018,5,29.78,2018-10-15,2018-10-15T05:00:00.000000+0200
15/10/2018,6,28.02,2018-10-15,2018-10-15T06:00:00.000000+0200
15/10/2018,7,25.66,2018-10-15,2018-10-15T07:00:00.000000+0200
15/10/2018,8,29.02,2018-10-15,2018-10-15T08:00:00.000000+0200
15/10/2018,9,40.57,2018-10-15,2018-10-15T09:00:00.000000+0200
15/10/2018,10,49.92,2018-10-15,2018-10-15T10:00:00.000000+0200
15/10/2018,11,58.4,2018-10-15,2018-10-15T11:00:00.000000+0200
15/10/2018,12,58.19,2018-10-15,2018-10-15T12:00:00.000000+0200
15/10/2018,13,53.32,2018-10-15,2018-10-15T13:00:00.000000+0200
15/10/2018,14,51.03,2018-10-15,2018-10-15T14:00:00.000000+0200
15/10/2018,15,49.43,2018-10-15,2018-10-15T15:00:00.000000+0200
15/10/2018,16,49.95,2018-10-15,2018-10-15T16:00:00.000000+0200
15/10/2018,17,51.03,2018-10-15,2018-10-15T17:00:00.000000+0200
15/10/2018,18,54.32,2018-10-15,2018-10-15T18:00:00.000000+0200
15/10/2018,19,58.28,2018-10-15,2018-10-15T19:00:00.000000+0200
15/10/2018,20,56.44,2018-10-15,2018-10-15T20:00:00.000000+0200
15/10/2018,21,51.03,2018-10-15,2018-10-15T21:00:00.000000+0200
15/10/2018,22,58.51,2018-10-15,2018-10-15T22:00:00.000000+0200
15/10/2018,23,67.16,2018-10-15,2018-10-15T23:00:00.000000+0200
15/10/2018,24,58.51,2018-10-15,2018-10-16T00:00:00.000000+0200
16/10/2018,1,50.01,2018-10-16,2018-10-16T01:00:00.000000+0200
16/10/2018,2,43.02,2018-10-16,2018-10-16T02:00:00.000000+0200
16/10/2018,3,52.03,2018-10-16,2018-10-16T03:00:00.000000+0200
16/10/2018,4,44.48,2018-10-16,2018-10-16T04:00:00.000000+0200
16/10/2018,5,42.13,2018-10-16,2018-10-16T05:00:00.000000+0200
16/10/2018,6,39.76,2018-10-16,2018-10-16T06:00:00.000000+0200
16/10/2018,7,41.51,2018-10-16,2018-10-16T07:00:00.000000+0200
16/10/2018,8,52.03,2018-10-16,2018-10-16T08:00:00.000000+0200
16/10/2018,9,55.92,2018-10-16,2018-10-16T09:00:00.000000+0200
16/10/2018,10,68.42,2018-10-16,2018-10-16T10:00:00.000000+0200
16/10/2018,11,73.84,2018-10-16,2018-10-16T11:00:00.000000+0200
16/10/2018,12,74.64,2018-10-16,2018-10-16T12:00:00.000000+0200
16/10/2018,13,68.99,2018-10-16,2018-10-16T13:00:00.000000+0200
16/10/2018,14,64.73,2018-10-16,2018-10-16T14:00:00.000000+0200
16/10/2018,15,59.76,2018-10-16,2018-10-16T15:00:00.000000+0200
16/10/2018,16,56.8,2018-10-16,2018-10-16T16:00:00.000000+0200
16/10/2018,17,59.96,2018-10-16,2018-10-16T17:00:00.000000+0200
16/10/2018,18,60.69,2018-10-16,2018-10-16T18:00:00.000000+0200
16/10/2018,19,59.95,2018-10-16,2018-10-16T19:00:00.000000+0200
16/10/2018,20,59.95,2018-10-16,2018-10-16T20:00:00.000000+0200
16/10/2018,21,59.95,2018-10-16,2018-10-16T21:00:00.000000+0200
16/10/2018,22,73.51,2018-10-16,2018-10-16T22:00:00.000000+0200
16/10/2018,23,61.69,2018-10-16,2018-10-16T23:00:00.000000+0200
16/10/2018,24,77.32,2018-10-16,2018-10-17T00:00:00.000000+0200
17/10/2018,1,55.92,2018-10-17,2018-10-17T01:00:00.000000+0200
17/10/2018,2,51.96,2018-10-17,2018-10-17T02:00:00.000000+0200
17/10/2018,3,51.143,2018-10-17,2018-10-17T03:00:00.000000+0200
17/10/2018,4,45.14,2018-10-17,2018-10-17T04:00:00.000000+0200
17/10/2018,5,39.38,2018-10-17,2018-10-17T05:00:00.000000+0200
17/10/2018,6,41.136,2018-10-17,2018-10-17T06:00:00.000000+0200
17/10/2018,7,41.179,2018-10-17,2018-10-17T07:00:00.000000+0200
17/10/2018,8,42.07,2018-10-17,2018-10-17T08:00:00.000000+0200
17/10/2018,9,38.81,2018-10-17,2018-10-17T09:00:00.000000+0200
17/10/2018,10,51.5,2018-10-17,2018-10-17T10:00:00.000000+0200
17/10/2018,11,70.08,2018-10-17,2018-10-17T11:00:00.000000+0200
17/10/2018,12,62.31,2018-10-17,2018-10-17T12:00:00.000000+0200
17/10/2018,13,60.01,2018-10-17,2018-10-17T13:00:00.000000+0200
17/10/2018,14,52.56,2018-10-17,2018-10-17T14:00:00.000000+0200
17/10/2018,15,52.114,2018-10-17,2018-10-17T15:00:00.000000+0200
17/10/2018,16,48.18,2018-10-17,2018-10-17T16:00:00.000000+0200
17/10/2018,17,44.48,2018-10-17,2018-10-17T17:00:00.000000+0200
17/10/2018,18,48.29,2018-10-17,2018-10-17T18:00:00.000000+0200
17/10/2018,19,49.5,2018-10-17,2018-10-17T19:00:00.000000+0200
17/10/2018,20,48.46,2018-10-17,2018-10-17T20:00:00.000000+0200
17/10/2018,21,52.5,2018-10-17,2018-10-17T21:00:00.000000+0200
17/10/2018,22,55.21,2018-10-17,2018-10-17T22:00:00.000000+0200
17/10/2018,23,56.1,2018-10-17,2018-10-17T23:00:00.000000+0200
17/10/2018,24,52.38,2018-10-17,2018-10-18T00:00:00.000000+0200
18/10/2018,1,52.27,2018-10-18,2018-10-18T01:00:00.000000+0200
18/10/2018,2,51.04,2018-10-18,2018-10-18T02:00:00.000000+0200
18/10/2018,3,51.06,2018-10-18,2018-10-18T03:00:00.000000+0200
18/10/2018,4,40.01,2018-10-18,2018-10-18T04:00:00.000000+0200
18/10/2018,5,34.9,2018-10-18,2018-10-18T05:00:00.000000+0200
18/10/2018,6,29.71,2018-10-18,2018-10-18T06:00:00.000000+0200
18/10/2018,7,44.51,2018-10-18,2018-10-18T07:00:00.000000+0200
18/10/2018,8,50.01,2018-10-18,2018-10-18T08:00:00.000000+0200
18/10/2018,9,45.45,2018-10-18,2018-10-18T09:00:00.000000+0200
18/10/2018,10,46.6,2018-10-18,2018-10-18T10:00:00.000000+0200
18/10/2018,11,48.71,2018-10-18,2018-10-18T11:00:00.000000+0200
18/10/2018,12,49.34,2018-10-18,2018-10-18T12:00:00.000000+0200
18/10/2018,13,52.03,2018-10-18,2018-10-18T13:00:00.000000+0200
18/10/2018,14,48.68,2018-10-18,2018-10-18T14:00:00.000000+0200
18/10/2018,15,42.63,2018-10-18,2018-10-18T15:00:00.000000+0200
18/10/2018,16,34.91,2018-10-18,2018-10-18T16:00:00.000000+0200
18/10/2018,17,31.56,2018-10-18,2018-10-18T17:00:00.000000+0200
18/10/2018,18,38.21,2018-10-18,2018-10-18T18:00:00.000000+0200
18/10/2018,19,40.18,2018-10-18,2018-10-18T19:00:00.000000+0200
18/10/2018,20,42.96,2018-10-18,2018-10-18T20:00:00.000000+0200
18/10/2018,21,49.77,2018-10-18,2018-10-18T21:00:00.000000+0200
18/10/2018,22,56.1,2018-10-18,2018-10-18T22:00:00.000000+0200
18/10/2018,23,62.33,2018-10-18,2018-10-18T23:00:00.000000+0200
18/10/2018,24,62.33,2018-10-18,2018-10-19T00:00:00.000000+0200
19/10/2018,1,58.35,2018-10-19,2018-10-19T01:00:00.000000+0200
19/10/2018,2,51.03,2018-10-19,2018-10-19T02:00:00.000000+0200
19/10/2018,3,36.9,2018-10-19,2018-10-19T03:00:00.000000+0200
19/10/2018,4,28.67,2018-10-19,2018-10-19T04:00:00.000000+0200
19/10/2018,5,28.134,2018-10-19,2018-10-19T05:00:00.000000+0200
19/10/2018,6,22.75,2018-10-19,2018-10-19T06:00:00.000000+0200
19/10/2018,7,21.19,2018-10-19,2018-10-19T07:00:00.000000+0200
19/10/2018,8,26.71,2018-10-19,2018-10-19T08:00:00.000000+0200
19/10/2018,9,43.26,2018-10-19,2018-10-19T09:00:00.000000+0200
19/10/2018,10,55.16,2018-10-19,2018-10-19T10:00:00.000000+0200
19/10/2018,11,60.59,2018-10-19,2018-10-19T11:00:00.000000+0200
19/10/2018,12,59.15,2018-10-19,2018-10-19T12:00:00.000000+0200
19/10/2018,13,55.41,2018-10-19,2018-10-19T13:00:00.000000+0200
19/10/2018,14,53.83,2018-10-19,2018-10-19T14:00:00.000000+0200
19/10/2018,15,50.2,2018-10-19,2018-10-19T15:00:00.000000+0200
19/10/2018,16,48.62,2018-10-19,2018-10-19T16:00:00.000000+0200
19/10/2018,17,51.36,2018-10-19,2018-10-19T17:00:00.000000+0200
19/10/2018,18,52.33,2018-10-19,2018-10-19T18:00:00.000000+0200
19/10/2018,19,52.33,2018-10-19,2018-10-19T19:00:00.000000+0200
19/10/2018,20,52.33,2018-10-19,2018-10-19T20:00:00.000000+0200
19/10/2018,21,53.83,2018-10-19,2018-10-19T21:00:00.000000+0200
19/10/2018,22,58.24,2018-10-19,2018-10-19T22:00:00.000000+0200
19/10/2018,23,59.43,2018-10-19,2018-10-19T23:00:00.000000+0200
19/10/2018,24,57.01,2018-10-19,2018-10-20T00:00:00.000000+0200
20/10/2018,1,52.83,2018-10-20,2018-10-20T01:00:00.000000+0200
20/10/2018,2,48.01,2018-10-20,2018-10-20T02:00:00.000000+0200
20/10/2018,3,52.34,2018-10-20,2018-10-20T03:00:00.000000+0200
20/10/2018,4,45.13,2018-10-20,2018-10-20T04:00:00.000000+0200
20/10/2018,5,36.65,2018-10-20,2018-10-20T05:00:00.000000+0200
20/10/2018,6,30.74,2018-10-20,2018-10-20T06:00:00.000000+0200
20/10/2018,7,31.97,2018-10-20,2018-10-20T07:00:00.000000+0200
20/10/2018,8,52.34,2018-10-20,2018-10-20T08:00:00.000000+0200
20/10/2018,9,48.69,2018-10-20,2018-10-20T09:00:00.000000+0200
20/10/2018,10,55.41,2018-10-20,2018-10-20T10:00:00.000000+0200
20/10/2018,11,60.27,2018-10-20,2018-10-20T11:00:00.000000+0200
20/10/2018,12,59.43,2018-10-20,2018-10-20T12:00:00.000000+0200
20/10/2018,13,53.83,2018-10-20,2018-10-20T13:00:00.000000+0200
20/10/2018,14,50.51,2018-10-20,2018-10-20T14:00:00.000000+0200
20/10/2018,15,44.49,2018-10-20,2018-10-20T15:00:00.000000+0200
20/10/2018,16,45.63,2018-10-20,2018-10-20T16:00:00.000000+0200
20/10/2018,17,49.9,2018-10-20,2018-10-20T17:00:00.000000+0200
20/10/2018,18,50.95,2018-10-20,2018-10-20T18:00:00.000000+0200
20/10/2018,19,51.31,2018-10-20,2018-10-20T19:00:00.000000+0200
20/10/2018,20,50.51,2018-10-20,2018-10-20T20:00:00.000000+0200
20/10/2018,21,53.23,2018-10-20,2018-10-20T21:00:00.000000+0200
20/10/2018,22,56.04,2018-10-20,2018-10-20T22:00:00.000000+0200
20/10/2018,23,59.55,2018-10-20,2018-10-20T23:00:00.000000+0200
20/10/2018,24,55.41,2018-10-20,2018-10-21T00:00:00.000000+0200
21/10/2018,1,52.83,2018-10-21,2018-10-21T01:00:00.000000+0200
21/10/2018,2,50.22,2018-10-21,2018-10-21T02:00:00.000000+0200
21/10/2018,3,52.34,2018-10-21,2018-10-21T03:00:00.000000+0200
21/10/2018,4,48.29,2018-10-21,2018-10-21T04:00:00.000000+0200
21/10/2018,5,43.33,2018-10-21,2018-10-21T05:00:00.000000+0200
21/10/2018,6,38.83,2018-10-21,2018-10-21T06:00:00.000000+0200
21/10/2018,7,38.75,2018-10-21,2018-10-21T07:00:00.000000+0200
21/10/2018,8,50.61,2018-10-21,2018-10-21T08:00:00.000000+0200
21/10/2018,9,52.51,2018-10-21,2018-10-21T09:00:00.000000+0200
21/10/2018,10,61.02,2018-10-21,2018-10-21T10:00:00.000000+0200
21/10/2018,11,78.72,2018-10-21,2018-10-21T11:00:00.000000+0200
21/10/2018,12,67.43,2018-10-21,2018-10-21T12:00:00.000000+0200
21/10/2018,13,61.74,2018-10-21,2018-10-21T13:00:00.000000+0200
21/10/2018,14,58.51,2018-10-21,2018-10-21T14:00:00.000000+0200
21/10/2018,15,50.67,2018-10-21,2018-10-21T15:00:00.000000+0200
21/10/2018,16,50.73,2018-10-21,2018-10-21T16:00:00.000000+0200
21/10/2018,17,52.33,2018-10-21,2018-10-21T17:00:00.000000+0200
21/10/2018,18,52.33,2018-10-21,2018-10-21T18:00:00.000000+0200
21/10/2018,19,53.83,2018-10-21,2018-10-21T19:00:00.000000+0200
21/10/2018,20,54.22,2018-10-21,2018-10-21T20:00:00.000000+0200
21/10/2018,21,55.01,2018-10-21,2018-10-21T21:00:00.000000+0200
21/10/2018,22,60.01,2018-10-21,2018-10-21T22:00:00.000000+0200
21/10/2018,23,69.55,2018-10-21,2018-10-21T23:00:00.000000+0200
21/10/2018,24,59.86,2018-10-21,2018-10-22T00:00:00.000000+0200
22/10/2018,1,52.83,2018-10-22,2018-10-22T01:00:00.000000+0200
22/10/2018,2,49.11,2018-10-22,2018-10-22T02:00:00.000000+0200
22/10/2018,3,52.34,2018-10-22,2018-10-22T03:00:00.000000+0200
22/10/2018,4,43.06,2018-10-22,2018-10-22T04:00:00.000000+0200
22/10/2018,5,37.7,2018-10-22,2018-10-22T05:00:00.000000+0200
22/10/2018,6,32.44,2018-10-22,2018-10-22T06:00:00.000000+0200
22/10/2018,7,33.01,2018-10-22,2018-10-22T07:00:00.000000+0200
22/10/2018,8,38.51,2018-10-22,2018-10-22T08:00:00.000000+0200
22/10/2018,9,52.83,2018-10-22,2018-10-22T09:00:00.000000+0200
22/10/2018,10,58.49,2018-10-22,2018-10-22T10:00:00.000000+0200
22/10/2018,11,65.24,2018-10-22,2018-10-22T11:00:00.000000+0200
22/10/2018,12,63.45,2018-10-22,2018-10-22T12:00:00.000000+0200
22/10/2018,13,59.7,2018-10-22,2018-10-22T13:00:00.000000+0200
22/10/2018,14,59.39,2018-10-22,2018-10-22T14:00:00.000000+0200
22/10/2018,15,53.33,2018-10-22,2018-10-22T15:00:00.000000+0200
22/10/2018,16,53.33,2018-10-22,2018-10-22T16:00:00.000000+0200
22/10/2018,17,54.22,2018-10-22,2018-10-22T17:00:00.000000+0200
22/10/2018,18,57.01,2018-10-22,2018-10-22T18:00:00.000000+0200
22/10/2018,19,58.49,2018-10-22,2018-10-22T19:00:00.000000+0200
22/10/2018,20,57.01,2018-10-22,2018-10-22T20:00:00.000000+0200
22/10/2018,21,56.55,2018-10-22,2018-10-22T21:00:00.000000+0200
22/10/2018,22,60.54,2018-10-22,2018-10-22T22:00:00.000000+0200
22/10/2018,23,65.01,2018-10-22,2018-10-22T23:00:00.000000+0200
22/10/2018,24,60.37,2018-10-22,2018-10-23T00:00:00.000000+0200
23/10/2018,1,54.47,2018-10-23,2018-10-23T01:00:00.000000+0200
23/10/2018,2,49.87,2018-10-23,2018-10-23T02:00:00.000000+0200
23/10/2018,3,52.83,2018-10-23,2018-10-23T03:00:00.000000+0200
23/10/2018,4,44.74,2018-10-23,2018-10-23T04:00:00.000000+0200
23/10/2018,5,35.49,2018-10-23,2018-10-23T05:00:00.000000+0200
23/10/2018,6,35.49,2018-10-23,2018-10-23T06:00:00.000000+0200
23/10/2018,7,35.49,2018-10-23,2018-10-23T07:00:00.000000+0200
23/10/2018,8,44.56,2018-10-23,2018-10-23T08:00:00.000000+0200
23/10/2018,9,56.81,2018-10-23,2018-10-23T09:00:00.000000+0200
23/10/2018,10,65.93,2018-10-23,2018-10-23T10:00:00.000000+0200
23/10/2018,11,70.25,2018-10-23,2018-10-23T11:00:00.000000+0200
23/10/2018,12,67.42,2018-10-23,2018-10-23T12:00:00.000000+0200
23/10/2018,13,60.2,2018-10-23,2018-10-23T13:00:00.000000+0200
23/10/2018,14,52.83,2018-10-23,2018-10-23T14:00:00.000000+0200
23/10/2018,15,50.29,2018-10-23,2018-10-23T15:00:00.000000+0200
23/10/2018,16,50.58,2018-10-23,2018-10-23T16:00:00.000000+0200
23/10/2018,17,52.34,2018-10-23,2018-10-23T17:00:00.000000+0200
23/10/2018,18,53.83,2018-10-23,2018-10-23T18:00:00.000000+0200
23/10/2018,19,60.83,2018-10-23,2018-10-23T19:00:00.000000+0200
23/10/2018,20,62.06,2018-10-23,2018-10-23T20:00:00.000000+0200
23/10/2018,21,67.69,2018-10-23,2018-10-23T21:00:00.000000+0200
23/10/2018,22,73.19,2018-10-23,2018-10-23T22:00:00.000000+0200
23/10/2018,23,79.54,2018-10-23,2018-10-23T23:00:00.000000+0200
23/10/2018,24,70.25,2018-10-23,2018-10-24T00:00:00.000000+0200
24/10/2018,1,65.93,2018-10-24,2018-10-24T01:00:00.000000+0200
24/10/2018,2,53.34,2018-10-24,2018-10-24T02:00:00.000000+0200
24/10/2018,3,56.26,2018-10-24,2018-10-24T03:00:00.000000+0200
24/10/2018,4,48.77,2018-10-24,2018-10-24T04:00:00.000000+0200
24/10/2018,5,41.26,2018-10-24,2018-10-24T05:00:00.000000+0200
24/10/2018,6,36.71,2018-10-24,2018-10-24T06:00:00.000000+0200
24/10/2018,7,36.71,2018-10-24,2018-10-24T07:00:00.000000+0200
24/10/2018,8,36.71,2018-10-24,2018-10-24T08:00:00.000000+0200
24/10/2018,9,36.45,2018-10-24,2018-10-24T09:00:00.000000+0200
24/10/2018,10,50.42,2018-10-24,2018-10-24T10:00:00.000000+0200
24/10/2018,11,53.83,2018-10-24,2018-10-24T11:00:00.000000+0200
24/10/2018,12,54.99,2018-10-24,2018-10-24T12:00:00.000000+0200
24/10/2018,13,53.83,2018-10-24,2018-10-24T13:00:00.000000+0200
24/10/2018,14,49.47,2018-10-24,2018-10-24T14:00:00.000000+0200
24/10/2018,15,41.26,2018-10-24,2018-10-24T15:00:00.000000+0200
24/10/2018,16,35.98,2018-10-24,2018-10-24T16:00:00.000000+0200
24/10/2018,17,34.01,2018-10-24,2018-10-24T17:00:00.000000+0200
24/10/2018,18,38.26,2018-10-24,2018-10-24T18:00:00.000000+0200
24/10/2018,19,46.58,2018-10-24,2018-10-24T19:00:00.000000+0200
24/10/2018,20,46.117,2018-10-24,2018-10-24T20:00:00.000000+0200
24/10/2018,21,49.62,2018-10-24,2018-10-24T21:00:00.000000+0200
24/10/2018,22,59.07,2018-10-24,2018-10-24T22:00:00.000000+0200
24/10/2018,23,59.07,2018-10-24,2018-10-24T23:00:00.000000+0200
24/10/2018,24,59.07,2018-10-24,2018-10-25T00:00:00.000000+0200
25/10/2018,1,52.83,2018-10-25,2018-10-25T01:00:00.000000+0200
25/10/2018,2,51.65,2018-10-25,2018-10-25T02:00:00.000000+0200
25/10/2018,3,43.68,2018-10-25,2018-10-25T03:00:00.000000+0200
25/10/2018,4,45.13,2018-10-25,2018-10-25T04:00:00.000000+0200
25/10/2018,5,33.41,2018-10-25,2018-10-25T05:00:00.000000+0200
25/10/2018,6,27.01,2018-10-25,2018-10-25T06:00:00.000000+0200
25/10/2018,7,36.63,2018-10-25,2018-10-25T07:00:00.000000+0200
25/10/2018,8,42.26,2018-10-25,2018-10-25T08:00:00.000000+0200
25/10/2018,9,40.01,2018-10-25,2018-10-25T09:00:00.000000+0200
25/10/2018,10,38.2,2018-10-25,2018-10-25T10:00:00.000000+0200
25/10/2018,11,38.9,2018-10-25,2018-10-25T11:00:00.000000+0200
25/10/2018,12,36.61,2018-10-25,2018-10-25T12:00:00.000000+0200
25/10/2018,13,36.62,2018-10-25,2018-10-25T13:00:00.000000+0200
25/10/2018,14,35.75,2018-10-25,2018-10-25T14:00:00.000000+0200
25/10/2018,15,33.01,2018-10-25,2018-10-25T15:00:00.000000+0200
25/10/2018,16,20.01,2018-10-25,2018-10-25T16:00:00.000000+0200
25/10/2018,17,15.01,2018-10-25,2018-10-25T17:00:00.000000+0200
25/10/2018,18,19.91,2018-10-25,2018-10-25T18:00:00.000000+0200
25/10/2018,19,29.28,2018-10-25,2018-10-25T19:00:00.000000+0200
25/10/2018,20,31.01,2018-10-25,2018-10-25T20:00:00.000000+0200
25/10/2018,21,40.51,2018-10-25,2018-10-25T21:00:00.000000+0200
25/10/2018,22,52.73,2018-10-25,2018-10-25T22:00:00.000000+0200
25/10/2018,23,56.66,2018-10-25,2018-10-25T23:00:00.000000+0200
25/10/2018,24,57.7,2018-10-25,2018-10-26T00:00:00.000000+0200
26/10/2018,1,53.34,2018-10-26,2018-10-26T01:00:00.000000+0200
26/10/2018,2,49.76,2018-10-26,2018-10-26T02:00:00.000000+0200
26/10/2018,3,33.51,2018-10-26,2018-10-26T03:00:00.000000+0200
26/10/2018,4,23.84,2018-10-26,2018-10-26T04:00:00.000000+0200
26/10/2018,5,20.01,2018-10-26,2018-10-26T05:00:00.000000+0200
26/10/2018,6,14.94,2018-10-26,2018-10-26T06:00:00.000000+0200
26/10/2018,7,15.63,2018-10-26,2018-10-26T07:00:00.000000+0200
26/10/2018,8,26.01,2018-10-26,2018-10-26T08:00:00.000000+0200
26/10/2018,9,43.31,2018-10-26,2018-10-26T09:00:00.000000+0200
26/10/2018,10,54.07,2018-10-26,2018-10-26T10:00:00.000000+0200
26/10/2018,11,58.17,2018-10-26,2018-10-26T11:00:00.000000+0200
26/10/2018,12,55.84,2018-10-26,2018-10-26T12:00:00.000000+0200
26/10/2018,13,51.8,2018-10-26,2018-10-26T13:00:00.000000+0200
26/10/2018,14,47.72,2018-10-26,2018-10-26T14:00:00.000000+0200
26/10/2018,15,39.95,2018-10-26,2018-10-26T15:00:00.000000+0200
26/10/2018,16,37.41,2018-10-26,2018-10-26T16:00:00.000000+0200
26/10/2018,17,42.82,2018-10-26,2018-10-26T17:00:00.000000+0200
26/10/2018,18,48.76,2018-10-26,2018-10-26T18:00:00.000000+0200
26/10/2018,19,50.113,2018-10-26,2018-10-26T19:00:00.000000+0200
26/10/2018,20,50.132,2018-10-26,2018-10-26T20:00:00.000000+0200
26/10/2018,21,53.2,2018-10-26,2018-10-26T21:00:00.000000+0200
26/10/2018,22,56.81,2018-10-26,2018-10-26T22:00:00.000000+0200
26/10/2018,23,59.46,2018-10-26,2018-10-26T23:00:00.000000+0200
26/10/2018,24,57.12,2018-10-26,2018-10-27T00:00:00.000000+0200
27/10/2018,1,53.71,2018-10-27,2018-10-27T01:00:00.000000+0200
27/10/2018,2,48.91,2018-10-27,2018-10-27T02:00:00.000000+0200
27/10/2018,3,52.54,2018-10-27,2018-10-27T03:00:00.000000+0200
27/10/2018,4,43.9,2018-10-27,2018-10-27T04:00:00.000000+0200
27/10/2018,5,39.91,2018-10-27,2018-10-27T05:00:00.000000+0200
27/10/2018,6,38.11,2018-10-27,2018-10-27T06:00:00.000000+0200
27/10/2018,7,40.51,2018-10-27,2018-10-27T07:00:00.000000+0200
27/10/2018,8,49.76,2018-10-27,2018-10-27T08:00:00.000000+0200
27/10/2018,9,56.58,2018-10-27,2018-10-27T09:00:00.000000+0200
27/10/2018,10,63.95,2018-10-27,2018-10-27T10:00:00.000000+0200
27/10/2018,11,67.08,2018-10-27,2018-10-27T11:00:00.000000+0200
27/10/2018,12,61.7,2018-10-27,2018-10-27T12:00:00.000000+0200
27/10/2018,13,55.01,2018-10-27,2018-10-27T13:00:00.000000+0200
27/10/2018,14,54.94,2018-10-27,2018-10-27T14:00:00.000000+0200
27/10/2018,15,50.01,2018-10-27,2018-10-27T15:00:00.000000+0200
27/10/2018,16,48.96,2018-10-27,2018-10-27T16:00:00.000000+0200
27/10/2018,17,51.27,2018-10-27,2018-10-27T17:00:00.000000+0200
27/10/2018,18,52.71,2018-10-27,2018-10-27T18:00:00.000000+0200
27/10/2018,19,53.19,2018-10-27,2018-10-27T19:00:00.000000+0200
27/10/2018,20,53.19,2018-10-27,2018-10-27T20:00:00.000000+0200
27/10/2018,21,54.64,2018-10-27,2018-10-27T21:00:00.000000+0200
27/10/2018,22,58.08,2018-10-27,2018-10-27T22:00:00.000000+0200
27/10/2018,23,62.05,2018-10-27,2018-10-27T23:00:00.000000+0200
27/10/2018,24,58.27,2018-10-27,2018-10-28T00:00:00.000000+0200
28/10/2018,1,53.51,2018-10-28,2018-10-28T01:00:00.000000+0200
28/10/2018,2,50.63,2018-10-28,2018-10-28T02:00:00.000000+0200
28/10/2018,3,52.16,2018-10-28,2018-10-28T02:00:00.000000+0100
28/10/2018,4,39.57,2018-10-28,2018-10-28T03:00:00.000000+0100
28/10/2018,5,33.92,2018-10-28,2018-10-28T04:00:00.000000+0100
28/10/2018,6,33.187,2018-10-28,2018-10-28T05:00:00.000000+0100
28/10/2018,7,36.47,2018-10-28,2018-10-28T06:00:00.000000+0100
28/10/2018,8,48.26,2018-10-28,2018-10-28T07:00:00.000000+0100
28/10/2018,9,54.22,2018-10-28,2018-10-28T08:00:00.000000+0100
28/10/2018,10,60.98,2018-10-28,2018-10-28T09:00:00.000000+0100
28/10/2018,11,70.01,2018-10-28,2018-10-28T10:00:00.000000+0100
28/10/2018,12,61.74,2018-10-28,2018-10-28T11:00:00.000000+0100
28/10/2018,13,55.71,2018-10-28,2018-10-28T12:00:00.000000+0100
28/10/2018,14,54.2,2018-10-28,2018-10-28T13:00:00.000000+0100
28/10/2018,15,51.16,2018-10-28,2018-10-28T14:00:00.000000+0100
28/10/2018,16,50.25,2018-10-28,2018-10-28T15:00:00.000000+0100
28/10/2018,17,52.71,2018-10-28,2018-10-28T16:00:00.000000+0100
28/10/2018,18,54.2,2018-10-28,2018-10-28T17:00:00.000000+0100
28/10/2018,19,55.01,2018-10-28,2018-10-28T18:00:00.000000+0100
28/10/2018,20,55.01,2018-10-28,2018-10-28T19:00:00.000000+0100
28/10/2018,21,58.01,2018-10-28,2018-10-28T20:00:00.000000+0100
28/10/2018,22,61.74,2018-10-28,2018-10-28T21:00:00.000000+0100
28/10/2018,23,79.23,2018-10-28,2018-10-28T22:00:00.000000+0100
28/10/2018,24,61.74,2018-10-28,2018-10-28T23:00:00.000000+0100
28/10/2018,25,54.24,2018-10-28,2018-10-29T00:00:00.000000+0100
29/10/2018,1,52.02,2018-10-29,2018-10-29T01:00:00.000000+0100
29/10/2018,2,54.2,2018-10-29,2018-10-29T02:00:00.000000+0100
29/10/2018,3,53.71,2018-10-29,2018-10-29T03:00:00.000000+0100
29/10/2018,4,48.76,2018-10-29,2018-10-29T04:00:00.000000+0100
29/10/2018,5,42.01,2018-10-29,2018-10-29T05:00:00.000000+0100
29/10/2018,6,47.15,2018-10-29,2018-10-29T06:00:00.000000+0100
29/10/2018,7,53.71,2018-10-29,2018-10-29T07:00:00.000000+0100
29/10/2018,8,64.62,2018-10-29,2018-10-29T08:00:00.000000+0100
29/10/2018,9,79.102,2018-10-29,2018-10-29T09:00:00.000000+0100
29/10/2018,10,79.142,2018-10-29,2018-10-29T10:00:00.000000+0100
29/10/2018,11,68.71,2018-10-29,2018-10-29T11:00:00.000000+0100
29/10/2018,12,67.63,2018-10-29,2018-10-29T12:00:00.000000+0100
29/10/2018,13,63.82,2018-10-29,2018-10-29T13:00:00.000000+0100
29/10/2018,14,54.19,2018-10-29,2018-10-29T14:00:00.000000+0100
29/10/2018,15,54.19,2018-10-29,2018-10-29T15:00:00.000000+0100
29/10/2018,16,56.01,2018-10-29,2018-10-29T16:00:00.000000+0100
29/10/2018,17,58.65,2018-10-29,2018-10-29T17:00:00.000000+0100
29/10/2018,18,61.14,2018-10-29,2018-10-29T18:00:00.000000+0100
29/10/2018,19,61.14,2018-10-29,2018-10-29T19:00:00.000000+0100
29/10/2018,20,62.91,2018-10-29,2018-10-29T20:00:00.000000+0100
29/10/2018,21,68.71,2018-10-29,2018-10-29T21:00:00.000000+0100
29/10/2018,22,79.18,2018-10-29,2018-10-29T22:00:00.000000+0100
29/10/2018,23,79.58,2018-10-29,2018-10-29T23:00:00.000000+0100
29/10/2018,24,62.39,2018-10-29,2018-10-30T00:00:00.000000+0100
30/10/2018,1,54.2,2018-10-30,2018-10-30T01:00:00.000000+0100
30/10/2018,2,56.44,2018-10-30,2018-10-30T02:00:00.000000+0100
30/10/2018,3,54.2,2018-10-30,2018-10-30T03:00:00.000000+0100
30/10/2018,4,45.5,2018-10-30,2018-10-30T04:00:00.000000+0100
30/10/2018,5,45.5,2018-10-30,2018-10-30T05:00:00.000000+0100
30/10/2018,6,45.5,2018-10-30,2018-10-30T06:00:00.000000+0100
30/10/2018,7,52.54,2018-10-30,2018-10-30T07:00:00.000000+0100
30/10/2018,8,56.78,2018-10-30,2018-10-30T08:00:00.000000+0100
30/10/2018,9,68.81,2018-10-30,2018-10-30T09:00:00.000000+0100
30/10/2018,10,70.11,2018-10-30,2018-10-30T10:00:00.000000+0100
30/10/2018,11,64.13,2018-10-30,2018-10-30T11:00:00.000000+0100
30/10/2018,12,60.53,2018-10-30,2018-10-30T12:00:00.000000+0100
30/10/2018,13,54.77,2018-10-30,2018-10-30T13:00:00.000000+0100
30/10/2018,14,52.7,2018-10-30,2018-10-30T14:00:00.000000+0100
30/10/2018,15,52.7,2018-10-30,2018-10-30T15:00:00.000000+0100
30/10/2018,16,53.53,2018-10-30,2018-10-30T16:00:00.000000+0100
30/10/2018,17,56.02,2018-10-30,2018-10-30T17:00:00.000000+0100
30/10/2018,18,56.43,2018-10-30,2018-10-30T18:00:00.000000+0100
30/10/2018,19,56.43,2018-10-30,2018-10-30T19:00:00.000000+0100
30/10/2018,20,58.01,2018-10-30,2018-10-30T20:00:00.000000+0100
30/10/2018,21,65.34,2018-10-30,2018-10-30T21:00:00.000000+0100
30/10/2018,22,69.51,2018-10-30,2018-10-30T22:00:00.000000+0100
30/10/2018,23,64.1,2018-10-30,2018-10-30T23:00:00.000000+0100
30/10/2018,24,54.53,2018-10-30,2018-10-31T00:00:00.000000+0100
31/10/2018,1,52.16,2018-10-31,2018-10-31T01:00:00.000000+0100
31/10/2018,2,76.97,2018-10-31,2018-10-31T02:00:00.000000+0100
31/10/2018,3,61.01,2018-10-31,2018-10-31T03:00:00.000000+0100
31/10/2018,4,57.57,2018-10-31,2018-10-31T04:00:00.000000+0100
31/10/2018,5,54.19,2018-10-31,2018-10-31T05:00:00.000000+0100
31/10/2018,6,54.19,2018-10-31,2018-10-31T06:00:00.000000+0100
31/10/2018,7,54.19,2018-10-31,2018-10-31T07:00:00.000000+0100
31/10/2018,8,54.19,2018-10-31,2018-10-31T08:00:00.000000+0100
31/10/2018,9,57.57,2018-10-31,2018-10-31T09:00:00.000000+0100
31/10/2018,10,54.2,2018-10-31,2018-10-31T10:00:00.000000+0100
31/10/2018,11,53.51,2018-10-31,2018-10-31T11:00:00.000000+0100
31/10/2018,12,53.32,2018-10-31,2018-10-31T12:00:00.000000+0100
31/10/2018,13,52.16,2018-10-31,2018-10-31T13:00:00.000000+0100
31/10/2018,14,41.96,2018-10-31,2018-10-31T14:00:00.000000+0100
31/10/2018,15,35.01,2018-10-31,2018-10-31T15:00:00.000000+0100
31/10/2018,16,34.52,2018-10-31,2018-10-31T16:00:00.000000+0100
31/10/2018,17,39.01,2018-10-31,2018-10-31T17:00:00.000000+0100
31/10/2018,18,48.98,2018-10-31,2018-10-31T18:00:00.000000+0100
31/10/2018,19,44.51,2018-10-31,2018-10-31T19:00:00.000000+0100
31/10/2018,20,57.01,2018-10-31,2018-10-31T20:00:00.000000+0100
31/10/2018,21,75.63,2018-10-31,2018-10-31T21:00:00.000000+0100
31/10/2018,22,80.82,2018-10-31,2018-10-31T22:00:00.000000+0100
31/10/2018,23,79.63,2018-10-31,2018-10-31T23:00:00.000000+0100
31/10/2018,24,63.31,2018-10-31,2018-11-01T00:00:00.000000+0100
01/11/2018,1,54.2,2018-11-01,2018-11-01T01:00:00.000000+0100
01/11/2018,2,59.85,2018-11-01,2018-11-01T02:00:00.000000+0100
01/11/2018,3,56.92,2018-11-01,2018-11-01T03:00:00.000000+0100
01/11/2018,4,53.01,2018-11-01,2018-11-01T04:00:00.000000+0100
01/11/2018,5,43.01,2018-11-01,2018-11-01T05:00:00.000000+0100
01/11/2018,6,51.52,2018-11-01,2018-11-01T06:00:00.000000+0100
01/11/2018,7,53.2,2018-11-01,2018-11-01T07:00:00.000000+0100
01/11/2018,8,52.71,2018-11-01,2018-11-01T08:00:00.000000+0100
01/11/2018,9,51.52,2018-11-01,2018-11-01T09:00:00.000000+0100
01/11/2018,10,51.104,2018-11-01,2018-11-01T10:00:00.000000+0100
01/11/2018,11,46.53,2018-11-01,2018-11-01T11:00:00.000000+0100
01/11/2018,12,40.61,2018-11-01,2018-11-01T12:00:00.000000+0100
01/11/2018,13,39.46,2018-11-01,2018-11-01T13:00:00.000000+0100
01/11/2018,14,33.43,2018-11-01,2018-11-01T14:00:00.000000+0100
01/11/2018,15,28.01,2018-11-01,2018-11-01T15:00:00.000000+0100
01/11/2018,16,20.08,2018-11-01,2018-11-01T16:00:00.000000+0100
01/11/2018,17,33.43,2018-11-01,2018-11-01T17:00:00.000000+0100
01/11/2018,18,42.3,2018-11-01,2018-11-01T18:00:00.000000+0100
01/11/2018,19,47.01,2018-11-01,2018-11-01T19:00:00.000000+0100
01/11/2018,20,53.21,2018-11-01,2018-11-01T20:00:00.000000+0100
01/11/2018,21,60.01,2018-11-01,2018-11-01T21:00:00.000000+0100
01/11/2018,22,64.76,2018-11-01,2018-11-01T22:00:00.000000+0100
01/11/2018,23,79.23,2018-11-01,2018-11-01T23:00:00.000000+0100
01/11/2018,24,63.7,2018-11-01,2018-11-02T00:00:00.000000+0100
02/11/2018,1,59.85,2018-11-02,2018-11-02T01:00:00.000000+0100
02/11/2018,2,54.62,2018-11-02,2018-11-02T02:00:00.000000+0100
02/11/2018,3,54.62,2018-11-02,2018-11-02T03:00:00.000000+0100
02/11/2018,4,44.16,2018-11-02,2018-11-02T04:00:00.000000+0100
02/11/2018,5,48.12,2018-11-02,2018-11-02T05:00:00.000000+0100
02/11/2018,6,51.51,2018-11-02,2018-11-02T06:00:00.000000+0100
02/11/2018,7,54.63,2018-11-02,2018-11-02T07:00:00.000000+0100
02/11/2018,8,62.65,2018-11-02,2018-11-02T08:00:00.000000+0100
02/11/2018,9,71.01,2018-11-02,2018-11-02T09:00:00.000000+0100
02/11/2018,10,79.36,2018-11-02,2018-11-02T10:00:00.000000+0100
02/11/2018,11,79.36,2018-11-02,2018-11-02T11:00:00.000000+0100
02/11/2018,12,75.0,2018-11-02,2018-11-02T12:00:00.000000+0100
02/11/2018,13,75.0,2018-11-02,2018-11-02T13:00:00.000000+0100
02/11/2018,14,63.25,2018-11-02,2018-11-02T14:00:00.000000+0100
02/11/2018,15,63.25,2018-11-02,2018-11-02T15:00:00.000000+0100
02/11/2018,16,65.89,2018-11-02,2018-11-02T16:00:00.000000+0100
02/11/2018,17,70.01,2018-11-02,2018-11-02T17:00:00.000000+0100
02/11/2018,18,78.21,2018-11-02,2018-11-02T18:00:00.000000+0100
02/11/2018,19,78.18,2018-11-02,2018-11-02T19:00:00.000000+0100
02/11/2018,20,79.116,2018-11-02,2018-11-02T20:00:00.000000+0100
02/11/2018,21,79.156,2018-11-02,2018-11-02T21:00:00.000000+0100
02/11/2018,22,80.96,2018-11-02,2018-11-02T22:00:00.000000+0100
02/11/2018,23,79.77,2018-11-02,2018-11-02T23:00:00.000000+0100
02/11/2018,24,65.89,2018-11-02,2018-11-03T00:00:00.000000+0100
03/11/2018,1,60.41,2018-11-03,2018-11-03T01:00:00.000000+0100
03/11/2018,2,58.11,2018-11-03,2018-11-03T02:00:00.000000+0100
03/11/2018,3,54.79,2018-11-03,2018-11-03T03:00:00.000000+0100
03/11/2018,4,53.12,2018-11-03,2018-11-03T04:00:00.000000+0100
03/11/2018,5,53.12,2018-11-03,2018-11-03T05:00:00.000000+0100
03/11/2018,6,53.12,2018-11-03,2018-11-03T06:00:00.000000+0100
03/11/2018,7,53.12,2018-11-03,2018-11-03T07:00:00.000000+0100
03/11/2018,8,54.63,2018-11-03,2018-11-03T08:00:00.000000+0100
03/11/2018,9,61.41,2018-11-03,2018-11-03T09:00:00.000000+0100
03/11/2018,10,65.89,2018-11-03,2018-11-03T10:00:00.000000+0100
03/11/2018,11,60.88,2018-11-03,2018-11-03T11:00:00.000000+0100
03/11/2018,12,58.01,2018-11-03,2018-11-03T12:00:00.000000+0100
03/11/2018,13,56.1,2018-11-03,2018-11-03T13:00:00.000000+0100
03/11/2018,14,54.12,2018-11-03,2018-11-03T14:00:00.000000+0100
03/11/2018,15,54.12,2018-11-03,2018-11-03T15:00:00.000000+0100
03/11/2018,16,55.45,2018-11-03,2018-11-03T16:00:00.000000+0100
03/11/2018,17,58.35,2018-11-03,2018-11-03T17:00:00.000000+0100
03/11/2018,18,58.5,2018-11-03,2018-11-03T18:00:00.000000+0100
03/11/2018,19,59.05,2018-11-03,2018-11-03T19:00:00.000000+0100
03/11/2018,20,59.07,2018-11-03,2018-11-03T20:00:00.000000+0100
03/11/2018,21,64.17,2018-11-03,2018-11-03T21:00:00.000000+0100
03/11/2018,22,65.36,2018-11-03,2018-11-03T22:00:00.000000+0100
03/11/2018,23,64.17,2018-11-03,2018-11-03T23:00:00.000000+0100
03/11/2018,24,58.11,2018-11-03,2018-11-04T00:00:00.000000+0100
04/11/2018,1,51.9,2018-11-04,2018-11-04T01:00:00.000000+0100
04/11/2018,2,53.98,2018-11-04,2018-11-04T02:00:00.000000+0100
04/11/2018,3,49.55,2018-11-04,2018-11-04T03:00:00.000000+0100
04/11/2018,4,48.29,2018-11-04,2018-11-04T04:00:00.000000+0100
04/11/2018,5,47.43,2018-11-04,2018-11-04T05:00:00.000000+0100
04/11/2018,6,47.33,2018-11-04,2018-11-04T06:00:00.000000+0100
04/11/2018,7,49.01,2018-11-04,2018-11-04T07:00:00.000000+0100
04/11/2018,8,53.87,2018-11-04,2018-11-04T08:00:00.000000+0100
04/11/2018,9,63.14,2018-11-04,2018-11-04T09:00:00.000000+0100
04/11/2018,10,75.01,2018-11-04,2018-11-04T10:00:00.000000+0100
04/11/2018,11,66.01,2018-11-04,2018-11-04T11:00:00.000000+0100
04/11/2018,12,60.67,2018-11-04,2018-11-04T12:00:00.000000+0100
04/11/2018,13,58.01,2018-11-04,2018-11-04T13:00:00.000000+0100
04/11/2018,14,54.62,2018-11-04,2018-11-04T14:00:00.000000+0100
04/11/2018,15,54.62,2018-11-04,2018-11-04T15:00:00.000000+0100
04/11/2018,16,55.63,2018-11-04,2018-11-04T16:00:00.000000+0100
04/11/2018,17,57.64,2018-11-04,2018-11-04T17:00:00.000000+0100
04/11/2018,18,57.92,2018-11-04,2018-11-04T18:00:00.000000+0100
04/11/2018,19,58.01,2018-11-04,2018-11-04T19:00:00.000000+0100
04/11/2018,20,59.85,2018-11-04,2018-11-04T20:00:00.000000+0100
04/11/2018,21,63.84,2018-11-04,2018-11-04T21:00:00.000000+0100
04/11/2018,22,73.36,2018-11-04,2018-11-04T22:00:00.000000+0100
04/11/2018,23,64.38,2018-11-04,2018-11-04T23:00:00.000000+0100
04/11/2018,24,58.2,2018-11-04,2018-11-05T00:00:00.000000+0100
05/11/2018,1,52.56,2018-11-05,2018-11-05T01:00:00.000000+0100
05/11/2018,2,54.63,2018-11-05,2018-11-05T02:00:00.000000+0100
05/11/2018,3,53.13,2018-11-05,2018-11-05T03:00:00.000000+0100
05/11/2018,4,51.56,2018-11-05,2018-11-05T04:00:00.000000+0100
05/11/2018,5,50.11,2018-11-05,2018-11-05T05:00:00.000000+0100
05/11/2018,6,49.16,2018-11-05,2018-11-05T06:00:00.000000+0100
05/11/2018,7,51.56,2018-11-05,2018-11-05T07:00:00.000000+0100
05/11/2018,8,55.44,2018-11-05,2018-11-05T08:00:00.000000+0100
05/11/2018,9,60.78,2018-11-05,2018-11-05T09:00:00.000000+0100
05/11/2018,10,64.51,2018-11-05,2018-11-05T10:00:00.000000+0100
05/11/2018,11,58.95,2018-11-05,2018-11-05T11:00:00.000000+0100
05/11/2018,12,55.39,2018-11-05,2018-11-05T12:00:00.000000+0100
05/11/2018,13,53.52,2018-11-05,2018-11-05T13:00:00.000000+0100
05/11/2018,14,49.83,2018-11-05,2018-11-05T14:00:00.000000+0100
05/11/2018,15,49.116,2018-11-05,2018-11-05T15:00:00.000000+0100
05/11/2018,16,52.75,2018-11-05,2018-11-05T16:00:00.000000+0100
05/11/2018,17,54.13,2018-11-05,2018-11-05T17:00:00.000000+0100
05/11/2018,18,55.44,2018-11-05,2018-11-05T18:00:00.000000+0100
05/11/2018,19,56.01,2018-11-05,2018-11-05T19:00:00.000000+0100
05/11/2018,20,60.01,2018-11-05,2018-11-05T20:00:00.000000+0100
05/11/2018,21,68.26,2018-11-05,2018-11-05T21:00:00.000000+0100
05/11/2018,22,79.4,2018-11-05,2018-11-05T22:00:00.000000+0100
05/11/2018,23,79.44,2018-11-05,2018-11-05T23:00:00.000000+0100
05/11/2018,24,61.45,2018-11-05,2018-11-06T00:00:00.000000+0100
06/11/2018,1,54.112,2018-11-06,2018-11-06T01:00:00.000000+0100
06/11/2018,2,54.162,2018-11-06,2018-11-06T02:00:00.000000+0100
06/11/2018,3,45.26,2018-11-06,2018-11-06T03:00:00.000000+0100
06/11/2018,4,44.01,2018-11-06,2018-11-06T04:00:00.000000+0100
06/11/2018,5,43.01,2018-11-06,2018-11-06T05:00:00.000000+0100
06/11/2018,6,42.75,2018-11-06,2018-11-06T06:00:00.000000+0100
06/11/2018,7,47.16,2018-11-06,2018-11-06T07:00:00.000000+0100
06/11/2018,8,54.63,2018-11-06,2018-11-06T08:00:00.000000+0100
06/11/2018,9,61.77,2018-11-06,2018-11-06T09:00:00.000000+0100
06/11/2018,10,70.7,2018-11-06,2018-11-06T10:00:00.000000+0100
06/11/2018,11,65.71,2018-11-06,2018-11-06T11:00:00.000000+0100
06/11/2018,12,59.22,2018-11-06,2018-11-06T12:00:00.000000+0100
06/11/2018,13,58.12,2018-11-06,2018-11-06T13:00:00.000000+0100
06/11/2018,14,52.55,2018-11-06,2018-11-06T14:00:00.000000+0100
06/11/2018,15,52.55,2018-11-06,2018-11-06T15:00:00.000000+0100
06/11/2018,16,54.87,2018-11-06,2018-11-06T16:00:00.000000+0100
06/11/2018,17,56.76,2018-11-06,2018-11-06T17:00:00.000000+0100
06/11/2018,18,59.28,2018-11-06,2018-11-06T18:00:00.000000+0100
06/11/2018,19,59.35,2018-11-06,2018-11-06T19:00:00.000000+0100
06/11/2018,20,61.02,2018-11-06,2018-11-06T20:00:00.000000+0100
06/11/2018,21,79.36,2018-11-06,2018-11-06T21:00:00.000000+0100
06/11/2018,22,79.76,2018-11-06,2018-11-06T22:00:00.000000+0100
06/11/2018,23,79.36,2018-11-06,2018-11-06T23:00:00.000000+0100
06/11/2018,24,59.22,2018-11-06,2018-11-07T00:00:00.000000+0100
07/11/2018,1,55.87,2018-11-07,2018-11-07T01:00:00.000000+0100
07/11/2018,2,71.1,2018-11-07,2018-11-07T02:00:00.000000+0100
07/11/2018,3,54.62,2018-11-07,2018-11-07T03:00:00.000000+0100
07/11/2018,4,54.62,2018-11-07,2018-11-07T04:00:00.000000+0100
07/11/2018,5,53.12,2018-11-07,2018-11-07T05:00:00.000000+0100
07/11/2018,6,53.12,2018-11-07,2018-11-07T06:00:00.000000+0100
07/11/2018,7,53.12,2018-11-07,2018-11-07T07:00:00.000000+0100
07/11/2018,8,53.12,2018-11-07,2018-11-07T08:00:00.000000+0100
07/11/2018,9,54.62,2018-11-07,2018-11-07T09:00:00.000000+0100
07/11/2018,10,54.62,2018-11-07,2018-11-07T10:00:00.000000+0100
07/11/2018,11,54.21,2018-11-07,2018-11-07T11:00:00.000000+0100
07/11/2018,12,55.02,2018-11-07,2018-11-07T12:00:00.000000+0100
07/11/2018,13,51.96,2018-11-07,2018-11-07T13:00:00.000000+0100
07/11/2018,14,45.28,2018-11-07,2018-11-07T14:00:00.000000+0100
07/11/2018,15,39.16,2018-11-07,2018-11-07T15:00:00.000000+0100
07/11/2018,16,40.53,2018-11-07,2018-11-07T16:00:00.000000+0100
07/11/2018,17,43.93,2018-11-07,2018-11-07T17:00:00.000000+0100
07/11/2018,18,49.14,2018-11-07,2018-11-07T18:00:00.000000+0100
07/11/2018,19,54.63,2018-11-07,2018-11-07T19:00:00.000000+0100
07/11/2018,20,59.62,2018-11-07,2018-11-07T20:00:00.000000+0100
07/11/2018,21,79.77,2018-11-07,2018-11-07T21:00:00.000000+0100
07/11/2018,22,81.37,2018-11-07,2018-11-07T22:00:00.000000+0100
07/11/2018,23,80.96,2018-11-07,2018-11-07T23:00:00.000000+0100
07/11/2018,24,79.37,2018-11-07,2018-11-08T00:00:00.000000+0100
08/11/2018,1,54.62,2018-11-08,2018-11-08T01:00:00.000000+0100
08/11/2018,2,54.62,2018-11-08,2018-11-08T02:00:00.000000+0100
08/11/2018,3,53.13,2018-11-08,2018-11-08T03:00:00.000000+0100
08/11/2018,4,31.54,2018-11-08,2018-11-08T04:00:00.000000+0100
08/11/2018,5,31.114,2018-11-08,2018-11-08T05:00:00.000000+0100
08/11/2018,6,34.21,2018-11-08,2018-11-08T06:00:00.000000+0100
08/11/2018,7,43.91,2018-11-08,2018-11-08T07:00:00.000000+0100
08/11/2018,8,39.13,2018-11-08,2018-11-08T08:00:00.000000+0100
08/11/2018,9,39.13,2018-11-08,2018-11-08T09:00:00.000000+0100
08/11/2018,10,36.72,2018-11-08,2018-11-08T10:00:00.000000+0100
08/11/2018,11,38.01,2018-11-08,2018-11-08T11:00:00.000000+0100
08/11/2018,12,40.34,2018-11-08,2018-11-08T12:00:00.000000+0100
08/11/2018,13,37.52,2018-11-08,2018-11-08T13:00:00.000000+0100
08/11/2018,14,34.51,2018-11-08,2018-11-08T14:00:00.000000+0100
08/11/2018,15,26.25,2018-11-08,2018-11-08T15:00:00.000000+0100
08/11/2018,16,24.53,2018-11-08,2018-11-08T16:00:00.000000+0100
08/11/2018,17,37.23,2018-11-08,2018-11-08T17:00:00.000000+0100
08/11/2018,18,43.93,2018-11-08,2018-11-08T18:00:00.000000+0100
08/11/2018,19,48.91,2018-11-08,2018-11-08T19:00:00.000000+0100
08/11/2018,20,54.13,2018-11-08,2018-11-08T20:00:00.000000+0100
08/11/2018,21,61.76,2018-11-08,2018-11-08T21:00:00.000000+0100
08/11/2018,22,79.36,2018-11-08,2018-11-08T22:00:00.000000+0100
08/11/2018,23,79.76,2018-11-08,2018-11-08T23:00:00.000000+0100
08/11/2018,24,79.36,2018-11-08,2018-11-09T00:00:00.000000+0100
09/11/2018,1,55.01,2018-11-09,2018-11-09T01:00:00.000000+0100
09/11/2018,2,60.82,2018-11-09,2018-11-09T02:00:00.000000+0100
09/11/2018,3,29.37,2018-11-09,2018-11-09T03:00:00.000000+0100
09/11/2018,4,33.01,2018-11-09,2018-11-09T04:00:00.000000+0100
09/11/2018,5,27.57,2018-11-09,2018-11-09T05:00:00.000000+0100
09/11/2018,6,28.52,2018-11-09,2018-11-09T06:00:00.000000+0100
09/11/2018,7,54.02,2018-11-09,2018-11-09T07:00:00.000000+0100
09/11/2018,8,55.02,2018-11-09,2018-11-09T08:00:00.000000+0100
09/11/2018,9,63.59,2018-11-09,2018-11-09T09:00:00.000000+0100
09/11/2018,10,66.62,2018-11-09,2018-11-09T10:00:00.000000+0100
09/11/2018,11,63.91,2018-11-09,2018-11-09T11:00:00.000000+0100
09/11/2018,12,60.16,2018-11-09,2018-11-09T12:00:00.000000+0100
09/11/2018,13,59.51,2018-11-09,2018-11-09T13:00:00.000000+0100
09/11/2018,14,57.01,2018-11-09,2018-11-09T14:00:00.000000+0100
09/11/2018,15,55.85,2018-11-09,2018-11-09T15:00:00.000000+0100
09/11/2018,16,60.147,2018-11-09,2018-11-09T16:00:00.000000+0100
09/11/2018,17,60.213,2018-11-09,2018-11-09T17:00:00.000000+0100
09/11/2018,18,63.37,2018-11-09,2018-11-09T18:00:00.000000+0100
09/11/2018,19,63.37,2018-11-09,2018-11-09T19:00:00.000000+0100
09/11/2018,20,66.62,2018-11-09,2018-11-09T20:00:00.000000+0100
09/11/2018,21,71.78,2018-11-09,2018-11-09T21:00:00.000000+0100
09/11/2018,22,77.34,2018-11-09,2018-11-09T22:00:00.000000+0100
09/11/2018,23,68.48,2018-11-09,2018-11-09T23:00:00.000000+0100
09/11/2018,24,63.38,2018-11-09,2018-11-10T00:00:00.000000+0100
10/11/2018,1,55.02,2018-11-10,2018-11-10T01:00:00.000000+0100
10/11/2018,2,59.4,2018-11-10,2018-11-10T02:00:00.000000+0100
10/11/2018,3,58.52,2018-11-10,2018-11-10T03:00:00.000000+0100
10/11/2018,4,53.1,2018-11-10,2018-11-10T04:00:00.000000+0100
10/11/2018,5,52.82,2018-11-10,2018-11-10T05:00:00.000000+0100
10/11/2018,6,50.2,2018-11-10,2018-11-10T06:00:00.000000+0100
10/11/2018,7,54.02,2018-11-10,2018-11-10T07:00:00.000000+0100
10/11/2018,8,60.1,2018-11-10,2018-11-10T08:00:00.000000+0100
10/11/2018,9,65.92,2018-11-10,2018-11-10T09:00:00.000000+0100
10/11/2018,10,80.01,2018-11-10,2018-11-10T10:00:00.000000+0100
10/11/2018,11,66.62,2018-11-10,2018-11-10T11:00:00.000000+0100
10/11/2018,12,64.51,2018-11-10,2018-11-10T12:00:00.000000+0100
10/11/2018,13,59.15,2018-11-10,2018-11-10T13:00:00.000000+0100
10/11/2018,14,55.53,2018-11-10,2018-11-10T14:00:00.000000+0100
10/11/2018,15,55.79,2018-11-10,2018-11-10T15:00:00.000000+0100
10/11/2018,16,58.18,2018-11-10,2018-11-10T16:00:00.000000+0100
10/11/2018,17,60.11,2018-11-10,2018-11-10T17:00:00.000000+0100
10/11/2018,18,65.22,2018-11-10,2018-11-10T18:00:00.000000+0100
10/11/2018,19,63.27,2018-11-10,2018-11-10T19:00:00.000000+0100
10/11/2018,20,66.12,2018-11-10,2018-11-10T20:00:00.000000+0100
10/11/2018,21,70.78,2018-11-10,2018-11-10T21:00:00.000000+0100
10/11/2018,22,81.21,2018-11-10,2018-11-10T22:00:00.000000+0100
10/11/2018,23,80.01,2018-11-10,2018-11-10T23:00:00.000000+0100
10/11/2018,24,63.27,2018-11-10,2018-11-11T00:00:00.000000+0100
11/11/2018,1,55.02,2018-11-11,2018-11-11T01:00:00.000000+0100
11/11/2018,2,54.55,2018-11-11,2018-11-11T02:00:00.000000+0100
11/11/2018,3,47.05,2018-11-11,2018-11-11T03:00:00.000000+0100
11/11/2018,4,42.12,2018-11-11,2018-11-11T04:00:00.000000+0100
11/11/2018,5,40.01,2018-11-11,2018-11-11T05:00:00.000000+0100
11/11/2018,6,38.99,2018-11-11,2018-11-11T06:00:00.000000+0100
11/11/2018,7,43.61,2018-11-11,2018-11-11T07:00:00.000000+0100
11/11/2018,8,55.05,2018-11-11,2018-11-11T08:00:00.000000+0100
11/11/2018,9,62.15,2018-11-11,2018-11-11T09:00:00.000000+0100
11/11/2018,10,75.01,2018-11-11,2018-11-11T10:00:00.000000+0100
11/11/2018,11,67.46,2018-11-11,2018-11-11T11:00:00.000000+0100
11/11/2018,12,60.19,2018-11-11,2018-11-11T12:00:00.000000+0100
11/11/2018,13,58.22,2018-11-11,2018-11-11T13:00:00.000000+0100
11/11/2018,14,56.84,2018-11-11,2018-11-11T14:00:00.000000+0100
11/11/2018,15,56.115,2018-11-11,2018-11-11T15:00:00.000000+0100
11/11/2018,16,57.25,2018-11-11,2018-11-11T16:00:00.000000+0100
11/11/2018,17,60.82,2018-11-11,2018-11-11T17:00:00.000000+0100
11/11/2018,18,63.13,2018-11-11,2018-11-11T18:00:00.000000+0100
11/11/2018,19,63.11,2018-11-11,2018-11-11T19:00:00.000000+0100
11/11/2018,20,66.67,2018-11-11,2018-11-11T20:00:00.000000+0100
11/11/2018,21,70.84,2018-11-11,2018-11-11T21:00:00.000000+0100
11/11/2018,22,70.84,2018-11-11,2018-11-11T22:00:00.000000+0100
11/11/2018,23,68.48,2018-11-11,2018-11-11T23:00:00.000000+0100
11/11/2018,24,61.79,2018-11-11,2018-11-12T00:00:00.000000+0100
12/11/2018,1,55.02,2018-11-12,2018-11-12T01:00:00.000000+0100
12/11/2018,2,58.09,2018-11-12,2018-11-12T02:00:00.000000+0100
12/11/2018,3,47.45,2018-11-12,2018-11-12T03:00:00.000000+0100
12/11/2018,4,42.76,2018-11-12,2018-11-12T04:00:00.000000+0100
12/11/2018,5,40.73,2018-11-12,2018-11-12T05:00:00.000000+0100
12/11/2018,6,41.2,2018-11-12,2018-11-12T06:00:00.000000+0100
12/11/2018,7,40.87,2018-11-12,2018-11-12T07:00:00.000000+0100
12/11/2018,8,63.27,2018-11-12,2018-11-12T08:00:00.000000+0100
12/11/2018,9,77.75,2018-11-12,2018-11-12T09:00:00.000000+0100
12/11/2018,10,81.21,2018-11-12,2018-11-12T10:00:00.000000+0100
12/11/2018,11,79.54,2018-11-12,2018-11-12T11:00:00.000000+0100
12/11/2018,12,71.14,2018-11-12,2018-11-12T12:00:00.000000+0100
12/11/2018,13,66.07,2018-11-12,2018-11-12T13:00:00.000000+0100
12/11/2018,14,58.19,2018-11-12,2018-11-12T14:00:00.000000+0100
12/11/2018,15,58.8,2018-11-12,2018-11-12T15:00:00.000000+0100
12/11/2018,16,63.27,2018-11-12,2018-11-12T16:00:00.000000+0100
12/11/2018,17,65.09,2018-11-12,2018-11-12T17:00:00.000000+0100
12/11/2018,18,66.2,2018-11-12,2018-11-12T18:00:00.000000+0100
12/11/2018,19,66.19,2018-11-12,2018-11-12T19:00:00.000000+0100
12/11/2018,20,72.62,2018-11-12,2018-11-12T20:00:00.000000+0100
12/11/2018,21,80.01,2018-11-12,2018-11-12T21:00:00.000000+0100
12/11/2018,22,81.21,2018-11-12,2018-11-12T22:00:00.000000+0100
12/11/2018,23,80.01,2018-11-12,2018-11-12T23:00:00.000000+0100
12/11/2018,24,71.14,2018-11-12,2018-11-13T00:00:00.000000+0100
13/11/2018,1,58.09,2018-11-13,2018-11-13T01:00:00.000000+0100
13/11/2018,2,59.42,2018-11-13,2018-11-13T02:00:00.000000+0100
13/11/2018,3,47.59,2018-11-13,2018-11-13T03:00:00.000000+0100
13/11/2018,4,39.12,2018-11-13,2018-11-13T04:00:00.000000+0100
13/11/2018,5,38.79,2018-11-13,2018-11-13T05:00:00.000000+0100
13/11/2018,6,38.96,2018-11-13,2018-11-13T06:00:00.000000+0100
13/11/2018,7,40.2,2018-11-13,2018-11-13T07:00:00.000000+0100
13/11/2018,8,57.01,2018-11-13,2018-11-13T08:00:00.000000+0100
13/11/2018,9,67.15,2018-11-13,2018-11-13T09:00:00.000000+0100
13/11/2018,10,77.36,2018-11-13,2018-11-13T10:00:00.000000+0100
13/11/2018,11,71.57,2018-11-13,2018-11-13T11:00:00.000000+0100
13/11/2018,12,67.15,2018-11-13,2018-11-13T12:00:00.000000+0100
13/11/2018,13,64.07,2018-11-13,2018-11-13T13:00:00.000000+0100
13/11/2018,14,56.02,2018-11-13,2018-11-13T14:00:00.000000+0100
13/11/2018,15,56.02,2018-11-13,2018-11-13T15:00:00.000000+0100
13/11/2018,16,59.42,2018-11-13,2018-11-13T16:00:00.000000+0100
13/11/2018,17,65.01,2018-11-13,2018-11-13T17:00:00.000000+0100
13/11/2018,18,67.15,2018-11-13,2018-11-13T18:00:00.000000+0100
13/11/2018,19,66.98,2018-11-13,2018-11-13T19:00:00.000000+0100
13/11/2018,20,71.57,2018-11-13,2018-11-13T20:00:00.000000+0100
13/11/2018,21,80.01,2018-11-13,2018-11-13T21:00:00.000000+0100
13/11/2018,22,81.21,2018-11-13,2018-11-13T22:00:00.000000+0100
13/11/2018,23,80.01,2018-11-13,2018-11-13T23:00:00.000000+0100
13/11/2018,24,71.14,2018-11-13,2018-11-14T00:00:00.000000+0100
14/11/2018,1,57.98,2018-11-14,2018-11-14T01:00:00.000000+0100
14/11/2018,2,59.84,2018-11-14,2018-11-14T02:00:00.000000+0100
14/11/2018,3,55.1,2018-11-14,2018-11-14T03:00:00.000000+0100
14/11/2018,4,56.1,2018-11-14,2018-11-14T04:00:00.000000+0100
14/11/2018,5,57.1,2018-11-14,2018-11-14T05:00:00.000000+0100
14/11/2018,6,59.83,2018-11-14,2018-11-14T06:00:00.000000+0100
14/11/2018,7,59.83,2018-11-14,2018-11-14T07:00:00.000000+0100
14/11/2018,8,53.72,2018-11-14,2018-11-14T08:00:00.000000+0100
14/11/2018,9,45.03,2018-11-14,2018-11-14T09:00:00.000000+0100
14/11/2018,10,43.82,2018-11-14,2018-11-14T10:00:00.000000+0100
14/11/2018,11,42.1,2018-11-14,2018-11-14T11:00:00.000000+0100
14/11/2018,12,45.88,2018-11-14,2018-11-14T12:00:00.000000+0100
14/11/2018,13,42.1,2018-11-14,2018-11-14T13:00:00.000000+0100
14/11/2018,14,40.26,2018-11-14,2018-11-14T14:00:00.000000+0100
14/11/2018,15,36.69,2018-11-14,2018-11-14T15:00:00.000000+0100
14/11/2018,16,36.93,2018-11-14,2018-11-14T16:00:00.000000+0100
14/11/2018,17,40.64,2018-11-14,2018-11-14T17:00:00.000000+0100
14/11/2018,18,53.2,2018-11-14,2018-11-14T18:00:00.000000+0100
14/11/2018,19,42.99,2018-11-14,2018-11-14T19:00:00.000000+0100
14/11/2018,20,59.84,2018-11-14,2018-11-14T20:00:00.000000+0100
14/11/2018,21,80.01,2018-11-14,2018-11-14T21:00:00.000000+0100
14/11/2018,22,81.61,2018-11-14,2018-11-14T22:00:00.000000+0100
14/11/2018,23,81.61,2018-11-14,2018-11-14T23:00:00.000000+0100
14/11/2018,24,81.2,2018-11-14,2018-11-15T00:00:00.000000+0100
15/11/2018,1,59.84,2018-11-15,2018-11-15T01:00:00.000000+0100
15/11/2018,2,62.17,2018-11-15,2018-11-15T02:00:00.000000+0100
15/11/2018,3,62.17,2018-11-15,2018-11-15T03:00:00.000000+0100
15/11/2018,4,32.1,2018-11-15,2018-11-15T04:00:00.000000+0100
15/11/2018,5,28.52,2018-11-15,2018-11-15T05:00:00.000000+0100
15/11/2018,6,30.77,2018-11-15,2018-11-15T06:00:00.000000+0100
15/11/2018,7,30.164,2018-11-15,2018-11-15T07:00:00.000000+0100
15/11/2018,8,29.02,2018-11-15,2018-11-15T08:00:00.000000+0100
15/11/2018,9,32.99,2018-11-15,2018-11-15T09:00:00.000000+0100
15/11/2018,10,32.37,2018-11-15,2018-11-15T10:00:00.000000+0100
15/11/2018,11,32.01,2018-11-15,2018-11-15T11:00:00.000000+0100
15/11/2018,12,39.21,2018-11-15,2018-11-15T12:00:00.000000+0100
15/11/2018,13,36.11,2018-11-15,2018-11-15T13:00:00.000000+0100
15/11/2018,14,34.08,2018-11-15,2018-11-15T14:00:00.000000+0100
15/11/2018,15,26.01,2018-11-15,2018-11-15T15:00:00.000000+0100
15/11/2018,16,24.43,2018-11-15,2018-11-15T16:00:00.000000+0100
15/11/2018,17,33.54,2018-11-15,2018-11-15T17:00:00.000000+0100
15/11/2018,18,42.1,2018-11-15,2018-11-15T18:00:00.000000+0100
15/11/2018,19,38.16,2018-11-15,2018-11-15T19:00:00.000000+0100
15/11/2018,20,55.02,2018-11-15,2018-11-15T20:00:00.000000+0100
15/11/2018,21,62.18,2018-11-15,2018-11-15T21:00:00.000000+0100
15/11/2018,22,80.01,2018-11-15,2018-11-15T22:00:00.000000+0100
15/11/2018,23,81.62,2018-11-15,2018-11-15T23:00:00.000000+0100
15/11/2018,24,80.01,2018-11-15,2018-11-16T00:00:00.000000+0100
16/11/2018,1,62.18,2018-11-16,2018-11-16T01:00:00.000000+0100
16/11/2018,2,60.92,2018-11-16,2018-11-16T02:00:00.000000+0100
16/11/2018,3,60.92,2018-11-16,2018-11-16T03:00:00.000000+0100
16/11/2018,4,54.16,2018-11-16,2018-11-16T04:00:00.000000+0100
16/11/2018,5,31.45,2018-11-16,2018-11-16T05:00:00.000000+0100
16/11/2018,6,30.86,2018-11-16,2018-11-16T06:00:00.000000+0100
16/11/2018,7,57.1,2018-11-16,2018-11-16T07:00:00.000000+0100
16/11/2018,8,60.93,2018-11-16,2018-11-16T08:00:00.000000+0100
16/11/2018,9,65.71,2018-11-16,2018-11-16T09:00:00.000000+0100
16/11/2018,10,84.83,2018-11-16,2018-11-16T10:00:00.000000+0100
16/11/2018,11,80.01,2018-11-16,2018-11-16T11:00:00.000000+0100
16/11/2018,12,70.01,2018-11-16,2018-11-16T12:00:00.000000+0100
16/11/2018,13,68.12,2018-11-16,2018-11-16T13:00:00.000000+0100
16/11/2018,14,62.84,2018-11-16,2018-11-16T14:00:00.000000+0100
16/11/2018,15,63.52,2018-11-16,2018-11-16T15:00:00.000000+0100
16/11/2018,16,65.99,2018-11-16,2018-11-16T16:00:00.000000+0100
16/11/2018,17,65.108,2018-11-16,2018-11-16T17:00:00.000000+0100
16/11/2018,18,68.45,2018-11-16,2018-11-16T18:00:00.000000+0100
16/11/2018,19,65.5,2018-11-16,2018-11-16T19:00:00.000000+0100
16/11/2018,20,65.3,2018-11-16,2018-11-16T20:00:00.000000+0100
16/11/2018,21,73.37,2018-11-16,2018-11-16T21:00:00.000000+0100
16/11/2018,22,84.37,2018-11-16,2018-11-16T22:00:00.000000+0100
16/11/2018,23,84.37,2018-11-16,2018-11-16T23:00:00.000000+0100
16/11/2018,24,62.84,2018-11-16,2018-11-17T00:00:00.000000+0100
17/11/2018,1,59.02,2018-11-17,2018-11-17T01:00:00.000000+0100
17/11/2018,2,57.14,2018-11-17,2018-11-17T02:00:00.000000+0100
17/11/2018,3,55.95,2018-11-17,2018-11-17T03:00:00.000000+0100
17/11/2018,4,48.01,2018-11-17,2018-11-17T04:00:00.000000+0100
17/11/2018,5,42.32,2018-11-17,2018-11-17T05:00:00.000000+0100
17/11/2018,6,39.91,2018-11-17,2018-11-17T06:00:00.000000+0100
17/11/2018,7,41.64,2018-11-17,2018-11-17T07:00:00.000000+0100
17/11/2018,8,58.62,2018-11-17,2018-11-17T08:00:00.000000+0100
17/11/2018,9,63.54,2018-11-17,2018-11-17T09:00:00.000000+0100
17/11/2018,10,73.34,2018-11-17,2018-11-17T10:00:00.000000+0100
17/11/2018,11,70.01,2018-11-17,2018-11-17T11:00:00.000000+0100
17/11/2018,12,66.85,2018-11-17,2018-11-17T12:00:00.000000+0100
17/11/2018,13,63.16,2018-11-17,2018-11-17T13:00:00.000000+0100
17/11/2018,14,56.1,2018-11-17,2018-11-17T14:00:00.000000+0100
17/11/2018,15,56.13,2018-11-17,2018-11-17T15:00:00.000000+0100
17/11/2018,16,58.82,2018-11-17,2018-11-17T16:00:00.000000+0100
17/11/2018,17,61.19,2018-11-17,2018-11-17T17:00:00.000000+0100
17/11/2018,18,66.19,2018-11-17,2018-11-17T18:00:00.000000+0100
17/11/2018,19,61.57,2018-11-17,2018-11-17T19:00:00.000000+0100
17/11/2018,20,63.16,2018-11-17,2018-11-17T20:00:00.000000+0100
17/11/2018,21,67.63,2018-11-17,2018-11-17T21:00:00.000000+0100
17/11/2018,22,67.63,2018-11-17,2018-11-17T22:00:00.000000+0100
17/11/2018,23,66.85,2018-11-17,2018-11-17T23:00:00.000000+0100
17/11/2018,24,60.53,2018-11-17,2018-11-18T00:00:00.000000+0100
18/11/2018,1,56.3,2018-11-18,2018-11-18T01:00:00.000000+0100
18/11/2018,2,58.57,2018-11-18,2018-11-18T02:00:00.000000+0100
18/11/2018,3,55.14,2018-11-18,2018-11-18T03:00:00.000000+0100
18/11/2018,4,46.24,2018-11-18,2018-11-18T04:00:00.000000+0100
18/11/2018,5,42.84,2018-11-18,2018-11-18T05:00:00.000000+0100
18/11/2018,6,39.47,2018-11-18,2018-11-18T06:00:00.000000+0100
18/11/2018,7,41.26,2018-11-18,2018-11-18T07:00:00.000000+0100
18/11/2018,8,51.68,2018-11-18,2018-11-18T08:00:00.000000+0100
18/11/2018,9,60.07,2018-11-18,2018-11-18T09:00:00.000000+0100
18/11/2018,10,66.91,2018-11-18,2018-11-18T10:00:00.000000+0100
18/11/2018,11,65.66,2018-11-18,2018-11-18T11:00:00.000000+0100
18/11/2018,12,61.06,2018-11-18,2018-11-18T12:00:00.000000+0100
18/11/2018,13,60.08,2018-11-18,2018-11-18T13:00:00.000000+0100
18/11/2018,14,54.9,2018-11-18,2018-11-18T14:00:00.000000+0100
18/11/2018,15,54.9,2018-11-18,2018-11-18T15:00:00.000000+0100
18/11/2018,16,60.08,2018-11-18,2018-11-18T16:00:00.000000+0100
18/11/2018,17,62.52,2018-11-18,2018-11-18T17:00:00.000000+0100
18/11/2018,18,65.01,2018-11-18,2018-11-18T18:00:00.000000+0100
18/11/2018,19,68.42,2018-11-18,2018-11-18T19:00:00.000000+0100
18/11/2018,20,62.6,2018-11-18,2018-11-18T20:00:00.000000+0100
18/11/2018,21,68.42,2018-11-18,2018-11-18T21:00:00.000000+0100
18/11/2018,22,64.68,2018-11-18,2018-11-18T22:00:00.000000+0100
18/11/2018,23,68.27,2018-11-18,2018-11-18T23:00:00.000000+0100
18/11/2018,24,70.01,2018-11-18,2018-11-19T00:00:00.000000+0100
19/11/2018,1,58.57,2018-11-19,2018-11-19T01:00:00.000000+0100
19/11/2018,2,53.84,2018-11-19,2018-11-19T02:00:00.000000+0100
19/11/2018,3,47.21,2018-11-19,2018-11-19T03:00:00.000000+0100
19/11/2018,4,44.83,2018-11-19,2018-11-19T04:00:00.000000+0100
19/11/2018,5,43.13,2018-11-19,2018-11-19T05:00:00.000000+0100
19/11/2018,6,40.62,2018-11-19,2018-11-19T06:00:00.000000+0100
19/11/2018,7,43.6,2018-11-19,2018-11-19T07:00:00.000000+0100
19/11/2018,8,59.1,2018-11-19,2018-11-19T08:00:00.000000+0100
19/11/2018,9,65.66,2018-11-19,2018-11-19T09:00:00.000000+0100
19/11/2018,10,73.84,2018-11-19,2018-11-19T10:00:00.000000+0100
19/11/2018,11,68.26,2018-11-19,2018-11-19T11:00:00.000000+0100
19/11/2018,12,66.16,2018-11-19,2018-11-19T12:00:00.000000+0100
19/11/2018,13,64.16,2018-11-19,2018-11-19T13:00:00.000000+0100
19/11/2018,14,56.29,2018-11-19,2018-11-19T14:00:00.000000+0100
19/11/2018,15,56.29,2018-11-19,2018-11-19T15:00:00.000000+0100
19/11/2018,16,62.18,2018-11-19,2018-11-19T16:00:00.000000+0100
19/11/2018,17,66.16,2018-11-19,2018-11-19T17:00:00.000000+0100
19/11/2018,18,68.01,2018-11-19,2018-11-19T18:00:00.000000+0100
19/11/2018,19,66.15,2018-11-19,2018-11-19T19:00:00.000000+0100
19/11/2018,20,66.15,2018-11-19,2018-11-19T20:00:00.000000+0100
19/11/2018,21,72.25,2018-11-19,2018-11-19T21:00:00.000000+0100
19/11/2018,22,65.82,2018-11-19,2018-11-19T22:00:00.000000+0100
19/11/2018,23,69.81,2018-11-19,2018-11-19T23:00:00.000000+0100
19/11/2018,24,62.18,2018-11-19,2018-11-20T00:00:00.000000+0100
20/11/2018,1,53.87,2018-11-20,2018-11-20T01:00:00.000000+0100
20/11/2018,2,59.25,2018-11-20,2018-11-20T02:00:00.000000+0100
20/11/2018,3,50.04,2018-11-20,2018-11-20T03:00:00.000000+0100
20/11/2018,4,47.21,2018-11-20,2018-11-20T04:00:00.000000+0100
20/11/2018,5,44.88,2018-11-20,2018-11-20T05:00:00.000000+0100
20/11/2018,6,44.88,2018-11-20,2018-11-20T06:00:00.000000+0100
20/11/2018,7,47.22,2018-11-20,2018-11-20T07:00:00.000000+0100
20/11/2018,8,58.57,2018-11-20,2018-11-20T08:00:00.000000+0100
20/11/2018,9,65.66,2018-11-20,2018-11-20T09:00:00.000000+0100
20/11/2018,10,79.44,2018-11-20,2018-11-20T10:00:00.000000+0100
20/11/2018,11,79.44,2018-11-20,2018-11-20T11:00:00.000000+0100
20/11/2018,12,74.02,2018-11-20,2018-11-20T12:00:00.000000+0100
20/11/2018,13,71.01,2018-11-20,2018-11-20T13:00:00.000000+0100
20/11/2018,14,61.44,2018-11-20,2018-11-20T14:00:00.000000+0100
20/11/2018,15,59.25,2018-11-20,2018-11-20T15:00:00.000000+0100
20/11/2018,16,61.37,2018-11-20,2018-11-20T16:00:00.000000+0100
20/11/2018,17,61.89,2018-11-20,2018-11-20T17:00:00.000000+0100
20/11/2018,18,60.01,2018-11-20,2018-11-20T18:00:00.000000+0100
20/11/2018,19,59.0,2018-11-20,2018-11-20T19:00:00.000000+0100
20/11/2018,20,59.12,2018-11-20,2018-11-20T20:00:00.000000+0100
20/11/2018,21,62.91,2018-11-20,2018-11-20T21:00:00.000000+0100
20/11/2018,22,62.92,2018-11-20,2018-11-20T22:00:00.000000+0100
20/11/2018,23,61.46,2018-11-20,2018-11-20T23:00:00.000000+0100
20/11/2018,24,56.3,2018-11-20,2018-11-21T00:00:00.000000+0100
21/11/2018,1,51.42,2018-11-21,2018-11-21T01:00:00.000000+0100
21/11/2018,2,55.65,2018-11-21,2018-11-21T02:00:00.000000+0100
21/11/2018,3,52.01,2018-11-21,2018-11-21T03:00:00.000000+0100
21/11/2018,4,41.01,2018-11-21,2018-11-21T04:00:00.000000+0100
21/11/2018,5,40.01,2018-11-21,2018-11-21T05:00:00.000000+0100
21/11/2018,6,38.61,2018-11-21,2018-11-21T06:00:00.000000+0100
21/11/2018,7,38.3,2018-11-21,2018-11-21T07:00:00.000000+0100
21/11/2018,8,38.9,2018-11-21,2018-11-21T08:00:00.000000+0100
21/11/2018,9,56.65,2018-11-21,2018-11-21T09:00:00.000000+0100
21/11/2018,10,55.65,2018-11-21,2018-11-21T10:00:00.000000+0100
21/11/2018,11,54.28,2018-11-21,2018-11-21T11:00:00.000000+0100
21/11/2018,12,50.01,2018-11-21,2018-11-21T12:00:00.000000+0100
21/11/2018,13,41.41,2018-11-21,2018-11-21T13:00:00.000000+0100
21/11/2018,14,40.01,2018-11-21,2018-11-21T14:00:00.000000+0100
21/11/2018,15,39.58,2018-11-21,2018-11-21T15:00:00.000000+0100
21/11/2018,16,38.96,2018-11-21,2018-11-21T16:00:00.000000+0100
21/11/2018,17,39.48,2018-11-21,2018-11-21T17:00:00.000000+0100
21/11/2018,18,39.96,2018-11-21,2018-11-21T18:00:00.000000+0100
21/11/2018,19,55.65,2018-11-21,2018-11-21T19:00:00.000000+0100
21/11/2018,20,59.57,2018-11-21,2018-11-21T20:00:00.000000+0100
21/11/2018,21,68.99,2018-11-21,2018-11-21T21:00:00.000000+0100
21/11/2018,22,76.17,2018-11-21,2018-11-21T22:00:00.000000+0100
21/11/2018,23,76.17,2018-11-21,2018-11-21T23:00:00.000000+0100
21/11/2018,24,62.26,2018-11-21,2018-11-22T00:00:00.000000+0100
22/11/2018,1,55.65,2018-11-22,2018-11-22T01:00:00.000000+0100
22/11/2018,2,56.64,2018-11-22,2018-11-22T02:00:00.000000+0100
22/11/2018,3,56.64,2018-11-22,2018-11-22T03:00:00.000000+0100
22/11/2018,4,56.64,2018-11-22,2018-11-22T04:00:00.000000+0100
22/11/2018,5,37.39,2018-11-22,2018-11-22T05:00:00.000000+0100
22/11/2018,6,40.01,2018-11-22,2018-11-22T06:00:00.000000+0100
22/11/2018,7,44.99,2018-11-22,2018-11-22T07:00:00.000000+0100
22/11/2018,8,37.11,2018-11-22,2018-11-22T08:00:00.000000+0100
22/11/2018,9,38.34,2018-11-22,2018-11-22T09:00:00.000000+0100
22/11/2018,10,38.68,2018-11-22,2018-11-22T10:00:00.000000+0100
22/11/2018,11,53.25,2018-11-22,2018-11-22T11:00:00.000000+0100
22/11/2018,12,55.62,2018-11-22,2018-11-22T12:00:00.000000+0100
22/11/2018,13,52.94,2018-11-22,2018-11-22T13:00:00.000000+0100
22/11/2018,14,46.01,2018-11-22,2018-11-22T14:00:00.000000+0100
22/11/2018,15,39.03,2018-11-22,2018-11-22T15:00:00.000000+0100
22/11/2018,16,37.31,2018-11-22,2018-11-22T16:00:00.000000+0100
22/11/2018,17,40.1,2018-11-22,2018-11-22T17:00:00.000000+0100
22/11/2018,18,50.01,2018-11-22,2018-11-22T18:00:00.000000+0100
22/11/2018,19,52.04,2018-11-22,2018-11-22T19:00:00.000000+0100
22/11/2018,20,56.65,2018-11-22,2018-11-22T20:00:00.000000+0100
22/11/2018,21,60.4,2018-11-22,2018-11-22T21:00:00.000000+0100
22/11/2018,22,74.31,2018-11-22,2018-11-22T22:00:00.000000+0100
22/11/2018,23,75.82,2018-11-22,2018-11-22T23:00:00.000000+0100
22/11/2018,24,74.31,2018-11-22,2018-11-23T00:00:00.000000+0100
23/11/2018,1,56.64,2018-11-23,2018-11-23T01:00:00.000000+0100
23/11/2018,2,56.96,2018-11-23,2018-11-23T02:00:00.000000+0100
23/11/2018,3,56.96,2018-11-23,2018-11-23T03:00:00.000000+0100
23/11/2018,4,56.96,2018-11-23,2018-11-23T04:00:00.000000+0100
23/11/2018,5,56.96,2018-11-23,2018-11-23T05:00:00.000000+0100
23/11/2018,6,56.96,2018-11-23,2018-11-23T06:00:00.000000+0100
23/11/2018,7,56.96,2018-11-23,2018-11-23T07:00:00.000000+0100
23/11/2018,8,62.8,2018-11-23,2018-11-23T08:00:00.000000+0100
23/11/2018,9,68.03,2018-11-23,2018-11-23T09:00:00.000000+0100
23/11/2018,10,73.1,2018-11-23,2018-11-23T10:00:00.000000+0100
23/11/2018,11,71.02,2018-11-23,2018-11-23T11:00:00.000000+0100
23/11/2018,12,67.12,2018-11-23,2018-11-23T12:00:00.000000+0100
23/11/2018,13,65.51,2018-11-23,2018-11-23T13:00:00.000000+0100
23/11/2018,14,62.8,2018-11-23,2018-11-23T14:00:00.000000+0100
23/11/2018,15,63.46,2018-11-23,2018-11-23T15:00:00.000000+0100
23/11/2018,16,68.03,2018-11-23,2018-11-23T16:00:00.000000+0100
23/11/2018,17,70.01,2018-11-23,2018-11-23T17:00:00.000000+0100
23/11/2018,18,71.6,2018-11-23,2018-11-23T18:00:00.000000+0100
23/11/2018,19,71.6,2018-11-23,2018-11-23T19:00:00.000000+0100
23/11/2018,20,71.6,2018-11-23,2018-11-23T20:00:00.000000+0100
23/11/2018,21,75.26,2018-11-23,2018-11-23T21:00:00.000000+0100
23/11/2018,22,77.53,2018-11-23,2018-11-23T22:00:00.000000+0100
23/11/2018,23,83.43,2018-11-23,2018-11-23T23:00:00.000000+0100
23/11/2018,24,74.14,2018-11-23,2018-11-24T00:00:00.000000+0100
24/11/2018,1,62.8,2018-11-24,2018-11-24T01:00:00.000000+0100
24/11/2018,2,52.19,2018-11-24,2018-11-24T02:00:00.000000+0100
24/11/2018,3,47.21,2018-11-24,2018-11-24T03:00:00.000000+0100
24/11/2018,4,39.7,2018-11-24,2018-11-24T04:00:00.000000+0100
24/11/2018,5,39.0,2018-11-24,2018-11-24T05:00:00.000000+0100
24/11/2018,6,39.0,2018-11-24,2018-11-24T06:00:00.000000+0100
24/11/2018,7,40.01,2018-11-24,2018-11-24T07:00:00.000000+0100
24/11/2018,8,57.11,2018-11-24,2018-11-24T08:00:00.000000+0100
24/11/2018,9,67.68,2018-11-24,2018-11-24T09:00:00.000000+0100
24/11/2018,10,70.03,2018-11-24,2018-11-24T10:00:00.000000+0100
24/11/2018,11,69.01,2018-11-24,2018-11-24T11:00:00.000000+0100
24/11/2018,12,65.68,2018-11-24,2018-11-24T12:00:00.000000+0100
24/11/2018,13,63.39,2018-11-24,2018-11-24T13:00:00.000000+0100
24/11/2018,14,58.67,2018-11-24,2018-11-24T14:00:00.000000+0100
24/11/2018,15,58.93,2018-11-24,2018-11-24T15:00:00.000000+0100
24/11/2018,16,60.58,2018-11-24,2018-11-24T16:00:00.000000+0100
24/11/2018,17,63.44,2018-11-24,2018-11-24T17:00:00.000000+0100
24/11/2018,18,66.03,2018-11-24,2018-11-24T18:00:00.000000+0100
24/11/2018,19,65.69,2018-11-24,2018-11-24T19:00:00.000000+0100
24/11/2018,20,63.4,2018-11-24,2018-11-24T20:00:00.000000+0100
24/11/2018,21,66.02,2018-11-24,2018-11-24T21:00:00.000000+0100
24/11/2018,22,66.02,2018-11-24,2018-11-24T22:00:00.000000+0100
24/11/2018,23,65.01,2018-11-24,2018-11-24T23:00:00.000000+0100
24/11/2018,24,56.97,2018-11-24,2018-11-25T00:00:00.000000+0100
25/11/2018,1,52.96,2018-11-25,2018-11-25T01:00:00.000000+0100
25/11/2018,2,54.64,2018-11-25,2018-11-25T02:00:00.000000+0100
25/11/2018,3,51.6,2018-11-25,2018-11-25T03:00:00.000000+0100
25/11/2018,4,40.77,2018-11-25,2018-11-25T04:00:00.000000+0100
25/11/2018,5,40.154,2018-11-25,2018-11-25T05:00:00.000000+0100
25/11/2018,6,39.88,2018-11-25,2018-11-25T06:00:00.000000+0100
25/11/2018,7,40.78,2018-11-25,2018-11-25T07:00:00.000000+0100
25/11/2018,8,54.53,2018-11-25,2018-11-25T08:00:00.000000+0100
25/11/2018,9,61.67,2018-11-25,2018-11-25T09:00:00.000000+0100
25/11/2018,10,64.95,2018-11-25,2018-11-25T10:00:00.000000+0100
25/11/2018,11,63.39,2018-11-25,2018-11-25T11:00:00.000000+0100
25/11/2018,12,62.81,2018-11-25,2018-11-25T12:00:00.000000+0100
25/11/2018,13,62.81,2018-11-25,2018-11-25T13:00:00.000000+0100
25/11/2018,14,55.102,2018-11-25,2018-11-25T14:00:00.000000+0100
25/11/2018,15,55.105,2018-11-25,2018-11-25T15:00:00.000000+0100
25/11/2018,16,62.82,2018-11-25,2018-11-25T16:00:00.000000+0100
25/11/2018,17,63.39,2018-11-25,2018-11-25T17:00:00.000000+0100
25/11/2018,18,63.4,2018-11-25,2018-11-25T18:00:00.000000+0100
25/11/2018,19,65.01,2018-11-25,2018-11-25T19:00:00.000000+0100
25/11/2018,20,62.82,2018-11-25,2018-11-25T20:00:00.000000+0100
25/11/2018,21,66.16,2018-11-25,2018-11-25T21:00:00.000000+0100
25/11/2018,22,66.9,2018-11-25,2018-11-25T22:00:00.000000+0100
25/11/2018,23,66.16,2018-11-25,2018-11-25T23:00:00.000000+0100
25/11/2018,24,62.1,2018-11-25,2018-11-26T00:00:00.000000+0100
26/11/2018,1,54.94,2018-11-26,2018-11-26T01:00:00.000000+0100
26/11/2018,2,57.31,2018-11-26,2018-11-26T02:00:00.000000+0100
26/11/2018,3,53.12,2018-11-26,2018-11-26T03:00:00.000000+0100
26/11/2018,4,48.28,2018-11-26,2018-11-26T04:00:00.000000+0100
26/11/2018,5,45.142,2018-11-26,2018-11-26T05:00:00.000000+0100
26/11/2018,6,45.213,2018-11-26,2018-11-26T06:00:00.000000+0100
26/11/2018,7,50.48,2018-11-26,2018-11-26T07:00:00.000000+0100
26/11/2018,8,59.42,2018-11-26,2018-11-26T08:00:00.000000+0100
26/11/2018,9,67.6,2018-11-26,2018-11-26T09:00:00.000000+0100
26/11/2018,10,70.27,2018-11-26,2018-11-26T10:00:00.000000+0100
26/11/2018,11,69.42,2018-11-26,2018-11-26T11:00:00.000000+0100
26/11/2018,12,67.6,2018-11-26,2018-11-26T12:00:00.000000+0100
26/11/2018,13,61.19,2018-11-26,2018-11-26T13:00:00.000000+0100
26/11/2018,14,58.13,2018-11-26,2018-11-26T14:00:00.000000+0100
26/11/2018,15,58.13,2018-11-26,2018-11-26T15:00:00.000000+0100
26/11/2018,16,60.19,2018-11-26,2018-11-26T16:00:00.000000+0100
26/11/2018,17,60.21,2018-11-26,2018-11-26T17:00:00.000000+0100
26/11/2018,18,63.61,2018-11-26,2018-11-26T18:00:00.000000+0100
26/11/2018,19,63.62,2018-11-26,2018-11-26T19:00:00.000000+0100
26/11/2018,20,64.3,2018-11-26,2018-11-26T20:00:00.000000+0100
26/11/2018,21,69.41,2018-11-26,2018-11-26T21:00:00.000000+0100
26/11/2018,22,69.41,2018-11-26,2018-11-26T22:00:00.000000+0100
26/11/2018,23,69.41,2018-11-26,2018-11-26T23:00:00.000000+0100
26/11/2018,24,62.52,2018-11-26,2018-11-27T00:00:00.000000+0100
27/11/2018,1,57.02,2018-11-27,2018-11-27T01:00:00.000000+0100
27/11/2018,2,57.02,2018-11-27,2018-11-27T02:00:00.000000+0100
27/11/2018,3,51.44,2018-11-27,2018-11-27T03:00:00.000000+0100
27/11/2018,4,41.15,2018-11-27,2018-11-27T04:00:00.000000+0100
27/11/2018,5,45.75,2018-11-27,2018-11-27T05:00:00.000000+0100
27/11/2018,6,44.18,2018-11-27,2018-11-27T06:00:00.000000+0100
27/11/2018,7,42.26,2018-11-27,2018-11-27T07:00:00.000000+0100
27/11/2018,8,39.31,2018-11-27,2018-11-27T08:00:00.000000+0100
27/11/2018,9,36.02,2018-11-27,2018-11-27T09:00:00.000000+0100
27/11/2018,10,41.101,2018-11-27,2018-11-27T10:00:00.000000+0100
27/11/2018,11,42.27,2018-11-27,2018-11-27T11:00:00.000000+0100
27/11/2018,12,44.99,2018-11-27,2018-11-27T12:00:00.000000+0100
27/11/2018,13,45.02,2018-11-27,2018-11-27T13:00:00.000000+0100
27/11/2018,14,44.96,2018-11-27,2018-11-27T14:00:00.000000+0100
27/11/2018,15,45.06,2018-11-27,2018-11-27T15:00:00.000000+0100
27/11/2018,16,46.195,2018-11-27,2018-11-27T16:00:00.000000+0100
27/11/2018,17,46.227,2018-11-27,2018-11-27T17:00:00.000000+0100
27/11/2018,18,44.18,2018-11-27,2018-11-27T18:00:00.000000+0100
27/11/2018,19,45.28,2018-11-27,2018-11-27T19:00:00.000000+0100
27/11/2018,20,47.86,2018-11-27,2018-11-27T20:00:00.000000+0100
27/11/2018,21,49.72,2018-11-27,2018-11-27T21:00:00.000000+0100
27/11/2018,22,54.32,2018-11-27,2018-11-27T22:00:00.000000+0100
27/11/2018,23,51.121,2018-11-27,2018-11-27T23:00:00.000000+0100
27/11/2018,24,51.174,2018-11-27,2018-11-28T00:00:00.000000+0100
28/11/2018,1,49.22,2018-11-28,2018-11-28T01:00:00.000000+0100
28/11/2018,2,45.75,2018-11-28,2018-11-28T02:00:00.000000+0100
28/11/2018,3,44.86,2018-11-28,2018-11-28T03:00:00.000000+0100
28/11/2018,4,38.13,2018-11-28,2018-11-28T04:00:00.000000+0100
28/11/2018,5,19.21,2018-11-28,2018-11-28T05:00:00.000000+0100
28/11/2018,6,14.101,2018-11-28,2018-11-28T06:00:00.000000+0100
28/11/2018,7,11.02,2018-11-28,2018-11-28T07:00:00.000000+0100
28/11/2018,8,10.02,2018-11-28,2018-11-28T08:00:00.000000+0100
28/11/2018,9,11.85,2018-11-28,2018-11-28T09:00:00.000000+0100
28/11/2018,10,14.101,2018-11-28,2018-11-28T10:00:00.000000+0100
28/11/2018,11,40.62,2018-11-28,2018-11-28T11:00:00.000000+0100
28/11/2018,12,46.101,2018-11-28,2018-11-28T12:00:00.000000+0100
28/11/2018,13,47.97,2018-11-28,2018-11-28T13:00:00.000000+0100
28/11/2018,14,49.92,2018-11-28,2018-11-28T14:00:00.000000+0100
28/11/2018,15,50.02,2018-11-28,2018-11-28T15:00:00.000000+0100
28/11/2018,16,49.72,2018-11-28,2018-11-28T16:00:00.000000+0100
28/11/2018,17,48.18,2018-11-28,2018-11-28T17:00:00.000000+0100
28/11/2018,18,47.26,2018-11-28,2018-11-28T18:00:00.000000+0100
28/11/2018,19,46.12,2018-11-28,2018-11-28T19:00:00.000000+0100
28/11/2018,20,47.62,2018-11-28,2018-11-28T20:00:00.000000+0100
28/11/2018,21,50.47,2018-11-28,2018-11-28T21:00:00.000000+0100
28/11/2018,22,54.92,2018-11-28,2018-11-28T22:00:00.000000+0100
28/11/2018,23,57.2,2018-11-28,2018-11-28T23:00:00.000000+0100
28/11/2018,24,54.92,2018-11-28,2018-11-29T00:00:00.000000+0100
29/11/2018,1,51.22,2018-11-29,2018-11-29T01:00:00.000000+0100
29/11/2018,2,48.84,2018-11-29,2018-11-29T02:00:00.000000+0100
29/11/2018,3,45.16,2018-11-29,2018-11-29T03:00:00.000000+0100
29/11/2018,4,40.11,2018-11-29,2018-11-29T04:00:00.000000+0100
29/11/2018,5,42.77,2018-11-29,2018-11-29T05:00:00.000000+0100
29/11/2018,6,35.04,2018-11-29,2018-11-29T06:00:00.000000+0100
29/11/2018,7,28.255,2018-11-29,2018-11-29T07:00:00.000000+0100
29/11/2018,8,28.34,2018-11-29,2018-11-29T08:00:00.000000+0100
29/11/2018,9,35.04,2018-11-29,2018-11-29T09:00:00.000000+0100
29/11/2018,10,44.51,2018-11-29,2018-11-29T10:00:00.000000+0100
29/11/2018,11,50.67,2018-11-29,2018-11-29T11:00:00.000000+0100
29/11/2018,12,67.02,2018-11-29,2018-11-29T12:00:00.000000+0100
29/11/2018,13,70.02,2018-11-29,2018-11-29T13:00:00.000000+0100
29/11/2018,14,68.02,2018-11-29,2018-11-29T14:00:00.000000+0100
29/11/2018,15,55.72,2018-11-29,2018-11-29T15:00:00.000000+0100
29/11/2018,16,53.32,2018-11-29,2018-11-29T16:00:00.000000+0100
29/11/2018,17,51.72,2018-11-29,2018-11-29T17:00:00.000000+0100
29/11/2018,18,49.72,2018-11-29,2018-11-29T18:00:00.000000+0100
29/11/2018,19,51.72,2018-11-29,2018-11-29T19:00:00.000000+0100
29/11/2018,20,53.73,2018-11-29,2018-11-29T20:00:00.000000+0100
29/11/2018,21,59.02,2018-11-29,2018-11-29T21:00:00.000000+0100
29/11/2018,22,70.02,2018-11-29,2018-11-29T22:00:00.000000+0100
29/11/2018,23,67.2,2018-11-29,2018-11-29T23:00:00.000000+0100
29/11/2018,24,62.62,2018-11-29,2018-11-30T00:00:00.000000+0100
30/11/2018,1,57.73,2018-11-30,2018-11-30T01:00:00.000000+0100
30/11/2018,2,53.32,2018-11-30,2018-11-30T02:00:00.000000+0100
30/11/2018,3,49.72,2018-11-30,2018-11-30T03:00:00.000000+0100
30/11/2018,4,44.17,2018-11-30,2018-11-30T04:00:00.000000+0100
30/11/2018,5,32.52,2018-11-30,2018-11-30T05:00:00.000000+0100
30/11/2018,6,23.25,2018-11-30,2018-11-30T06:00:00.000000+0100
30/11/2018,7,18.24,2018-11-30,2018-11-30T07:00:00.000000+0100
30/11/2018,8,17.32,2018-11-30,2018-11-30T08:00:00.000000+0100
30/11/2018,9,18.41,2018-11-30,2018-11-30T09:00:00.000000+0100
30/11/2018,10,33.69,2018-11-30,2018-11-30T10:00:00.000000+0100
30/11/2018,11,44.41,2018-11-30,2018-11-30T11:00:00.000000+0100
30/11/2018,12,49.8,2018-11-30,2018-11-30T12:00:00.000000+0100
30/11/2018,13,50.25,2018-11-30,2018-11-30T13:00:00.000000+0100
30/11/2018,14,50.8,2018-11-30,2018-11-30T14:00:00.000000+0100
30/11/2018,15,50.0,2018-11-30,2018-11-30T15:00:00.000000+0100
30/11/2018,16,49.8,2018-11-30,2018-11-30T16:00:00.000000+0100
30/11/2018,17,46.55,2018-11-30,2018-11-30T17:00:00.000000+0100
30/11/2018,18,46.9,2018-11-30,2018-11-30T18:00:00.000000+0100
30/11/2018,19,48.44,2018-11-30,2018-11-30T19:00:00.000000+0100
30/11/2018,20,50.59,2018-11-30,2018-11-30T20:00:00.000000+0100
30/11/2018,21,51.27,2018-11-30,2018-11-30T21:00:00.000000+0100
30/11/2018,22,55.0,2018-11-30,2018-11-30T22:00:00.000000+0100
30/11/2018,23,55.0,2018-11-30,2018-11-30T23:00:00.000000+0100
30/11/2018,24,54.12,2018-11-30,2018-12-01T00:00:00.000000+0100
01/12/2018,1,51.99,2018-12-01,2018-12-01T01:00:00.000000+0100
01/12/2018,2,47.99,2018-12-01,2018-12-01T02:00:00.000000+0100
01/12/2018,3,44.91,2018-12-01,2018-12-01T03:00:00.000000+0100
01/12/2018,4,37.12,2018-12-01,2018-12-01T04:00:00.000000+0100
01/12/2018,5,44.17,2018-12-01,2018-12-01T05:00:00.000000+0100
01/12/2018,6,39.82,2018-12-01,2018-12-01T06:00:00.000000+0100
01/12/2018,7,31.1,2018-12-01,2018-12-01T07:00:00.000000+0100
01/12/2018,8,30.14,2018-12-01,2018-12-01T08:00:00.000000+0100
01/12/2018,9,34.52,2018-12-01,2018-12-01T09:00:00.000000+0100
01/12/2018,10,40.72,2018-12-01,2018-12-01T10:00:00.000000+0100
01/12/2018,11,48.101,2018-12-01,2018-12-01T11:00:00.000000+0100
01/12/2018,12,55.37,2018-12-01,2018-12-01T12:00:00.000000+0100
01/12/2018,13,60.62,2018-12-01,2018-12-01T13:00:00.000000+0100
01/12/2018,14,57.52,2018-12-01,2018-12-01T14:00:00.000000+0100
01/12/2018,15,55.37,2018-12-01,2018-12-01T15:00:00.000000+0100
01/12/2018,16,51.5,2018-12-01,2018-12-01T16:00:00.000000+0100
01/12/2018,17,51.49,2018-12-01,2018-12-01T17:00:00.000000+0100
01/12/2018,18,50.23,2018-12-01,2018-12-01T18:00:00.000000+0100
01/12/2018,19,52.11,2018-12-01,2018-12-01T19:00:00.000000+0100
01/12/2018,20,55.37,2018-12-01,2018-12-01T20:00:00.000000+0100
01/12/2018,21,56.72,2018-12-01,2018-12-01T21:00:00.000000+0100
01/12/2018,22,72.2,2018-12-01,2018-12-01T22:00:00.000000+0100
01/12/2018,23,72.2,2018-12-01,2018-12-01T23:00:00.000000+0100
01/12/2018,24,69.43,2018-12-01,2018-12-02T00:00:00.000000+0100
02/12/2018,1,55.37,2018-12-02,2018-12-02T01:00:00.000000+0100
02/12/2018,2,51.57,2018-12-02,2018-12-02T02:00:00.000000+0100
02/12/2018,3,49.8,2018-12-02,2018-12-02T03:00:00.000000+0100
02/12/2018,4,46.07,2018-12-02,2018-12-02T04:00:00.000000+0100
02/12/2018,5,46.99,2018-12-02,2018-12-02T05:00:00.000000+0100
02/12/2018,6,46.01,2018-12-02,2018-12-02T06:00:00.000000+0100
02/12/2018,7,44.184,2018-12-02,2018-12-02T07:00:00.000000+0100
02/12/2018,8,44.248,2018-12-02,2018-12-02T08:00:00.000000+0100
02/12/2018,9,42.69,2018-12-02,2018-12-02T09:00:00.000000+0100
02/12/2018,10,30.02,2018-12-02,2018-12-02T10:00:00.000000+0100
02/12/2018,11,38.72,2018-12-02,2018-12-02T11:00:00.000000+0100
02/12/2018,12,45.02,2018-12-02,2018-12-02T12:00:00.000000+0100
02/12/2018,13,44.74,2018-12-02,2018-12-02T13:00:00.000000+0100
02/12/2018,14,46.82,2018-12-02,2018-12-02T14:00:00.000000+0100
02/12/2018,15,50.0,2018-12-02,2018-12-02T15:00:00.000000+0100
02/12/2018,16,50.22,2018-12-02,2018-12-02T16:00:00.000000+0100
02/12/2018,17,50.22,2018-12-02,2018-12-02T17:00:00.000000+0100
02/12/2018,18,49.41,2018-12-02,2018-12-02T18:00:00.000000+0100
02/12/2018,19,49.41,2018-12-02,2018-12-02T19:00:00.000000+0100
02/12/2018,20,49.78,2018-12-02,2018-12-02T20:00:00.000000+0100
02/12/2018,21,50.46,2018-12-02,2018-12-02T21:00:00.000000+0100
02/12/2018,22,56.255,2018-12-02,2018-12-02T22:00:00.000000+0100
02/12/2018,23,56.34,2018-12-02,2018-12-02T23:00:00.000000+0100
02/12/2018,24,53.5,2018-12-02,2018-12-03T00:00:00.000000+0100
03/12/2018,1,50.46,2018-12-03,2018-12-03T01:00:00.000000+0100
03/12/2018,2,49.8,2018-12-03,2018-12-03T02:00:00.000000+0100
03/12/2018,3,46.95,2018-12-03,2018-12-03T03:00:00.000000+0100
03/12/2018,4,44.91,2018-12-03,2018-12-03T04:00:00.000000+0100
03/12/2018,5,46.17,2018-12-03,2018-12-03T05:00:00.000000+0100
03/12/2018,6,40.02,2018-12-03,2018-12-03T06:00:00.000000+0100
03/12/2018,7,37.12,2018-12-03,2018-12-03T07:00:00.000000+0100
03/12/2018,8,32.02,2018-12-03,2018-12-03T08:00:00.000000+0100
03/12/2018,9,35.02,2018-12-03,2018-12-03T09:00:00.000000+0100
03/12/2018,10,27.12,2018-12-03,2018-12-03T10:00:00.000000+0100
03/12/2018,11,37.33,2018-12-03,2018-12-03T11:00:00.000000+0100
03/12/2018,12,44.06,2018-12-03,2018-12-03T12:00:00.000000+0100
03/12/2018,13,45.02,2018-12-03,2018-12-03T13:00:00.000000+0100
03/12/2018,14,46.57,2018-12-03,2018-12-03T14:00:00.000000+0100
03/12/2018,15,49.72,2018-12-03,2018-12-03T15:00:00.000000+0100
03/12/2018,16,49.41,2018-12-03,2018-12-03T16:00:00.000000+0100
03/12/2018,17,49.41,2018-12-03,2018-12-03T17:00:00.000000+0100
03/12/2018,18,47.32,2018-12-03,2018-12-03T18:00:00.000000+0100
03/12/2018,19,47.25,2018-12-03,2018-12-03T19:00:00.000000+0100
03/12/2018,20,49.43,2018-12-03,2018-12-03T20:00:00.000000+0100
03/12/2018,21,51.7,2018-12-03,2018-12-03T21:00:00.000000+0100
03/12/2018,22,54.86,2018-12-03,2018-12-03T22:00:00.000000+0100
03/12/2018,23,52.76,2018-12-03,2018-12-03T23:00:00.000000+0100
03/12/2018,24,52.76,2018-12-03,2018-12-04T00:00:00.000000+0100
04/12/2018,1,51.02,2018-12-04,2018-12-04T01:00:00.000000+0100
04/12/2018,2,49.43,2018-12-04,2018-12-04T02:00:00.000000+0100
04/12/2018,3,45.02,2018-12-04,2018-12-04T03:00:00.000000+0100
04/12/2018,4,41.52,2018-12-04,2018-12-04T04:00:00.000000+0100
04/12/2018,5,39.38,2018-12-04,2018-12-04T05:00:00.000000+0100
04/12/2018,6,28.72,2018-12-04,2018-12-04T06:00:00.000000+0100
04/12/2018,7,23.71,2018-12-04,2018-12-04T07:00:00.000000+0100
04/12/2018,8,20.101,2018-12-04,2018-12-04T08:00:00.000000+0100
04/12/2018,9,25.02,2018-12-04,2018-12-04T09:00:00.000000+0100
04/12/2018,10,30.9,2018-12-04,2018-12-04T10:00:00.000000+0100
04/12/2018,11,45.96,2018-12-04,2018-12-04T11:00:00.000000+0100
04/12/2018,12,50.02,2018-12-04,2018-12-04T12:00:00.000000+0100
04/12/2018,13,52.25,2018-12-04,2018-12-04T13:00:00.000000+0100
04/12/2018,14,52.25,2018-12-04,2018-12-04T14:00:00.000000+0100
04/12/2018,15,52.25,2018-12-04,2018-12-04T15:00:00.000000+0100
04/12/2018,16,52.3,2018-12-04,2018-12-04T16:00:00.000000+0100
04/12/2018,17,51.86,2018-12-04,2018-12-04T17:00:00.000000+0100
04/12/2018,18,51.86,2018-12-04,2018-12-04T18:00:00.000000+0100
04/12/2018,19,53.0,2018-12-04,2018-12-04T19:00:00.000000+0100
04/12/2018,20,53.0,2018-12-04,2018-12-04T20:00:00.000000+0100
04/12/2018,21,52.96,2018-12-04,2018-12-04T21:00:00.000000+0100
04/12/2018,22,55.0,2018-12-04,2018-12-04T22:00:00.000000+0100
04/12/2018,23,55.0,2018-12-04,2018-12-04T23:00:00.000000+0100
04/12/2018,24,52.179,2018-12-04,2018-12-05T00:00:00.000000+0100
05/12/2018,1,52.247,2018-12-05,2018-12-05T01:00:00.000000+0100
05/12/2018,2,50.64,2018-12-05,2018-12-05T02:00:00.000000+0100
05/12/2018,3,47.02,2018-12-05,2018-12-05T03:00:00.000000+0100
05/12/2018,4,45.21,2018-12-05,2018-12-05T04:00:00.000000+0100
05/12/2018,5,39.37,2018-12-05,2018-12-05T05:00:00.000000+0100
05/12/2018,6,36.42,2018-12-05,2018-12-05T06:00:00.000000+0100
05/12/2018,7,35.92,2018-12-05,2018-12-05T07:00:00.000000+0100
05/12/2018,8,34.02,2018-12-05,2018-12-05T08:00:00.000000+0100
05/12/2018,9,35.37,2018-12-05,2018-12-05T09:00:00.000000+0100
05/12/2018,10,38.92,2018-12-05,2018-12-05T10:00:00.000000+0100
05/12/2018,11,49.02,2018-12-05,2018-12-05T11:00:00.000000+0100
05/12/2018,12,55.92,2018-12-05,2018-12-05T12:00:00.000000+0100
05/12/2018,13,62.38,2018-12-05,2018-12-05T13:00:00.000000+0100
05/12/2018,14,68.77,2018-12-05,2018-12-05T14:00:00.000000+0100
05/12/2018,15,63.12,2018-12-05,2018-12-05T15:00:00.000000+0100
05/12/2018,16,63.15,2018-12-05,2018-12-05T16:00:00.000000+0100
05/12/2018,17,59.39,2018-12-05,2018-12-05T17:00:00.000000+0100
05/12/2018,18,59.39,2018-12-05,2018-12-05T18:00:00.000000+0100
05/12/2018,19,62.38,2018-12-05,2018-12-05T19:00:00.000000+0100
05/12/2018,20,70.32,2018-12-05,2018-12-05T20:00:00.000000+0100
05/12/2018,21,68.83,2018-12-05,2018-12-05T21:00:00.000000+0100
05/12/2018,22,73.32,2018-12-05,2018-12-05T22:00:00.000000+0100
05/12/2018,23,74.45,2018-12-05,2018-12-05T23:00:00.000000+0100
05/12/2018,24,69.02,2018-12-05,2018-12-06T00:00:00.000000+0100
06/12/2018,1,59.41,2018-12-06,2018-12-06T01:00:00.000000+0100
06/12/2018,2,52.5,2018-12-06,2018-12-06T02:00:00.000000+0100
06/12/2018,3,49.02,2018-12-06,2018-12-06T03:00:00.000000+0100
06/12/2018,4,45.1,2018-12-06,2018-12-06T04:00:00.000000+0100
06/12/2018,5,43.34,2018-12-06,2018-12-06T05:00:00.000000+0100
06/12/2018,6,38.02,2018-12-06,2018-12-06T06:00:00.000000+0100
06/12/2018,7,36.126,2018-12-06,2018-12-06T07:00:00.000000+0100
06/12/2018,8,36.168,2018-12-06,2018-12-06T08:00:00.000000+0100
06/12/2018,9,35.92,2018-12-06,2018-12-06T09:00:00.000000+0100
06/12/2018,10,40.45,2018-12-06,2018-12-06T10:00:00.000000+0100
06/12/2018,11,47.03,2018-12-06,2018-12-06T11:00:00.000000+0100
06/12/2018,12,51.81,2018-12-06,2018-12-06T12:00:00.000000+0100
06/12/2018,13,55.88,2018-12-06,2018-12-06T13:00:00.000000+0100
06/12/2018,14,58.6,2018-12-06,2018-12-06T14:00:00.000000+0100
06/12/2018,15,55.88,2018-12-06,2018-12-06T15:00:00.000000+0100
06/12/2018,16,53.81,2018-12-06,2018-12-06T16:00:00.000000+0100
06/12/2018,17,51.42,2018-12-06,2018-12-06T17:00:00.000000+0100
06/12/2018,18,51.31,2018-12-06,2018-12-06T18:00:00.000000+0100
06/12/2018,19,52.35,2018-12-06,2018-12-06T19:00:00.000000+0100
06/12/2018,20,54.77,2018-12-06,2018-12-06T20:00:00.000000+0100
06/12/2018,21,58.46,2018-12-06,2018-12-06T21:00:00.000000+0100
06/12/2018,22,63.101,2018-12-06,2018-12-06T22:00:00.000000+0100
06/12/2018,23,61.36,2018-12-06,2018-12-06T23:00:00.000000+0100
06/12/2018,24,58.6,2018-12-06,2018-12-07T00:00:00.000000+0100
07/12/2018,1,54.101,2018-12-07,2018-12-07T01:00:00.000000+0100
07/12/2018,2,52.35,2018-12-07,2018-12-07T02:00:00.000000+0100
07/12/2018,3,50.05,2018-12-07,2018-12-07T03:00:00.000000+0100
07/12/2018,4,45.52,2018-12-07,2018-12-07T04:00:00.000000+0100
07/12/2018,5,43.34,2018-12-07,2018-12-07T05:00:00.000000+0100
07/12/2018,6,39.02,2018-12-07,2018-12-07T06:00:00.000000+0100
07/12/2018,7,38.8,2018-12-07,2018-12-07T07:00:00.000000+0100
07/12/2018,8,38.1,2018-12-07,2018-12-07T08:00:00.000000+0100
07/12/2018,9,37.82,2018-12-07,2018-12-07T09:00:00.000000+0100
07/12/2018,10,40.73,2018-12-07,2018-12-07T10:00:00.000000+0100
07/12/2018,11,49.02,2018-12-07,2018-12-07T11:00:00.000000+0100
07/12/2018,12,53.8,2018-12-07,2018-12-07T12:00:00.000000+0100
07/12/2018,13,59.175,2018-12-07,2018-12-07T13:00:00.000000+0100
07/12/2018,14,59.234,2018-12-07,2018-12-07T14:00:00.000000+0100
07/12/2018,15,57.6,2018-12-07,2018-12-07T15:00:00.000000+0100
07/12/2018,16,57.7,2018-12-07,2018-12-07T16:00:00.000000+0100
07/12/2018,17,54.61,2018-12-07,2018-12-07T17:00:00.000000+0100
07/12/2018,18,54.83,2018-12-07,2018-12-07T18:00:00.000000+0100
07/12/2018,19,54.74,2018-12-07,2018-12-07T19:00:00.000000+0100
07/12/2018,20,61.29,2018-12-07,2018-12-07T20:00:00.000000+0100
07/12/2018,21,63.52,2018-12-07,2018-12-07T21:00:00.000000+0100
07/12/2018,22,72.46,2018-12-07,2018-12-07T22:00:00.000000+0100
07/12/2018,23,73.04,2018-12-07,2018-12-07T23:00:00.000000+0100
07/12/2018,24,68.94,2018-12-07,2018-12-08T00:00:00.000000+0100
08/12/2018,1,55.86,2018-12-08,2018-12-08T01:00:00.000000+0100
08/12/2018,2,50.35,2018-12-08,2018-12-08T02:00:00.000000+0100
08/12/2018,3,48.1,2018-12-08,2018-12-08T03:00:00.000000+0100
08/12/2018,4,44.71,2018-12-08,2018-12-08T04:00:00.000000+0100
08/12/2018,5,47.21,2018-12-08,2018-12-08T05:00:00.000000+0100
08/12/2018,6,44.28,2018-12-08,2018-12-08T06:00:00.000000+0100
08/12/2018,7,43.52,2018-12-08,2018-12-08T07:00:00.000000+0100
08/12/2018,8,39.8,2018-12-08,2018-12-08T08:00:00.000000+0100
08/12/2018,9,39.14,2018-12-08,2018-12-08T09:00:00.000000+0100
08/12/2018,10,41.91,2018-12-08,2018-12-08T10:00:00.000000+0100
08/12/2018,11,49.02,2018-12-08,2018-12-08T11:00:00.000000+0100
08/12/2018,12,52.26,2018-12-08,2018-12-08T12:00:00.000000+0100
08/12/2018,13,55.23,2018-12-08,2018-12-08T13:00:00.000000+0100
08/12/2018,14,56.04,2018-12-08,2018-12-08T14:00:00.000000+0100
08/12/2018,15,54.63,2018-12-08,2018-12-08T15:00:00.000000+0100
08/12/2018,16,53.19,2018-12-08,2018-12-08T16:00:00.000000+0100
08/12/2018,17,52.1,2018-12-08,2018-12-08T17:00:00.000000+0100
08/12/2018,18,51.43,2018-12-08,2018-12-08T18:00:00.000000+0100
08/12/2018,19,52.18,2018-12-08,2018-12-08T19:00:00.000000+0100
08/12/2018,20,52.28,2018-12-08,2018-12-08T20:00:00.000000+0100
08/12/2018,21,52.53,2018-12-08,2018-12-08T21:00:00.000000+0100
08/12/2018,22,54.86,2018-12-08,2018-12-08T22:00:00.000000+0100
08/12/2018,23,55.36,2018-12-08,2018-12-08T23:00:00.000000+0100
08/12/2018,24,54.55,2018-12-08,2018-12-09T00:00:00.000000+0100
09/12/2018,1,52.02,2018-12-09,2018-12-09T01:00:00.000000+0100
09/12/2018,2,50.02,2018-12-09,2018-12-09T02:00:00.000000+0100
09/12/2018,3,45.17,2018-12-09,2018-12-09T03:00:00.000000+0100
09/12/2018,4,43.59,2018-12-09,2018-12-09T04:00:00.000000+0100
09/12/2018,5,44.61,2018-12-09,2018-12-09T05:00:00.000000+0100
09/12/2018,6,42.27,2018-12-09,2018-12-09T06:00:00.000000+0100
09/12/2018,7,36.13,2018-12-09,2018-12-09T07:00:00.000000+0100
09/12/2018,8,33.82,2018-12-09,2018-12-09T08:00:00.000000+0100
09/12/2018,9,32.55,2018-12-09,2018-12-09T09:00:00.000000+0100
09/12/2018,10,32.55,2018-12-09,2018-12-09T10:00:00.000000+0100
09/12/2018,11,43.58,2018-12-09,2018-12-09T11:00:00.000000+0100
09/12/2018,12,52.342,2018-12-09,2018-12-09T12:00:00.000000+0100
09/12/2018,13,52.425,2018-12-09,2018-12-09T13:00:00.000000+0100
09/12/2018,14,53.31,2018-12-09,2018-12-09T14:00:00.000000+0100
09/12/2018,15,52.53,2018-12-09,2018-12-09T15:00:00.000000+0100
09/12/2018,16,47.75,2018-12-09,2018-12-09T16:00:00.000000+0100
09/12/2018,17,44.72,2018-12-09,2018-12-09T17:00:00.000000+0100
09/12/2018,18,43.8,2018-12-09,2018-12-09T18:00:00.000000+0100
09/12/2018,19,45.02,2018-12-09,2018-12-09T19:00:00.000000+0100
09/12/2018,20,48.75,2018-12-09,2018-12-09T20:00:00.000000+0100
09/12/2018,21,52.85,2018-12-09,2018-12-09T21:00:00.000000+0100
09/12/2018,22,60.0,2018-12-09,2018-12-09T22:00:00.000000+0100
09/12/2018,23,60.0,2018-12-09,2018-12-09T23:00:00.000000+0100
09/12/2018,24,56.36,2018-12-09,2018-12-10T00:00:00.000000+0100
10/12/2018,1,52.78,2018-12-10,2018-12-10T01:00:00.000000+0100
10/12/2018,2,50.52,2018-12-10,2018-12-10T02:00:00.000000+0100
10/12/2018,3,46.68,2018-12-10,2018-12-10T03:00:00.000000+0100
10/12/2018,4,44.12,2018-12-10,2018-12-10T04:00:00.000000+0100
10/12/2018,5,42.06,2018-12-10,2018-12-10T05:00:00.000000+0100
10/12/2018,6,36.09,2018-12-10,2018-12-10T06:00:00.000000+0100
10/12/2018,7,35.04,2018-12-10,2018-12-10T07:00:00.000000+0100
10/12/2018,8,33.2,2018-12-10,2018-12-10T08:00:00.000000+0100
10/12/2018,9,32.23,2018-12-10,2018-12-10T09:00:00.000000+0100
10/12/2018,10,32.49,2018-12-10,2018-12-10T10:00:00.000000+0100
10/12/2018,11,36.12,2018-12-10,2018-12-10T11:00:00.000000+0100
10/12/2018,12,43.58,2018-12-10,2018-12-10T12:00:00.000000+0100
10/12/2018,13,45.94,2018-12-10,2018-12-10T13:00:00.000000+0100
10/12/2018,14,47.95,2018-12-10,2018-12-10T14:00:00.000000+0100
10/12/2018,15,51.5,2018-12-10,2018-12-10T15:00:00.000000+0100
10/12/2018,16,51.03,2018-12-10,2018-12-10T16:00:00.000000+0100
10/12/2018,17,51.03,2018-12-10,2018-12-10T17:00:00.000000+0100
10/12/2018,18,48.75,2018-12-10,2018-12-10T18:00:00.000000+0100
10/12/2018,19,49.15,2018-12-10,2018-12-10T19:00:00.000000+0100
10/12/2018,20,51.12,2018-12-10,2018-12-10T20:00:00.000000+0100
10/12/2018,21,55.35,2018-12-10,2018-12-10T21:00:00.000000+0100
10/12/2018,22,61.02,2018-12-10,2018-12-10T22:00:00.000000+0100
10/12/2018,23,62.52,2018-12-10,2018-12-10T23:00:00.000000+0100
10/12/2018,24,58.124,2018-12-10,2018-12-11T00:00:00.000000+0100
11/12/2018,1,58.176,2018-12-11,2018-12-11T01:00:00.000000+0100
11/12/2018,2,53.02,2018-12-11,2018-12-11T02:00:00.000000+0100
11/12/2018,3,48.75,2018-12-11,2018-12-11T03:00:00.000000+0100
11/12/2018,4,43.67,2018-12-11,2018-12-11T04:00:00.000000+0100
11/12/2018,5,42.02,2018-12-11,2018-12-11T05:00:00.000000+0100
11/12/2018,6,35.17,2018-12-11,2018-12-11T06:00:00.000000+0100
11/12/2018,7,32.55,2018-12-11,2018-12-11T07:00:00.000000+0100
11/12/2018,8,32.78,2018-12-11,2018-12-11T08:00:00.000000+0100
11/12/2018,9,32.55,2018-12-11,2018-12-11T09:00:00.000000+0100
11/12/2018,10,36.12,2018-12-11,2018-12-11T10:00:00.000000+0100
11/12/2018,11,48.38,2018-12-11,2018-12-11T11:00:00.000000+0100
11/12/2018,12,54.21,2018-12-11,2018-12-11T12:00:00.000000+0100
11/12/2018,13,61.37,2018-12-11,2018-12-11T13:00:00.000000+0100
11/12/2018,14,56.02,2018-12-11,2018-12-11T14:00:00.000000+0100
11/12/2018,15,54.61,2018-12-11,2018-12-11T15:00:00.000000+0100
11/12/2018,16,53.79,2018-12-11,2018-12-11T16:00:00.000000+0100
11/12/2018,17,51.35,2018-12-11,2018-12-11T17:00:00.000000+0100
11/12/2018,18,51.6,2018-12-11,2018-12-11T18:00:00.000000+0100
11/12/2018,19,53.79,2018-12-11,2018-12-11T19:00:00.000000+0100
11/12/2018,20,56.35,2018-12-11,2018-12-11T20:00:00.000000+0100
11/12/2018,21,61.37,2018-12-11,2018-12-11T21:00:00.000000+0100
11/12/2018,22,65.02,2018-12-11,2018-12-11T22:00:00.000000+0100
11/12/2018,23,60.02,2018-12-11,2018-12-11T23:00:00.000000+0100
11/12/2018,24,56.71,2018-12-11,2018-12-12T00:00:00.000000+0100
12/12/2018,1,54.02,2018-12-12,2018-12-12T01:00:00.000000+0100
12/12/2018,2,52.67,2018-12-12,2018-12-12T02:00:00.000000+0100
12/12/2018,3,51.62,2018-12-12,2018-12-12T03:00:00.000000+0100
12/12/2018,4,47.29,2018-12-12,2018-12-12T04:00:00.000000+0100
12/12/2018,5,44.83,2018-12-12,2018-12-12T05:00:00.000000+0100
12/12/2018,6,42.67,2018-12-12,2018-12-12T06:00:00.000000+0100
12/12/2018,7,37.02,2018-12-12,2018-12-12T07:00:00.000000+0100
12/12/2018,8,32.01,2018-12-12,2018-12-12T08:00:00.000000+0100
12/12/2018,9,32.01,2018-12-12,2018-12-12T09:00:00.000000+0100
12/12/2018,10,40.02,2018-12-12,2018-12-12T10:00:00.000000+0100
12/12/2018,11,47.12,2018-12-12,2018-12-12T11:00:00.000000+0100
12/12/2018,12,51.02,2018-12-12,2018-12-12T12:00:00.000000+0100
12/12/2018,13,66.03,2018-12-12,2018-12-12T13:00:00.000000+0100
12/12/2018,14,68.02,2018-12-12,2018-12-12T14:00:00.000000+0100
12/12/2018,15,66.02,2018-12-12,2018-12-12T15:00:00.000000+0100
12/12/2018,16,59.17,2018-12-12,2018-12-12T16:00:00.000000+0100
12/12/2018,17,54.36,2018-12-12,2018-12-12T17:00:00.000000+0100
12/12/2018,18,54.25,2018-12-12,2018-12-12T18:00:00.000000+0100
12/12/2018,19,58.06,2018-12-12,2018-12-12T19:00:00.000000+0100
12/12/2018,20,60.02,2018-12-12,2018-12-12T20:00:00.000000+0100
12/12/2018,21,58.04,2018-12-12,2018-12-12T21:00:00.000000+0100
12/12/2018,22,58.04,2018-12-12,2018-12-12T22:00:00.000000+0100
12/12/2018,23,55.71,2018-12-12,2018-12-12T23:00:00.000000+0100
12/12/2018,24,54.39,2018-12-12,2018-12-13T00:00:00.000000+0100
13/12/2018,1,51.6,2018-12-13,2018-12-13T01:00:00.000000+0100
13/12/2018,2,49.42,2018-12-13,2018-12-13T02:00:00.000000+0100
13/12/2018,3,44.25,2018-12-13,2018-12-13T03:00:00.000000+0100
13/12/2018,4,43.22,2018-12-13,2018-12-13T04:00:00.000000+0100
13/12/2018,5,38.14,2018-12-13,2018-12-13T05:00:00.000000+0100
13/12/2018,6,34.22,2018-12-13,2018-12-13T06:00:00.000000+0100
13/12/2018,7,31.02,2018-12-13,2018-12-13T07:00:00.000000+0100
13/12/2018,8,29.83,2018-12-13,2018-12-13T08:00:00.000000+0100
13/12/2018,9,31.02,2018-12-13,2018-12-13T09:00:00.000000+0100
13/12/2018,10,40.02,2018-12-13,2018-12-13T10:00:00.000000+0100
13/12/2018,11,49.18,2018-12-13,2018-12-13T11:00:00.000000+0100
13/12/2018,12,50.21,2018-12-13,2018-12-13T12:00:00.000000+0100
13/12/2018,13,55.02,2018-12-13,2018-12-13T13:00:00.000000+0100
13/12/2018,14,52.64,2018-12-13,2018-12-13T14:00:00.000000+0100
13/12/2018,15,52.102,2018-12-13,2018-12-13T15:00:00.000000+0100
13/12/2018,16,51.67,2018-12-13,2018-12-13T16:00:00.000000+0100
13/12/2018,17,49.82,2018-12-13,2018-12-13T17:00:00.000000+0100
13/12/2018,18,50.02,2018-12-13,2018-12-13T18:00:00.000000+0100
13/12/2018,19,51.26,2018-12-13,2018-12-13T19:00:00.000000+0100
13/12/2018,20,51.325,2018-12-13,2018-12-13T20:00:00.000000+0100
13/12/2018,21,53.07,2018-12-13,2018-12-13T21:00:00.000000+0100
13/12/2018,22,59.74,2018-12-13,2018-12-13T22:00:00.000000+0100
13/12/2018,23,56.55,2018-12-13,2018-12-13T23:00:00.000000+0100
13/12/2018,24,55.37,2018-12-13,2018-12-14T00:00:00.000000+0100
14/12/2018,1,50.02,2018-12-14,2018-12-14T01:00:00.000000+0100
14/12/2018,2,48.82,2018-12-14,2018-12-14T02:00:00.000000+0100
14/12/2018,3,45.16,2018-12-14,2018-12-14T03:00:00.000000+0100
14/12/2018,4,43.74,2018-12-14,2018-12-14T04:00:00.000000+0100
14/12/2018,5,43.8,2018-12-14,2018-12-14T05:00:00.000000+0100
14/12/2018,6,40.22,2018-12-14,2018-12-14T06:00:00.000000+0100
14/12/2018,7,39.02,2018-12-14,2018-12-14T07:00:00.000000+0100
14/12/2018,8,37.29,2018-12-14,2018-12-14T08:00:00.000000+0100
14/12/2018,9,39.02,2018-12-14,2018-12-14T09:00:00.000000+0100
14/12/2018,10,43.48,2018-12-14,2018-12-14T10:00:00.000000+0100
14/12/2018,11,49.02,2018-12-14,2018-12-14T11:00:00.000000+0100
14/12/2018,12,54.86,2018-12-14,2018-12-14T12:00:00.000000+0100
14/12/2018,13,60.44,2018-12-14,2018-12-14T13:00:00.000000+0100
14/12/2018,14,55.1,2018-12-14,2018-12-14T14:00:00.000000+0100
14/12/2018,15,53.58,2018-12-14,2018-12-14T15:00:00.000000+0100
14/12/2018,16,51.67,2018-12-14,2018-12-14T16:00:00.000000+0100
14/12/2018,17,49.02,2018-12-14,2018-12-14T17:00:00.000000+0100
14/12/2018,18,48.02,2018-12-14,2018-12-14T18:00:00.000000+0100
14/12/2018,19,50.68,2018-12-14,2018-12-14T19:00:00.000000+0100
14/12/2018,20,50.65,2018-12-14,2018-12-14T20:00:00.000000+0100
14/12/2018,21,52.58,2018-12-14,2018-12-14T21:00:00.000000+0100
14/12/2018,22,55.63,2018-12-14,2018-12-14T22:00:00.000000+0100
14/12/2018,23,52.71,2018-12-14,2018-12-14T23:00:00.000000+0100
14/12/2018,24,51.36,2018-12-14,2018-12-15T00:00:00.000000+0100
15/12/2018,1,48.88,2018-12-15,2018-12-15T01:00:00.000000+0100
15/12/2018,2,46.8,2018-12-15,2018-12-15T02:00:00.000000+0100
15/12/2018,3,44.48,2018-12-15,2018-12-15T03:00:00.000000+0100
15/12/2018,4,43.86,2018-12-15,2018-12-15T04:00:00.000000+0100
15/12/2018,5,43.96,2018-12-15,2018-12-15T05:00:00.000000+0100
15/12/2018,6,38.34,2018-12-15,2018-12-15T06:00:00.000000+0100
15/12/2018,7,33.48,2018-12-15,2018-12-15T07:00:00.000000+0100
15/12/2018,8,34.32,2018-12-15,2018-12-15T08:00:00.000000+0100
15/12/2018,9,33.32,2018-12-15,2018-12-15T09:00:00.000000+0100
15/12/2018,10,38.35,2018-12-15,2018-12-15T10:00:00.000000+0100
15/12/2018,11,44.09,2018-12-15,2018-12-15T11:00:00.000000+0100
15/12/2018,12,53.78,2018-12-15,2018-12-15T12:00:00.000000+0100
15/12/2018,13,62.84,2018-12-15,2018-12-15T13:00:00.000000+0100
15/12/2018,14,58.07,2018-12-15,2018-12-15T14:00:00.000000+0100
15/12/2018,15,56.19,2018-12-15,2018-12-15T15:00:00.000000+0100
15/12/2018,16,56.3,2018-12-15,2018-12-15T16:00:00.000000+0100
15/12/2018,17,48.59,2018-12-15,2018-12-15T17:00:00.000000+0100
15/12/2018,18,48.52,2018-12-15,2018-12-15T18:00:00.000000+0100
15/12/2018,19,50.92,2018-12-15,2018-12-15T19:00:00.000000+0100
15/12/2018,20,54.96,2018-12-15,2018-12-15T20:00:00.000000+0100
15/12/2018,21,57.44,2018-12-15,2018-12-15T21:00:00.000000+0100
15/12/2018,22,66.36,2018-12-15,2018-12-15T22:00:00.000000+0100
15/12/2018,23,66.36,2018-12-15,2018-12-15T23:00:00.000000+0100
15/12/2018,24,62.58,2018-12-15,2018-12-16T00:00:00.000000+0100
16/12/2018,1,53.32,2018-12-16,2018-12-16T01:00:00.000000+0100
16/12/2018,2,48.82,2018-12-16,2018-12-16T02:00:00.000000+0100
16/12/2018,3,46.8,2018-12-16,2018-12-16T03:00:00.000000+0100
16/12/2018,4,43.156,2018-12-16,2018-12-16T04:00:00.000000+0100
16/12/2018,5,43.209,2018-12-16,2018-12-16T05:00:00.000000+0100
16/12/2018,6,42.6,2018-12-16,2018-12-16T06:00:00.000000+0100
16/12/2018,7,41.72,2018-12-16,2018-12-16T07:00:00.000000+0100
16/12/2018,8,41.77,2018-12-16,2018-12-16T08:00:00.000000+0100
16/12/2018,9,41.31,2018-12-16,2018-12-16T09:00:00.000000+0100
16/12/2018,10,41.5,2018-12-16,2018-12-16T10:00:00.000000+0100
16/12/2018,11,48.29,2018-12-16,2018-12-16T11:00:00.000000+0100
16/12/2018,12,50.63,2018-12-16,2018-12-16T12:00:00.000000+0100
16/12/2018,13,55.73,2018-12-16,2018-12-16T13:00:00.000000+0100
16/12/2018,14,53.36,2018-12-16,2018-12-16T14:00:00.000000+0100
16/12/2018,15,50.43,2018-12-16,2018-12-16T15:00:00.000000+0100
16/12/2018,16,47.02,2018-12-16,2018-12-16T16:00:00.000000+0100
16/12/2018,17,45.5,2018-12-16,2018-12-16T17:00:00.000000+0100
16/12/2018,18,44.77,2018-12-16,2018-12-16T18:00:00.000000+0100
16/12/2018,19,45.59,2018-12-16,2018-12-16T19:00:00.000000+0100
16/12/2018,20,48.73,2018-12-16,2018-12-16T20:00:00.000000+0100
16/12/2018,21,50.62,2018-12-16,2018-12-16T21:00:00.000000+0100
16/12/2018,22,67.82,2018-12-16,2018-12-16T22:00:00.000000+0100
16/12/2018,23,66.102,2018-12-16,2018-12-16T23:00:00.000000+0100
16/12/2018,24,66.103,2018-12-16,2018-12-17T00:00:00.000000+0100
17/12/2018,1,53.36,2018-12-17,2018-12-17T01:00:00.000000+0100
17/12/2018,2,50.12,2018-12-17,2018-12-17T02:00:00.000000+0100
17/12/2018,3,45.03,2018-12-17,2018-12-17T03:00:00.000000+0100
17/12/2018,4,41.87,2018-12-17,2018-12-17T04:00:00.000000+0100
17/12/2018,5,38.77,2018-12-17,2018-12-17T05:00:00.000000+0100
17/12/2018,6,34.101,2018-12-17,2018-12-17T06:00:00.000000+0100
17/12/2018,7,30.02,2018-12-17,2018-12-17T07:00:00.000000+0100
17/12/2018,8,27.73,2018-12-17,2018-12-17T08:00:00.000000+0100
17/12/2018,9,25.58,2018-12-17,2018-12-17T09:00:00.000000+0100
17/12/2018,10,27.7,2018-12-17,2018-12-17T10:00:00.000000+0100
17/12/2018,11,28.49,2018-12-17,2018-12-17T11:00:00.000000+0100
17/12/2018,12,32.58,2018-12-17,2018-12-17T12:00:00.000000+0100
17/12/2018,13,36.15,2018-12-17,2018-12-17T13:00:00.000000+0100
17/12/2018,14,44.02,2018-12-17,2018-12-17T14:00:00.000000+0100
17/12/2018,15,46.42,2018-12-17,2018-12-17T15:00:00.000000+0100
17/12/2018,16,45.56,2018-12-17,2018-12-17T16:00:00.000000+0100
17/12/2018,17,43.15,2018-12-17,2018-12-17T17:00:00.000000+0100
17/12/2018,18,37.79,2018-12-17,2018-12-17T18:00:00.000000+0100
17/12/2018,19,38.76,2018-12-17,2018-12-17T19:00:00.000000+0100
17/12/2018,20,43.45,2018-12-17,2018-12-17T20:00:00.000000+0100
17/12/2018,21,48.17,2018-12-17,2018-12-17T21:00:00.000000+0100
17/12/2018,22,53.36,2018-12-17,2018-12-17T22:00:00.000000+0100
17/12/2018,23,51.92,2018-12-17,2018-12-17T23:00:00.000000+0100
17/12/2018,24,53.36,2018-12-17,2018-12-18T00:00:00.000000+0100
18/12/2018,1,50.43,2018-12-18,2018-12-18T01:00:00.000000+0100
18/12/2018,2,49.93,2018-12-18,2018-12-18T02:00:00.000000+0100
18/12/2018,3,45.1,2018-12-18,2018-12-18T03:00:00.000000+0100
18/12/2018,4,37.02,2018-12-18,2018-12-18T04:00:00.000000+0100
18/12/2018,5,27.08,2018-12-18,2018-12-18T05:00:00.000000+0100
18/12/2018,6,20.02,2018-12-18,2018-12-18T06:00:00.000000+0100
18/12/2018,7,16.24,2018-12-18,2018-12-18T07:00:00.000000+0100
18/12/2018,8,12.9,2018-12-18,2018-12-18T08:00:00.000000+0100
18/12/2018,9,15.86,2018-12-18,2018-12-18T09:00:00.000000+0100
18/12/2018,10,33.02,2018-12-18,2018-12-18T10:00:00.000000+0100
18/12/2018,11,44.67,2018-12-18,2018-12-18T11:00:00.000000+0100
18/12/2018,12,48.17,2018-12-18,2018-12-18T12:00:00.000000+0100
18/12/2018,13,51.7,2018-12-18,2018-12-18T13:00:00.000000+0100
18/12/2018,14,50.41,2018-12-18,2018-12-18T14:00:00.000000+0100
18/12/2018,15,48.129,2018-12-18,2018-12-18T15:00:00.000000+0100
18/12/2018,16,48.185,2018-12-18,2018-12-18T16:00:00.000000+0100
18/12/2018,17,47.156,2018-12-18,2018-12-18T17:00:00.000000+0100
18/12/2018,18,47.195,2018-12-18,2018-12-18T18:00:00.000000+0100
18/12/2018,19,48.97,2018-12-18,2018-12-18T19:00:00.000000+0100
18/12/2018,20,50.22,2018-12-18,2018-12-18T20:00:00.000000+0100
18/12/2018,21,55.71,2018-12-18,2018-12-18T21:00:00.000000+0100
18/12/2018,22,66.1,2018-12-18,2018-12-18T22:00:00.000000+0100
18/12/2018,23,67.02,2018-12-18,2018-12-18T23:00:00.000000+0100
18/12/2018,24,57.34,2018-12-18,2018-12-19T00:00:00.000000+0100
19/12/2018,1,50.96,2018-12-19,2018-12-19T01:00:00.000000+0100
19/12/2018,2,49.93,2018-12-19,2018-12-19T02:00:00.000000+0100
19/12/2018,3,47.12,2018-12-19,2018-12-19T03:00:00.000000+0100
19/12/2018,4,44.67,2018-12-19,2018-12-19T04:00:00.000000+0100
19/12/2018,5,47.02,2018-12-19,2018-12-19T05:00:00.000000+0100
19/12/2018,6,43.76,2018-12-19,2018-12-19T06:00:00.000000+0100
19/12/2018,7,43.23,2018-12-19,2018-12-19T07:00:00.000000+0100
19/12/2018,8,43.28,2018-12-19,2018-12-19T08:00:00.000000+0100
19/12/2018,9,43.16,2018-12-19,2018-12-19T09:00:00.000000+0100
19/12/2018,10,44.08,2018-12-19,2018-12-19T10:00:00.000000+0100
19/12/2018,11,52.64,2018-12-19,2018-12-19T11:00:00.000000+0100
19/12/2018,12,66.15,2018-12-19,2018-12-19T12:00:00.000000+0100
19/12/2018,13,72.61,2018-12-19,2018-12-19T13:00:00.000000+0100
19/12/2018,14,64.19,2018-12-19,2018-12-19T14:00:00.000000+0100
19/12/2018,15,52.57,2018-12-19,2018-12-19T15:00:00.000000+0100
19/12/2018,16,48.93,2018-12-19,2018-12-19T16:00:00.000000+0100
19/12/2018,17,45.5,2018-12-19,2018-12-19T17:00:00.000000+0100
19/12/2018,18,45.4,2018-12-19,2018-12-19T18:00:00.000000+0100
19/12/2018,19,46.46,2018-12-19,2018-12-19T19:00:00.000000+0100
19/12/2018,20,48.17,2018-12-19,2018-12-19T20:00:00.000000+0100
19/12/2018,21,52.57,2018-12-19,2018-12-19T21:00:00.000000+0100
19/12/2018,22,59.4,2018-12-19,2018-12-19T22:00:00.000000+0100
19/12/2018,23,58.02,2018-12-19,2018-12-19T23:00:00.000000+0100
19/12/2018,24,54.101,2018-12-19,2018-12-20T00:00:00.000000+0100
20/12/2018,1,50.21,2018-12-20,2018-12-20T01:00:00.000000+0100
20/12/2018,2,47.27,2018-12-20,2018-12-20T02:00:00.000000+0100
20/12/2018,3,47.36,2018-12-20,2018-12-20T03:00:00.000000+0100
20/12/2018,4,43.3,2018-12-20,2018-12-20T04:00:00.000000+0100
20/12/2018,5,44.68,2018-12-20,2018-12-20T05:00:00.000000+0100
20/12/2018,6,41.98,2018-12-20,2018-12-20T06:00:00.000000+0100
20/12/2018,7,39.52,2018-12-20,2018-12-20T07:00:00.000000+0100
20/12/2018,8,40.0,2018-12-20,2018-12-20T08:00:00.000000+0100
20/12/2018,9,40.0,2018-12-20,2018-12-20T09:00:00.000000+0100
20/12/2018,10,42.75,2018-12-20,2018-12-20T10:00:00.000000+0100
20/12/2018,11,49.1,2018-12-20,2018-12-20T11:00:00.000000+0100
20/12/2018,12,50.34,2018-12-20,2018-12-20T12:00:00.000000+0100
20/12/2018,13,61.68,2018-12-20,2018-12-20T13:00:00.000000+0100
20/12/2018,14,51.9,2018-12-20,2018-12-20T14:00:00.000000+0100
20/12/2018,15,48.62,2018-12-20,2018-12-20T15:00:00.000000+0100
20/12/2018,16,46.9,2018-12-20,2018-12-20T16:00:00.000000+0100
20/12/2018,17,46.0,2018-12-20,2018-12-20T17:00:00.000000+0100
20/12/2018,18,45.22,2018-12-20,2018-12-20T18:00:00.000000+0100
20/12/2018,19,48.51,2018-12-20,2018-12-20T19:00:00.000000+0100
20/12/2018,20,50.33,2018-12-20,2018-12-20T20:00:00.000000+0100
20/12/2018,21,61.68,2018-12-20,2018-12-20T21:00:00.000000+0100
20/12/2018,22,72.87,2018-12-20,2018-12-20T22:00:00.000000+0100
20/12/2018,23,72.87,2018-12-20,2018-12-20T23:00:00.000000+0100
20/12/2018,24,70.85,2018-12-20,2018-12-21T00:00:00.000000+0100
21/12/2018,1,54.84,2018-12-21,2018-12-21T01:00:00.000000+0100
21/12/2018,2,49.111,2018-12-21,2018-12-21T02:00:00.000000+0100
21/12/2018,3,49.155,2018-12-21,2018-12-21T03:00:00.000000+0100
21/12/2018,4,46.91,2018-12-21,2018-12-21T04:00:00.000000+0100
21/12/2018,5,47.28,2018-12-21,2018-12-21T05:00:00.000000+0100
21/12/2018,6,44.82,2018-12-21,2018-12-21T06:00:00.000000+0100
21/12/2018,7,43.3,2018-12-21,2018-12-21T07:00:00.000000+0100
21/12/2018,8,42.88,2018-12-21,2018-12-21T08:00:00.000000+0100
21/12/2018,9,43.03,2018-12-21,2018-12-21T09:00:00.000000+0100
21/12/2018,10,44.69,2018-12-21,2018-12-21T10:00:00.000000+0100
21/12/2018,11,50.84,2018-12-21,2018-12-21T11:00:00.000000+0100
21/12/2018,12,58.1,2018-12-21,2018-12-21T12:00:00.000000+0100
21/12/2018,13,71.56,2018-12-21,2018-12-21T13:00:00.000000+0100
21/12/2018,14,67.02,2018-12-21,2018-12-21T14:00:00.000000+0100
21/12/2018,15,51.147,2018-12-21,2018-12-21T15:00:00.000000+0100
21/12/2018,16,51.198,2018-12-21,2018-12-21T16:00:00.000000+0100
21/12/2018,17,49.105,2018-12-21,2018-12-21T17:00:00.000000+0100
21/12/2018,18,49.143,2018-12-21,2018-12-21T18:00:00.000000+0100
21/12/2018,19,50.59,2018-12-21,2018-12-21T19:00:00.000000+0100
21/12/2018,20,51.58,2018-12-21,2018-12-21T20:00:00.000000+0100
21/12/2018,21,58.02,2018-12-21,2018-12-21T21:00:00.000000+0100
21/12/2018,22,72.61,2018-12-21,2018-12-21T22:00:00.000000+0100
21/12/2018,23,71.25,2018-12-21,2018-12-21T23:00:00.000000+0100
21/12/2018,24,65.02,2018-12-21,2018-12-22T00:00:00.000000+0100
22/12/2018,1,51.24,2018-12-22,2018-12-22T01:00:00.000000+0100
22/12/2018,2,48.68,2018-12-22,2018-12-22T02:00:00.000000+0100
22/12/2018,3,46.89,2018-12-22,2018-12-22T03:00:00.000000+0100
22/12/2018,4,44.03,2018-12-22,2018-12-22T04:00:00.000000+0100
22/12/2018,5,46.26,2018-12-22,2018-12-22T05:00:00.000000+0100
22/12/2018,6,43.41,2018-12-22,2018-12-22T06:00:00.000000+0100
22/12/2018,7,42.65,2018-12-22,2018-12-22T07:00:00.000000+0100
22/12/2018,8,41.06,2018-12-22,2018-12-22T08:00:00.000000+0100
22/12/2018,9,42.25,2018-12-22,2018-12-22T09:00:00.000000+0100
22/12/2018,10,43.03,2018-12-22,2018-12-22T10:00:00.000000+0100
22/12/2018,11,47.32,2018-12-22,2018-12-22T11:00:00.000000+0100
22/12/2018,12,51.29,2018-12-22,2018-12-22T12:00:00.000000+0100
22/12/2018,13,57.12,2018-12-22,2018-12-22T13:00:00.000000+0100
22/12/2018,14,54.148,2018-12-22,2018-12-22T14:00:00.000000+0100
22/12/2018,15,54.198,2018-12-22,2018-12-22T15:00:00.000000+0100
22/12/2018,16,50.58,2018-12-22,2018-12-22T16:00:00.000000+0100
22/12/2018,17,50.85,2018-12-22,2018-12-22T17:00:00.000000+0100
22/12/2018,18,49.22,2018-12-22,2018-12-22T18:00:00.000000+0100
22/12/2018,19,48.98,2018-12-22,2018-12-22T19:00:00.000000+0100
22/12/2018,20,50.52,2018-12-22,2018-12-22T20:00:00.000000+0100
22/12/2018,21,53.88,2018-12-22,2018-12-22T21:00:00.000000+0100
22/12/2018,22,65.02,2018-12-22,2018-12-22T22:00:00.000000+0100
22/12/2018,23,64.2,2018-12-22,2018-12-22T23:00:00.000000+0100
22/12/2018,24,57.36,2018-12-22,2018-12-23T00:00:00.000000+0100
23/12/2018,1,50.52,2018-12-23,2018-12-23T01:00:00.000000+0100
23/12/2018,2,48.34,2018-12-23,2018-12-23T02:00:00.000000+0100
23/12/2018,3,46.94,2018-12-23,2018-12-23T03:00:00.000000+0100
23/12/2018,4,43.101,2018-12-23,2018-12-23T04:00:00.000000+0100
23/12/2018,5,46.98,2018-12-23,2018-12-23T05:00:00.000000+0100
23/12/2018,6,45.22,2018-12-23,2018-12-23T06:00:00.000000+0100
23/12/2018,7,42.35,2018-12-23,2018-12-23T07:00:00.000000+0100
23/12/2018,8,41.35,2018-12-23,2018-12-23T08:00:00.000000+0100
23/12/2018,9,41.35,2018-12-23,2018-12-23T09:00:00.000000+0100
23/12/2018,10,41.66,2018-12-23,2018-12-23T10:00:00.000000+0100
23/12/2018,11,46.02,2018-12-23,2018-12-23T11:00:00.000000+0100
23/12/2018,12,49.117,2018-12-23,2018-12-23T12:00:00.000000+0100
23/12/2018,13,49.123,2018-12-23,2018-12-23T13:00:00.000000+0100
23/12/2018,14,50.02,2018-12-23,2018-12-23T14:00:00.000000+0100
23/12/2018,15,49.81,2018-12-23,2018-12-23T15:00:00.000000+0100
23/12/2018,16,46.75,2018-12-23,2018-12-23T16:00:00.000000+0100
23/12/2018,17,43.95,2018-12-23,2018-12-23T17:00:00.000000+0100
23/12/2018,18,42.92,2018-12-23,2018-12-23T18:00:00.000000+0100
23/12/2018,19,43.48,2018-12-23,2018-12-23T19:00:00.000000+0100
23/12/2018,20,45.31,2018-12-23,2018-12-23T20:00:00.000000+0100
23/12/2018,21,47.32,2018-12-23,2018-12-23T21:00:00.000000+0100
23/12/2018,22,50.05,2018-12-23,2018-12-23T22:00:00.000000+0100
23/12/2018,23,51.69,2018-12-23,2018-12-23T23:00:00.000000+0100
23/12/2018,24,52.28,2018-12-23,2018-12-24T00:00:00.000000+0100
24/12/2018,1,50.06,2018-12-24,2018-12-24T01:00:00.000000+0100
24/12/2018,2,47.12,2018-12-24,2018-12-24T02:00:00.000000+0100
24/12/2018,3,44.82,2018-12-24,2018-12-24T03:00:00.000000+0100
24/12/2018,4,42.35,2018-12-24,2018-12-24T04:00:00.000000+0100
24/12/2018,5,46.06,2018-12-24,2018-12-24T05:00:00.000000+0100
24/12/2018,6,43.68,2018-12-24,2018-12-24T06:00:00.000000+0100
24/12/2018,7,42.08,2018-12-24,2018-12-24T07:00:00.000000+0100
24/12/2018,8,41.27,2018-12-24,2018-12-24T08:00:00.000000+0100
24/12/2018,9,38.71,2018-12-24,2018-12-24T09:00:00.000000+0100
24/12/2018,10,40.72,2018-12-24,2018-12-24T10:00:00.000000+0100
24/12/2018,11,42.33,2018-12-24,2018-12-24T11:00:00.000000+0100
24/12/2018,12,43.258,2018-12-24,2018-12-24T12:00:00.000000+0100
24/12/2018,13,43.311,2018-12-24,2018-12-24T13:00:00.000000+0100
24/12/2018,14,45.34,2018-12-24,2018-12-24T14:00:00.000000+0100
24/12/2018,15,45.32,2018-12-24,2018-12-24T15:00:00.000000+0100
24/12/2018,16,44.63,2018-12-24,2018-12-24T16:00:00.000000+0100
24/12/2018,17,43.48,2018-12-24,2018-12-24T17:00:00.000000+0100
24/12/2018,18,42.202,2018-12-24,2018-12-24T18:00:00.000000+0100
24/12/2018,19,42.237,2018-12-24,2018-12-24T19:00:00.000000+0100
24/12/2018,20,43.57,2018-12-24,2018-12-24T20:00:00.000000+0100
24/12/2018,21,46.66,2018-12-24,2018-12-24T21:00:00.000000+0100
24/12/2018,22,47.8,2018-12-24,2018-12-24T22:00:00.000000+0100
24/12/2018,23,53.16,2018-12-24,2018-12-24T23:00:00.000000+0100
24/12/2018,24,57.08,2018-12-24,2018-12-25T00:00:00.000000+0100
25/12/2018,1,51.72,2018-12-25,2018-12-25T01:00:00.000000+0100
25/12/2018,2,49.95,2018-12-25,2018-12-25T02:00:00.000000+0100
25/12/2018,3,47.47,2018-12-25,2018-12-25T03:00:00.000000+0100
25/12/2018,4,43.48,2018-12-25,2018-12-25T04:00:00.000000+0100
25/12/2018,5,40.42,2018-12-25,2018-12-25T05:00:00.000000+0100
25/12/2018,6,37.41,2018-12-25,2018-12-25T06:00:00.000000+0100
25/12/2018,7,36.62,2018-12-25,2018-12-25T07:00:00.000000+0100
25/12/2018,8,35.02,2018-12-25,2018-12-25T08:00:00.000000+0100
25/12/2018,9,36.62,2018-12-25,2018-12-25T09:00:00.000000+0100
25/12/2018,10,41.31,2018-12-25,2018-12-25T10:00:00.000000+0100
25/12/2018,11,49.71,2018-12-25,2018-12-25T11:00:00.000000+0100
25/12/2018,12,55.76,2018-12-25,2018-12-25T12:00:00.000000+0100
25/12/2018,13,56.57,2018-12-25,2018-12-25T13:00:00.000000+0100
25/12/2018,14,55.02,2018-12-25,2018-12-25T14:00:00.000000+0100
25/12/2018,15,51.62,2018-12-25,2018-12-25T15:00:00.000000+0100
25/12/2018,16,49.73,2018-12-25,2018-12-25T16:00:00.000000+0100
25/12/2018,17,47.48,2018-12-25,2018-12-25T17:00:00.000000+0100
25/12/2018,18,48.02,2018-12-25,2018-12-25T18:00:00.000000+0100
25/12/2018,19,49.26,2018-12-25,2018-12-25T19:00:00.000000+0100
25/12/2018,20,51.82,2018-12-25,2018-12-25T20:00:00.000000+0100
25/12/2018,21,55.8,2018-12-25,2018-12-25T21:00:00.000000+0100
25/12/2018,22,60.16,2018-12-25,2018-12-25T22:00:00.000000+0100
25/12/2018,23,62.72,2018-12-25,2018-12-25T23:00:00.000000+0100
25/12/2018,24,55.81,2018-12-25,2018-12-26T00:00:00.000000+0100
26/12/2018,1,52.2,2018-12-26,2018-12-26T01:00:00.000000+0100
26/12/2018,2,49.72,2018-12-26,2018-12-26T02:00:00.000000+0100
26/12/2018,3,49.96,2018-12-26,2018-12-26T03:00:00.000000+0100
26/12/2018,4,45.52,2018-12-26,2018-12-26T04:00:00.000000+0100
26/12/2018,5,43.45,2018-12-26,2018-12-26T05:00:00.000000+0100
26/12/2018,6,40.08,2018-12-26,2018-12-26T06:00:00.000000+0100
26/12/2018,7,37.72,2018-12-26,2018-12-26T07:00:00.000000+0100
26/12/2018,8,36.07,2018-12-26,2018-12-26T08:00:00.000000+0100
26/12/2018,9,36.07,2018-12-26,2018-12-26T09:00:00.000000+0100
26/12/2018,10,39.32,2018-12-26,2018-12-26T10:00:00.000000+0100
26/12/2018,11,45.98,2018-12-26,2018-12-26T11:00:00.000000+0100
26/12/2018,12,49.02,2018-12-26,2018-12-26T12:00:00.000000+0100
26/12/2018,13,51.1,2018-12-26,2018-12-26T13:00:00.000000+0100
26/12/2018,14,52.72,2018-12-26,2018-12-26T14:00:00.000000+0100
26/12/2018,15,49.52,2018-12-26,2018-12-26T15:00:00.000000+0100
26/12/2018,16,48.81,2018-12-26,2018-12-26T16:00:00.000000+0100
26/12/2018,17,46.129,2018-12-26,2018-12-26T17:00:00.000000+0100
26/12/2018,18,46.147,2018-12-26,2018-12-26T18:00:00.000000+0100
26/12/2018,19,48.282,2018-12-26,2018-12-26T19:00:00.000000+0100
26/12/2018,20,48.346,2018-12-26,2018-12-26T20:00:00.000000+0100
26/12/2018,21,52.9,2018-12-26,2018-12-26T21:00:00.000000+0100
26/12/2018,22,55.64,2018-12-26,2018-12-26T22:00:00.000000+0100
26/12/2018,23,57.99,2018-12-26,2018-12-26T23:00:00.000000+0100
26/12/2018,24,53.8,2018-12-26,2018-12-27T00:00:00.000000+0100
27/12/2018,1,48.82,2018-12-27,2018-12-27T01:00:00.000000+0100
27/12/2018,2,46.77,2018-12-27,2018-12-27T02:00:00.000000+0100
27/12/2018,3,45.02,2018-12-27,2018-12-27T03:00:00.000000+0100
27/12/2018,4,44.02,2018-12-27,2018-12-27T04:00:00.000000+0100
27/12/2018,5,45.17,2018-12-27,2018-12-27T05:00:00.000000+0100
27/12/2018,6,42.92,2018-12-27,2018-12-27T06:00:00.000000+0100
27/12/2018,7,43.94,2018-12-27,2018-12-27T07:00:00.000000+0100
27/12/2018,8,43.94,2018-12-27,2018-12-27T08:00:00.000000+0100
27/12/2018,9,45.195,2018-12-27,2018-12-27T09:00:00.000000+0100
27/12/2018,10,45.24,2018-12-27,2018-12-27T10:00:00.000000+0100
27/12/2018,11,48.55,2018-12-27,2018-12-27T11:00:00.000000+0100
27/12/2018,12,55.41,2018-12-27,2018-12-27T12:00:00.000000+0100
27/12/2018,13,60.86,2018-12-27,2018-12-27T13:00:00.000000+0100
27/12/2018,14,60.86,2018-12-27,2018-12-27T14:00:00.000000+0100
27/12/2018,15,54.71,2018-12-27,2018-12-27T15:00:00.000000+0100
27/12/2018,16,50.9,2018-12-27,2018-12-27T16:00:00.000000+0100
27/12/2018,17,48.0,2018-12-27,2018-12-27T17:00:00.000000+0100
27/12/2018,18,48.0,2018-12-27,2018-12-27T18:00:00.000000+0100
27/12/2018,19,48.95,2018-12-27,2018-12-27T19:00:00.000000+0100
27/12/2018,20,49.3,2018-12-27,2018-12-27T20:00:00.000000+0100
27/12/2018,21,57.02,2018-12-27,2018-12-27T21:00:00.000000+0100
27/12/2018,22,61.58,2018-12-27,2018-12-27T22:00:00.000000+0100
27/12/2018,23,60.02,2018-12-27,2018-12-27T23:00:00.000000+0100
27/12/2018,24,54.02,2018-12-27,2018-12-28T00:00:00.000000+0100
28/12/2018,1,49.52,2018-12-28,2018-12-28T01:00:00.000000+0100
28/12/2018,2,47.82,2018-12-28,2018-12-28T02:00:00.000000+0100
28/12/2018,3,45.47,2018-12-28,2018-12-28T03:00:00.000000+0100
28/12/2018,4,43.244,2018-12-28,2018-12-28T04:00:00.000000+0100
28/12/2018,5,43.327,2018-12-28,2018-12-28T05:00:00.000000+0100
28/12/2018,6,39.87,2018-12-28,2018-12-28T06:00:00.000000+0100
28/12/2018,7,37.33,2018-12-28,2018-12-28T07:00:00.000000+0100
28/12/2018,8,37.5,2018-12-28,2018-12-28T08:00:00.000000+0100
28/12/2018,9,37.9,2018-12-28,2018-12-28T09:00:00.000000+0100
28/12/2018,10,40.18,2018-12-28,2018-12-28T10:00:00.000000+0100
28/12/2018,11,46.47,2018-12-28,2018-12-28T11:00:00.000000+0100
28/12/2018,12,51.02,2018-12-28,2018-12-28T12:00:00.000000+0100
28/12/2018,13,52.25,2018-12-28,2018-12-28T13:00:00.000000+0100
28/12/2018,14,50.229,2018-12-28,2018-12-28T14:00:00.000000+0100
28/12/2018,15,50.285,2018-12-28,2018-12-28T15:00:00.000000+0100
28/12/2018,16,49.72,2018-12-28,2018-12-28T16:00:00.000000+0100
28/12/2018,17,47.2,2018-12-28,2018-12-28T17:00:00.000000+0100
28/12/2018,18,43.101,2018-12-28,2018-12-28T18:00:00.000000+0100
28/12/2018,19,49.11,2018-12-28,2018-12-28T19:00:00.000000+0100
28/12/2018,20,49.123,2018-12-28,2018-12-28T20:00:00.000000+0100
28/12/2018,21,50.25,2018-12-28,2018-12-28T21:00:00.000000+0100
28/12/2018,22,52.96,2018-12-28,2018-12-28T22:00:00.000000+0100
28/12/2018,23,53.91,2018-12-28,2018-12-28T23:00:00.000000+0100
28/12/2018,24,52.48,2018-12-28,2018-12-29T00:00:00.000000+0100
29/12/2018,1,49.13,2018-12-29,2018-12-29T01:00:00.000000+0100
29/12/2018,2,47.07,2018-12-29,2018-12-29T02:00:00.000000+0100
29/12/2018,3,44.79,2018-12-29,2018-12-29T03:00:00.000000+0100
29/12/2018,4,43.07,2018-12-29,2018-12-29T04:00:00.000000+0100
29/12/2018,5,41.06,2018-12-29,2018-12-29T05:00:00.000000+0100
29/12/2018,6,38.91,2018-12-29,2018-12-29T06:00:00.000000+0100
29/12/2018,7,37.62,2018-12-29,2018-12-29T07:00:00.000000+0100
29/12/2018,8,33.37,2018-12-29,2018-12-29T08:00:00.000000+0100
29/12/2018,9,37.62,2018-12-29,2018-12-29T09:00:00.000000+0100
29/12/2018,10,40.51,2018-12-29,2018-12-29T10:00:00.000000+0100
29/12/2018,11,44.66,2018-12-29,2018-12-29T11:00:00.000000+0100
29/12/2018,12,53.02,2018-12-29,2018-12-29T12:00:00.000000+0100
29/12/2018,13,56.63,2018-12-29,2018-12-29T13:00:00.000000+0100
29/12/2018,14,58.45,2018-12-29,2018-12-29T14:00:00.000000+0100
29/12/2018,15,58.23,2018-12-29,2018-12-29T15:00:00.000000+0100
29/12/2018,16,58.23,2018-12-29,2018-12-29T16:00:00.000000+0100
29/12/2018,17,52.42,2018-12-29,2018-12-29T17:00:00.000000+0100
29/12/2018,18,51.78,2018-12-29,2018-12-29T18:00:00.000000+0100
29/12/2018,19,54.02,2018-12-29,2018-12-29T19:00:00.000000+0100
29/12/2018,20,53.17,2018-12-29,2018-12-29T20:00:00.000000+0100
29/12/2018,21,52.8,2018-12-29,2018-12-29T21:00:00.000000+0100
29/12/2018,22,55.58,2018-12-29,2018-12-29T22:00:00.000000+0100
29/12/2018,23,56.71,2018-12-29,2018-12-29T23:00:00.000000+0100
29/12/2018,24,55.58,2018-12-29,2018-12-30T00:00:00.000000+0100
30/12/2018,1,51.27,2018-12-30,2018-12-30T01:00:00.000000+0100
30/12/2018,2,46.38,2018-12-30,2018-12-30T02:00:00.000000+0100
30/12/2018,3,44.49,2018-12-30,2018-12-30T03:00:00.000000+0100
30/12/2018,4,42.148,2018-12-30,2018-12-30T04:00:00.000000+0100
30/12/2018,5,42.174,2018-12-30,2018-12-30T05:00:00.000000+0100
30/12/2018,6,40.56,2018-12-30,2018-12-30T06:00:00.000000+0100
30/12/2018,7,36.56,2018-12-30,2018-12-30T07:00:00.000000+0100
30/12/2018,8,35.04,2018-12-30,2018-12-30T08:00:00.000000+0100
30/12/2018,9,33.75,2018-12-30,2018-12-30T09:00:00.000000+0100
30/12/2018,10,34.33,2018-12-30,2018-12-30T10:00:00.000000+0100
30/12/2018,11,42.03,2018-12-30,2018-12-30T11:00:00.000000+0100
30/12/2018,12,47.48,2018-12-30,2018-12-30T12:00:00.000000+0100
30/12/2018,13,48.92,2018-12-30,2018-12-30T13:00:00.000000+0100
30/12/2018,14,49.86,2018-12-30,2018-12-30T14:00:00.000000+0100
30/12/2018,15,49.87,2018-12-30,2018-12-30T15:00:00.000000+0100
30/12/2018,16,48.52,2018-12-30,2018-12-30T16:00:00.000000+0100
30/12/2018,17,46.33,2018-12-30,2018-12-30T17:00:00.000000+0100
30/12/2018,18,43.176,2018-12-30,2018-12-30T18:00:00.000000+0100
30/12/2018,19,43.238,2018-12-30,2018-12-30T19:00:00.000000+0100
30/12/2018,20,44.12,2018-12-30,2018-12-30T20:00:00.000000+0100
30/12/2018,21,46.96,2018-12-30,2018-12-30T21:00:00.000000+0100
30/12/2018,22,49.35,2018-12-30,2018-12-30T22:00:00.000000+0100
30/12/2018,23,50.56,2018-12-30,2018-12-30T23:00:00.000000+0100
30/12/2018,24,52.08,2018-12-30,2018-12-31T00:00:00.000000+0100
31/12/2018,1,49.02,2018-12-31,2018-12-31T01:00:00.000000+0100
31/12/2018,2,46.37,2018-12-31,2018-12-31T02:00:00.000000+0100
31/12/2018,3,43.77,2018-12-31,2018-12-31T03:00:00.000000+0100
31/12/2018,4,41.6,2018-12-31,2018-12-31T04:00:00.000000+0100
31/12/2018,5,41.65,2018-12-31,2018-12-31T05:00:00.000000+0100
31/12/2018,6,37.12,2018-12-31,2018-12-31T06:00:00.000000+0100
31/12/2018,7,35.101,2018-12-31,2018-12-31T07:00:00.000000+0100
31/12/2018,8,31.87,2018-12-31,2018-12-31T08:00:00.000000+0100
31/12/2018,9,31.81,2018-12-31,2018-12-31T09:00:00.000000+0100
31/12/2018,10,31.81,2018-12-31,2018-12-31T10:00:00.000000+0100
31/12/2018,11,34.54,2018-12-31,2018-12-31T11:00:00.000000+0100
31/12/2018,12,38.59,2018-12-31,2018-12-31T12:00:00.000000+0100
31/12/2018,13,41.02,2018-12-31,2018-12-31T13:00:00.000000+0100
31/12/2018,14,43.31,2018-12-31,2018-12-31T14:00:00.000000+0100
31/12/2018,15,43.9,2018-12-31,2018-12-31T15:00:00.000000+0100
31/12/2018,16,43.84,2018-12-31,2018-12-31T16:00:00.000000+0100
31/12/2018,17,43.46,2018-12-31,2018-12-31T17:00:00.000000+0100
31/12/2018,18,42.35,2018-12-31,2018-12-31T18:00:00.000000+0100
31/12/2018,19,43.48,2018-12-31,2018-12-31T19:00:00.000000+0100
31/12/2018,20,45.85,2018-12-31,2018-12-31T20:00:00.000000+0100
31/12/2018,21,50.25,2018-12-31,2018-12-31T21:00:00.000000+0100
31/12/2018,22,55.33,2018-12-31,2018-12-31T22:00:00.000000+0100
31/12/2018,23,56.78,2018-12-31,2018-12-31T23:00:00.000000+0100
31/12/2018,24,63.02,2018-12-31,2019-01-01T00:00:00.000000+0100
